Compilación iniciada a las 12/8/2026 07:46:31.
El nivel de detalle de registro está establecido en Detailed.     0>No se usó el terminal de Logger porque la salida se está redirigiendo a un archivo.
       Proceso: "C:\Program Files\dotnet\dotnet.exe"
       Ruta de acceso al ejecutable de MSBuild: "C:\Program Files\dotnet\sdk\10.0.302\MSBuild.exe"
       Argumentos de la línea de comandos: "C:\Program Files\dotnet\sdk\10.0.302\MSBuild.exe -maxcpucount --verbosity:m -tlp:default=auto --property:NuGetInteractive=false --restoreProperty:NuGetInteractive=false --restoreProperty:EnableDefaultCompileItems=false --restoreProperty:EnableDefaultEmbeddedResourceItems=false --restoreProperty:EnableDefaultNoneItems=false --nologo /clp:NoSummary /flp:SummaryOnly -consoleloggerparameters:Summary -restore -distributedlogger:Microsoft.DotNet.Cli.Commands.MSBuild.MSBuildLogger,C:\Program Files\dotnet\sdk\10.0.302\dotnet.dll*Microsoft.DotNet.Cli.Commands.MSBuild.MSBuildForwardingLogger,C:\Program Files\dotnet\sdk\10.0.302\dotnet.dll"
       Directorio actual: "D:\TEXNICA\ERP-API"
       Versión de MSBuild: "18.6.11+35b593beb"
       De acuerdo con la clave del Registro de Windows LongPathsEnabled, la característica LongPaths está habilitada.
       Según la clave del Registro de Windows VerifiedAndReputablePolicyState, estado SAC = 0: desactivado.
       D:\TEXNICA\ERP-API\ERP.Api.sln.metaproj : message : Propiedad "MSBuildExtensionsPath" con el valor "C:\Program Files\dotnet\sdk\10.0.302\" expandido desde el entorno.
       Ensamblado cargado durante Evaluation: System.Threading.Tasks.Parallel, Version=10.0.0.0, Culture=neutral, PublicKeyToken=b03f5f7f11d50a3a(ubicación: C:\Program Files\dotnet\shared\Microsoft.NETCore.App\10.0.10\System.Threading.Tasks.Parallel.dll, MVID: 4aae5473-05cc-4aa4-a919-d63a6bb66547, AssemblyLoadContext: Default)
       La propiedad "NuGetInteractive" es global y no se puede modificar.
       C:\Program Files\dotnet\sdk\10.0.302\NuGet.targets(125,5): message : Reasignación de propiedad: $(_GenerateRestoreGraphProjectEntryInputProperties)="
       C:\Program Files\dotnet\sdk\10.0.302\NuGet.targets(125,5): message :       ExcludeRestorePackageImports=true;
       C:\Program Files\dotnet\sdk\10.0.302\NuGet.targets(125,5): message :       _RestoreSolutionFileUsed=true;
       C:\Program Files\dotnet\sdk\10.0.302\NuGet.targets(125,5): message :       SolutionDir=D:\TEXNICA\ERP-API\;
       C:\Program Files\dotnet\sdk\10.0.302\NuGet.targets(125,5): message :       SolutionName=ERP.Api;
       C:\Program Files\dotnet\sdk\10.0.302\NuGet.targets(125,5): message :       SolutionFileName=ERP.Api.sln;
       C:\Program Files\dotnet\sdk\10.0.302\NuGet.targets(125,5): message :       SolutionPath=D:\TEXNICA\ERP-API\ERP.Api.sln;
       C:\Program Files\dotnet\sdk\10.0.302\NuGet.targets(125,5): message :       SolutionExt=.sln;
       C:\Program Files\dotnet\sdk\10.0.302\NuGet.targets(125,5): message :     " (valor anterior: "ExcludeRestorePackageImports=true") en C:\Program Files\dotnet\sdk\10.0.302\NuGet.targets (125,5)
       Ensamblado cargado durante Evaluation: System.Collections.NonGeneric, Version=10.0.0.0, Culture=neutral, PublicKeyToken=b03f5f7f11d50a3a(ubicación: C:\Program Files\dotnet\shared\Microsoft.NETCore.App\10.0.10\System.Collections.NonGeneric.dll, MVID: 40865248-f046-4986-a11b-0d4857ef5462, AssemblyLoadContext: Default)
       Ensamblado cargado durante Evaluation: System.Numerics.Vectors, Version=10.0.0.0, Culture=neutral, PublicKeyToken=b03f5f7f11d50a3a(ubicación: C:\Program Files\dotnet\shared\Microsoft.NETCore.App\10.0.10\System.Numerics.Vectors.dll, MVID: 8a7faa07-f208-42da-8de9-8ccbe13e6cd3, AssemblyLoadContext: Default)
       Invalidando el destino "Restore" del proyecto"D:\TEXNICA\ERP-API\ERP.Api.sln.metaproj" con el destino "Restore" del proyecto "C:\Program Files\dotnet\sdk\10.0.302\NuGet.targets".
       El destino "_MTPBuild" que aparece en un atributo BeforeTargets en "C:\Program Files\dotnet\sdk\10.0.302\Current\SolutionFile\ImportAfter\Microsoft.NET.Sdk.Solution.targets (24,11)" no existe en el proyecto y se omitirá.
       El destino "Store" que aparece en un atributo BeforeTargets en "C:\Program Files\dotnet\sdk\10.0.302\Current\SolutionFile\ImportAfter\Microsoft.NET.Sdk.Solution.targets (33,11)" no existe en el proyecto y se omitirá.
       El destino "VSTest" que aparece en un atributo BeforeTargets en "C:\Program Files\dotnet\sdk\10.0.302\Current\SolutionFile\ImportAfter\Microsoft.NET.Sdk.Solution.targets (33,11)" no existe en el proyecto y se omitirá.
       El destino "_MTPBuild" que aparece en un atributo BeforeTargets en "C:\Program Files\dotnet\sdk\10.0.302\Current\SolutionFile\ImportAfter\Microsoft.NET.Sdk.Solution.targets (33,11)" no existe en el proyecto y se omitirá.
       El destino "_CheckForInvalidConfigurationAndPlatform" que aparece en un atributo BeforeTargets en "C:\Program Files\dotnet\sdk\10.0.302\NuGet.targets (705,11)" no existe en el proyecto y se omitirá.
     1>Proyecto "D:\TEXNICA\ERP-API\ERP.Api.sln" en el nodo 1 (Restore destinos).
     1>Destino "ValidateSolutionConfiguration" en el archivo "D:\TEXNICA\ERP-API\ERP.Api.sln.metaproj" del proyecto "D:\TEXNICA\ERP-API\ERP.Api.sln" (punto de entrada):
     1>Usando la tarea "Message" del ensamblado "Microsoft.Build.Tasks.Core, Version=15.1.0.0, Culture=neutral, PublicKeyToken=b03f5f7f11d50a3a".
       Tarea "Message"
         Compilando la configuración de soluciones "Debug|Any CPU".
       Ejecución de la tarea "Message" terminada.
     1>Compilación terminada del destino "ValidateSolutionConfiguration" en el proyecto "ERP.Api.sln".
     1>Destino "ValidateToolsVersions" en el archivo "D:\TEXNICA\ERP-API\ERP.Api.sln.metaproj" del proyecto "D:\TEXNICA\ERP-API\ERP.Api.sln" (punto de entrada):
     1>Compilación terminada del destino "ValidateToolsVersions" en el proyecto "ERP.Api.sln".
     1>Destino "ValidateProjects" en el archivo "D:\TEXNICA\ERP-API\ERP.Api.sln.metaproj" del proyecto "D:\TEXNICA\ERP-API\ERP.Api.sln" (punto de entrada):
     1>Compilación terminada del destino "ValidateProjects" en el proyecto "ERP.Api.sln".
     1>Destino "_LoadRestoreGraphEntryPoints" en el archivo "C:\Program Files\dotnet\sdk\10.0.302\NuGet.targets" del proyecto "D:\TEXNICA\ERP-API\ERP.Api.sln" (el destino "_FilterRestoreGraphProjectInputItems" depende de él):
       Ensamblado cargado durante TaskRun: NuGet.Build.Tasks, Version=7.6.0.0, Culture=neutral, PublicKeyToken=31bf3856ad364e35(ubicación: C:\Program Files\dotnet\sdk\10.0.302\NuGet.Build.Tasks.dll, MVID: 7aa4e34d-a386-4e4e-8563-f305d4e5692d, AssemblyLoadContext: MSBuild plugin C:\Program Files\dotnet\sdk\10.0.302\NuGet.Build.Tasks.dll)
       Ensamblado cargado durante TaskRun: System.Reflection.Metadata, Version=10.0.0.0, Culture=neutral, PublicKeyToken=b03f5f7f11d50a3a(ubicación: C:\Program Files\dotnet\shared\Microsoft.NETCore.App\10.0.10\System.Reflection.Metadata.dll, MVID: ef1403e6-bb3c-4941-bb0c-0d714056a836, AssemblyLoadContext: Default)
       Ensamblado cargado durante TaskRun: NuGet.Common, Version=7.6.0.0, Culture=neutral, PublicKeyToken=31bf3856ad364e35(ubicación: C:\Program Files\dotnet\sdk\10.0.302\NuGet.Common.dll, MVID: 1834f060-ca6f-4d84-9849-933ab93b9af3, AssemblyLoadContext: MSBuild plugin C:\Program Files\dotnet\sdk\10.0.302\NuGet.Build.Tasks.dll)
       Ensamblado cargado durante TaskRun: NuGet.Commands, Version=7.6.0.0, Culture=neutral, PublicKeyToken=31bf3856ad364e35(ubicación: C:\Program Files\dotnet\sdk\10.0.302\NuGet.Commands.dll, MVID: c6c276ac-531f-4950-b440-4a2ebdb9467e, AssemblyLoadContext: MSBuild plugin C:\Program Files\dotnet\sdk\10.0.302\NuGet.Build.Tasks.dll)
       Ensamblado cargado durante TaskRun: NuGet.ProjectModel, Version=7.6.0.0, Culture=neutral, PublicKeyToken=31bf3856ad364e35(ubicación: C:\Program Files\dotnet\sdk\10.0.302\NuGet.ProjectModel.dll, MVID: 8002dc57-0cd1-405a-b5ba-1c4004e904e2, AssemblyLoadContext: MSBuild plugin C:\Program Files\dotnet\sdk\10.0.302\NuGet.Build.Tasks.dll)
       Usando la tarea "GetRestoreSolutionProjectsTask" del ensamblado "C:\Program Files\dotnet\sdk\10.0.302\NuGet.Build.Tasks.dll".
       Tarea "GetRestoreSolutionProjectsTask"
       Ejecución de la tarea "GetRestoreSolutionProjectsTask" terminada.
     1>Compilación terminada del destino "_LoadRestoreGraphEntryPoints" en el proyecto "ERP.Api.sln".
     1>Destino "_FilterRestoreGraphProjectInputItems" en el archivo "C:\Program Files\dotnet\sdk\10.0.302\NuGet.targets" del proyecto "D:\TEXNICA\ERP-API\ERP.Api.sln" (el destino "_GenerateRestoreGraph" depende de él):
       Usando la tarea "RemoveDuplicates" del ensamblado "Microsoft.Build.Tasks.Core, Version=15.1.0.0, Culture=neutral, PublicKeyToken=b03f5f7f11d50a3a".
       Tarea "RemoveDuplicates"
       Ejecución de la tarea "RemoveDuplicates" terminada.
       Usando la tarea "MSBuild" del ensamblado "Microsoft.Build.Tasks.Core, Version=15.1.0.0, Culture=neutral, PublicKeyToken=b03f5f7f11d50a3a".
       Tarea "MSBuild"
         Propiedades globales:
           ExcludeRestorePackageImports=true
           _RestoreSolutionFileUsed=true
           SolutionDir=D:\TEXNICA\ERP-API\
           SolutionName=ERP.Api
           SolutionFileName=ERP.Api.sln
           SolutionPath=D:\TEXNICA\ERP-API\ERP.Api.sln
           SolutionExt=.sln
         Propiedades adicionales del proyecto "D:\TEXNICA\ERP-API\ERP.Api\ERP.Api.csproj":
           Configuration=Debug
           Platform=AnyCPU
     0>El SDK "Microsoft.NET.Sdk.Web" se resolvió correctamente mediante el resolvedor "DefaultSdkResolver" a la ubicación "C:\Program Files\dotnet\sdk\10.0.302\Sdks\Microsoft.NET.Sdk.Web\Sdk" y la versión "".
       Ensamblado cargado durante Evaluation: NuGet.Frameworks, Version=7.6.0.0, Culture=neutral, PublicKeyToken=31bf3856ad364e35(ubicación: C:\Program Files\dotnet\sdk\10.0.302\NuGet.Frameworks.dll, MVID: c8b2514d-8266-46e2-97cf-2b258b56265b, AssemblyLoadContext: Assembly.LoadFile(C:\Program Files\dotnet\sdk\10.0.302\NuGet.Frameworks.dll))
       El SDK "Microsoft.NET.Sdk" se resolvió correctamente mediante el resolvedor "DefaultSdkResolver" a la ubicación "C:\Program Files\dotnet\sdk\10.0.302\Sdks\Microsoft.NET.Sdk\Sdk" y la versión "".
       C:\Program Files\dotnet\sdk\10.0.302\Sdks\Microsoft.NET.Sdk\Sdk\Sdk.props(49,11): message : Propiedad "MSBuildExtensionsPath" con el valor "C:\Program Files\dotnet\sdk\10.0.302\" expandido desde el entorno.
       C:\Program Files\dotnet\sdk\10.0.302\Current\Microsoft.Common.props(60,5): message : Reasignación de propiedad: $(MSBuildProjectExtensionsPath)="D:\TEXNICA\ERP-API\ERP.Api\obj\" (valor anterior: "obj\") en C:\Program Files\dotnet\sdk\10.0.302\Current\Microsoft.Common.props (60,5)
       C:\Program Files\dotnet\sdk\10.0.302\Current\Microsoft.Common.props(84,119): message : Propiedad "MSBuildUserExtensionsPath" con el valor "C:\Users\rm619\AppData\Local\Microsoft\MSBuild" expandido desde el entorno.
       La propiedad "Configuration" es global y no se puede modificar.
       La propiedad "Platform" es global y no se puede modificar.
       La propiedad "Configuration" es global y no se puede modificar.
       La propiedad "Platform" es global y no se puede modificar.
       C:\Program Files\dotnet\sdk\10.0.302\Sdks\Microsoft.NET.Sdk\targets\Microsoft.NET.Sdk.props(90,5): message : Reasignación de propiedad: $(AssemblySearchPaths)="{CandidateAssemblyFiles};{HintPathFromItem}" (valor anterior: "{CandidateAssemblyFiles}") en C:\Program Files\dotnet\sdk\10.0.302\Sdks\Microsoft.NET.Sdk\targets\Microsoft.NET.Sdk.props (90,5)
       C:\Program Files\dotnet\sdk\10.0.302\Sdks\Microsoft.NET.Sdk\targets\Microsoft.NET.Sdk.props(91,5): message : Reasignación de propiedad: $(AssemblySearchPaths)="{CandidateAssemblyFiles};{HintPathFromItem};{TargetFrameworkDirectory}" (valor anterior: "{CandidateAssemblyFiles};{HintPathFromItem}") en C:\Program Files\dotnet\sdk\10.0.302\Sdks\Microsoft.NET.Sdk\targets\Microsoft.NET.Sdk.props (91,5)
       C:\Program Files\dotnet\sdk\10.0.302\Sdks\Microsoft.NET.Sdk\targets\Microsoft.NET.Sdk.props(92,5): message : Reasignación de propiedad: $(AssemblySearchPaths)="{CandidateAssemblyFiles};{HintPathFromItem};{TargetFrameworkDirectory};{RawFileName}" (valor anterior: "{CandidateAssemblyFiles};{HintPathFromItem};{TargetFrameworkDirectory}") en C:\Program Files\dotnet\sdk\10.0.302\Sdks\Microsoft.NET.Sdk\targets\Microsoft.NET.Sdk.props (92,5)
       El resolvedor "DefaultSdkResolver" intentó resolver el SDK "Microsoft.NET.SDK.WorkloadAutoImportPropsLocator".
       Advertencias: null
       Errores: MSB4276: La resolución predeterminada del SDK no pudo resolver el SDK "Microsoft.NET.SDK.WorkloadAutoImportPropsLocator" porque el directorio "C:\Program Files\dotnet\sdk\10.0.302\Sdks\Microsoft.NET.SDK.WorkloadAutoImportPropsLocator\Sdk" no existía.
       Ensamblado cargado durante Evaluation: Microsoft.Build.NuGetSdkResolver, Version=7.6.0.0, Culture=neutral, PublicKeyToken=31bf3856ad364e35(ubicación: C:\Program Files\dotnet\sdk\10.0.302\Microsoft.Build.NuGetSdkResolver.dll, MVID: 44bc404e-9d02-4f26-9411-637d67de0ddf, AssemblyLoadContext: MSBuild plugin C:\Program Files\dotnet\sdk\10.0.302\Microsoft.Build.NuGetSdkResolver.dll)
       Ensamblado cargado durante Evaluation: NuGet.Common, Version=7.6.0.0, Culture=neutral, PublicKeyToken=31bf3856ad364e35(ubicación: C:\Program Files\dotnet\sdk\10.0.302\NuGet.Common.dll, MVID: 1834f060-ca6f-4d84-9849-933ab93b9af3, AssemblyLoadContext: MSBuild plugin C:\Program Files\dotnet\sdk\10.0.302\Microsoft.Build.NuGetSdkResolver.dll)
       Ensamblado cargado durante Evaluation: Microsoft.NET.Sdk.WorkloadMSBuildSdkResolver, Version=10.0.302.0, Culture=neutral, PublicKeyToken=31bf3856ad364e35(ubicación: C:\Program Files\dotnet\sdk\10.0.302\Microsoft.NET.Sdk.WorkloadMSBuildSdkResolver.dll, MVID: 61535bd2-2866-4821-8a56-0e00b031edc9, AssemblyLoadContext: MSBuild plugin C:\Program Files\dotnet\sdk\10.0.302\Microsoft.NET.Sdk.WorkloadMSBuildSdkResolver.dll)
       Ensamblado cargado durante Evaluation: Microsoft.DotNet.Cli.CoreUtils, Version=10.0.302.0, Culture=neutral, PublicKeyToken=adb9793829ddae60(ubicación: C:\Program Files\dotnet\sdk\10.0.302\Microsoft.DotNet.Cli.CoreUtils.dll, MVID: 1fc3727a-7306-4903-880f-dd852c6499b6, AssemblyLoadContext: MSBuild plugin C:\Program Files\dotnet\sdk\10.0.302\Microsoft.NET.Sdk.WorkloadMSBuildSdkResolver.dll)
       Ensamblado cargado durante Evaluation: Microsoft.NET.Sdk.WorkloadManifestReader, Version=10.0.302.0, Culture=neutral, PublicKeyToken=adb9793829ddae60(ubicación: C:\Program Files\dotnet\sdk\10.0.302\Microsoft.NET.Sdk.WorkloadManifestReader.dll, MVID: 7c426b3a-37f3-413f-8c4e-6c2acbdeba53, AssemblyLoadContext: MSBuild plugin C:\Program Files\dotnet\sdk\10.0.302\Microsoft.NET.Sdk.WorkloadMSBuildSdkResolver.dll)
       Ensamblado cargado durante Evaluation: Microsoft.Deployment.DotNet.Releases, Version=2.0.0.0, Culture=neutral, PublicKeyToken=31bf3856ad364e35(ubicación: C:\Program Files\dotnet\sdk\10.0.302\Microsoft.Deployment.DotNet.Releases.dll, MVID: 2c0d9534-e211-4d4d-9419-0799af0445a8, AssemblyLoadContext: MSBuild plugin C:\Program Files\dotnet\sdk\10.0.302\Microsoft.NET.Sdk.WorkloadMSBuildSdkResolver.dll)
       El SDK "Microsoft.NET.SDK.WorkloadAutoImportPropsLocator" se resolvió correctamente mediante el resolvedor "Microsoft.DotNet.MSBuildWorkloadSdkResolver" a la ubicación "C:\Program Files\dotnet\packs\Microsoft.iOS.Sdk.net9.0_18.0\18.0.9617\Sdk" y la versión "null".
       El SDK "Microsoft.NET.Sdk.Razor" se resolvió correctamente mediante el resolvedor "DefaultSdkResolver" a la ubicación "C:\Program Files\dotnet\sdk\10.0.302\Sdks\Microsoft.NET.Sdk.Razor\Sdk" y la versión "".
       El SDK "Microsoft.NET.Sdk.StaticWebAssets" se resolvió correctamente mediante el resolvedor "DefaultSdkResolver" a la ubicación "C:\Program Files\dotnet\sdk\10.0.302\Sdks\Microsoft.NET.Sdk.StaticWebAssets\Sdk" y la versión "".
       C:\Program Files\dotnet\sdk\10.0.302\Sdks\Microsoft.NET.Sdk.StaticWebAssets\Sdk\Sdk.StaticWebAssets.StaticAssets.ProjectSystem.props(23,5): message : Reasignación de propiedad: $(DefaultItemExcludes)=";**\node_modules\**;node_modules\**;**\jspm_packages\**;jspm_packages\**" (valor anterior: ";**\node_modules\**;node_modules\**") en C:\Program Files\dotnet\sdk\10.0.302\Sdks\Microsoft.NET.Sdk.StaticWebAssets\Sdk\Sdk.StaticWebAssets.StaticAssets.ProjectSystem.props (23,5)
       C:\Program Files\dotnet\sdk\10.0.302\Sdks\Microsoft.NET.Sdk.StaticWebAssets\Sdk\Sdk.StaticWebAssets.StaticAssets.ProjectSystem.props(24,5): message : Reasignación de propiedad: $(DefaultItemExcludes)=";**\node_modules\**;node_modules\**;**\jspm_packages\**;jspm_packages\**;**\bower_components\**;bower_components\**" (valor anterior: ";**\node_modules\**;node_modules\**;**\jspm_packages\**;jspm_packages\**") en C:\Program Files\dotnet\sdk\10.0.302\Sdks\Microsoft.NET.Sdk.StaticWebAssets\Sdk\Sdk.StaticWebAssets.StaticAssets.ProjectSystem.props (24,5)
       C:\Program Files\dotnet\sdk\10.0.302\Sdks\Microsoft.NET.Sdk.StaticWebAssets\Sdk\Sdk.StaticWebAssets.StaticAssets.ProjectSystem.props(25,5): message : Reasignación de propiedad: $(DefaultItemExcludes)=";**\node_modules\**;node_modules\**;**\jspm_packages\**;jspm_packages\**;**\bower_components\**;bower_components\**;**\packages.lock.json" (valor anterior: ";**\node_modules\**;node_modules\**;**\jspm_packages\**;jspm_packages\**;**\bower_components\**;bower_components\**") en C:\Program Files\dotnet\sdk\10.0.302\Sdks\Microsoft.NET.Sdk.StaticWebAssets\Sdk\Sdk.StaticWebAssets.StaticAssets.ProjectSystem.props (25,5)
       El SDK "Microsoft.NET.Sdk.Web.ProjectSystem" se resolvió correctamente mediante el resolvedor "DefaultSdkResolver" a la ubicación "C:\Program Files\dotnet\sdk\10.0.302\Sdks\Microsoft.NET.Sdk.Web.ProjectSystem\Sdk" y la versión "".
       C:\Program Files\dotnet\sdk\10.0.302\Sdks\Microsoft.NET.Sdk.Web.ProjectSystem\targets\Microsoft.NET.Sdk.Web.ProjectSystem.props(16,5): message : Reasignación de propiedad: $(OutputType)="Exe" (valor anterior: "Library") en C:\Program Files\dotnet\sdk\10.0.302\Sdks\Microsoft.NET.Sdk.Web.ProjectSystem\targets\Microsoft.NET.Sdk.Web.ProjectSystem.props (16,5)
       El SDK "Microsoft.NET.Sdk.Publish" se resolvió correctamente mediante el resolvedor "DefaultSdkResolver" a la ubicación "C:\Program Files\dotnet\sdk\10.0.302\Sdks\Microsoft.NET.Sdk.Publish\Sdk" y la versión "".
       La propiedad "Configuration" es global y no se puede modificar.
       La propiedad "Platform" es global y no se puede modificar.
       C:\Program Files\dotnet\sdk\10.0.302\Sdks\Microsoft.NET.Sdk\targets\Microsoft.NET.Sdk.ImportPublishProfile.targets(28,5): message : Reasignación de propiedad: $(PublishProfileImported)="false" (valor anterior: "true") en C:\Program Files\dotnet\sdk\10.0.302\Sdks\Microsoft.NET.Sdk\targets\Microsoft.NET.Sdk.ImportPublishProfile.targets (28,5)
       C:\Program Files\dotnet\sdk\10.0.302\Sdks\Microsoft.NET.Sdk\targets\Microsoft.NET.TargetFrameworkInference.targets(81,5): message : Reasignación de propiedad: $(TargetPlatformVersion)="" (valor anterior: "0.0") en C:\Program Files\dotnet\sdk\10.0.302\Sdks\Microsoft.NET.Sdk\targets\Microsoft.NET.TargetFrameworkInference.targets (81,5)
       C:\Program Files\dotnet\sdk\10.0.302\Sdks\Microsoft.NET.Sdk\targets\Microsoft.NET.DefaultOutputPaths.targets(126,5): message : Reasignación de propiedad: $(DefaultItemExcludes)=";**\node_modules\**;node_modules\**;**\jspm_packages\**;jspm_packages\**;**\bower_components\**;bower_components\**;**\packages.lock.json;bin\Debug\/**" (valor anterior: ";**\node_modules\**;node_modules\**;**\jspm_packages\**;jspm_packages\**;**\bower_components\**;bower_components\**;**\packages.lock.json") en C:\Program Files\dotnet\sdk\10.0.302\Sdks\Microsoft.NET.Sdk\targets\Microsoft.NET.DefaultOutputPaths.targets (126,5)
       C:\Program Files\dotnet\sdk\10.0.302\Sdks\Microsoft.NET.Sdk\targets\Microsoft.NET.DefaultOutputPaths.targets(127,5): message : Reasignación de propiedad: $(DefaultItemExcludes)=";**\node_modules\**;node_modules\**;**\jspm_packages\**;jspm_packages\**;**\bower_components\**;bower_components\**;**\packages.lock.json;bin\Debug\/**;obj\Debug\/**" (valor anterior: ";**\node_modules\**;node_modules\**;**\jspm_packages\**;jspm_packages\**;**\bower_components\**;bower_components\**;**\packages.lock.json;bin\Debug\/**") en C:\Program Files\dotnet\sdk\10.0.302\Sdks\Microsoft.NET.Sdk\targets\Microsoft.NET.DefaultOutputPaths.targets (127,5)
       C:\Program Files\dotnet\sdk\10.0.302\Sdks\Microsoft.NET.Sdk\targets\Microsoft.NET.DefaultOutputPaths.targets(142,5): message : Reasignación de propiedad: $(OutputPath)="bin\Debug\net9.0\" (valor anterior: "bin\Debug\") en C:\Program Files\dotnet\sdk\10.0.302\Sdks\Microsoft.NET.Sdk\targets\Microsoft.NET.DefaultOutputPaths.targets (142,5)
       C:\Program Files\dotnet\sdk\10.0.302\Sdks\Microsoft.NET.Sdk\targets\Microsoft.NET.DefaultOutputPaths.targets(147,5): message : Reasignación de propiedad: $(IntermediateOutputPath)="obj\Debug\net9.0\" (valor anterior: "obj\Debug\") en C:\Program Files\dotnet\sdk\10.0.302\Sdks\Microsoft.NET.Sdk\targets\Microsoft.NET.DefaultOutputPaths.targets (147,5)
       El resolvedor "DefaultSdkResolver" intentó resolver el SDK "Microsoft.NET.SDK.WorkloadManifestTargetsLocator".
       Advertencias: null
       Errores: MSB4276: La resolución predeterminada del SDK no pudo resolver el SDK "Microsoft.NET.SDK.WorkloadManifestTargetsLocator" porque el directorio "C:\Program Files\dotnet\sdk\10.0.302\Sdks\Microsoft.NET.SDK.WorkloadManifestTargetsLocator\Sdk" no existía.
       El SDK "Microsoft.NET.SDK.WorkloadManifestTargetsLocator" se resolvió correctamente mediante el resolvedor "Microsoft.DotNet.MSBuildWorkloadSdkResolver" a la ubicación "C:\Program Files\dotnet\sdk-manifests\10.0.100\microsoft.net.sdk.android\36.1.2" y la versión "null".
       C:\Program Files\dotnet\sdk\10.0.302\Sdks\Microsoft.NET.Sdk\targets\Microsoft.NET.Sdk.BeforeCommon.targets(379,5): message : Reasignación de propiedad: $(RoslynTargetsPath)="C:\Program Files\dotnet\sdk\10.0.302\Sdks\Microsoft.NET.Sdk\targets\..\..\..\Roslyn" (valor anterior: "C:\Program Files\dotnet\sdk\10.0.302\Roslyn") en C:\Program Files\dotnet\sdk\10.0.302\Sdks\Microsoft.NET.Sdk\targets\Microsoft.NET.Sdk.BeforeCommon.targets (379,5)
       C:\Program Files\dotnet\sdk\10.0.302\Roslyn\Microsoft.Managed.Core.targets(6,5): message : Reasignación de propiedad: $(_BuildTasksDirectory)="C:\Program Files\dotnet\sdk\10.0.302\Sdks\Microsoft.NET.Sdk\targets\..\..\..\Roslyn\" (valor anterior: "C:\Program Files\dotnet\sdk\10.0.302\Roslyn\") en C:\Program Files\dotnet\sdk\10.0.302\Roslyn\Microsoft.Managed.Core.targets (6,5)
       C:\Program Files\dotnet\sdk\10.0.302\Roslyn\Microsoft.CSharp.Core.targets(213,5): message : Reasignación de propiedad: $(CommandLineArgsForDesignTimeEvaluation)="-langversion:13.0 -define:TRACE" (valor anterior: "-langversion:13.0") en C:\Program Files\dotnet\sdk\10.0.302\Roslyn\Microsoft.CSharp.Core.targets (213,5)
       La propiedad "Platform" es global y no se puede modificar.
       La propiedad "Configuration" es global y no se puede modificar.
       C:\Program Files\dotnet\sdk\10.0.302\Microsoft.Common.CurrentVersion.targets(175,5): message : Reasignación de propiedad: $(_DebugSymbolsProduced)="true" (valor anterior: "false") en C:\Program Files\dotnet\sdk\10.0.302\Microsoft.Common.CurrentVersion.targets (175,5)
       C:\Program Files\dotnet\sdk\10.0.302\Microsoft.Common.CurrentVersion.targets(185,5): message : Reasignación de propiedad: $(_DocumentationFileProduced)="false" (valor anterior: "true") en C:\Program Files\dotnet\sdk\10.0.302\Microsoft.Common.CurrentVersion.targets (185,5)
       La propiedad "SolutionName" es global y no se puede modificar.
       La propiedad "SolutionFileName" es global y no se puede modificar.
       La propiedad "SolutionPath" es global y no se puede modificar.
       La propiedad "SolutionDir" es global y no se puede modificar.
       La propiedad "SolutionExt" es global y no se puede modificar.
       C:\Program Files\dotnet\sdk\10.0.302\Microsoft.Common.CurrentVersion.targets(393,5): message : Reasignación de propiedad: $(MSBuildCopyMarkerName)="ERP.Api.csproj.Up2Date" (valor anterior: "ERP.Api.csproj") en C:\Program Files\dotnet\sdk\10.0.302\Microsoft.Common.CurrentVersion.targets (393,5)
       C:\Program Files\dotnet\sdk\10.0.302\Microsoft.Common.CurrentVersion.targets(541,5): message : Reasignación de propiedad: $(ProcessorArchitecture)="msil" (valor anterior: "") en C:\Program Files\dotnet\sdk\10.0.302\Microsoft.Common.CurrentVersion.targets (541,5)
       C:\Program Files\dotnet\sdk\10.0.302\Microsoft.Common.CurrentVersion.targets(580,5): message : Reasignación de propiedad: $(DelaySign)="" (valor anterior: "false") en C:\Program Files\dotnet\sdk\10.0.302\Microsoft.Common.CurrentVersion.targets (580,5)
       C:\Program Files\dotnet\sdk\10.0.302\Microsoft.Common.CurrentVersion.targets(2622,5): message : Propiedad "LOCALAPPDATA" con el valor "C:\Users\rm619\AppData\Local" expandido desde el entorno.
       C:\Program Files\dotnet\sdk\10.0.302\Microsoft.Common.CurrentVersion.targets(3950,5): message : Reasignación de propiedad: $(_SGenGenerateSerializationAssembliesConfig)="Auto" (valor anterior: "") en C:\Program Files\dotnet\sdk\10.0.302\Microsoft.Common.CurrentVersion.targets (3950,5)
       C:\Program Files\dotnet\sdk\10.0.302\Microsoft.Common.CurrentVersion.targets(3951,5): message : Reasignación de propiedad: $(_SGenGenerateSerializationAssembliesConfig)="Off" (valor anterior: "Auto") en C:\Program Files\dotnet\sdk\10.0.302\Microsoft.Common.CurrentVersion.targets (3951,5)
       C:\Program Files\dotnet\sdk\10.0.302\Microsoft.Common.CurrentVersion.targets(5162,5): message : Reasignación de propiedad: $(_TargetsThatPrepareProjectReferences)="
       C:\Program Files\dotnet\sdk\10.0.302\Microsoft.Common.CurrentVersion.targets(5162,5): message :       AssignProjectConfiguration;
       C:\Program Files\dotnet\sdk\10.0.302\Microsoft.Common.CurrentVersion.targets(5162,5): message :       _SplitProjectReferencesByFileExistence
       C:\Program Files\dotnet\sdk\10.0.302\Microsoft.Common.CurrentVersion.targets(5162,5): message :     " (valor anterior: "_SplitProjectReferencesByFileExistence") en C:\Program Files\dotnet\sdk\10.0.302\Microsoft.Common.CurrentVersion.targets (5162,5)
       C:\Program Files\dotnet\sdk\10.0.302\Microsoft.Common.CurrentVersion.targets(6975,5): message : Propiedad "MSBuildExtensionsPath32" con el valor "C:\Program Files\dotnet\sdk\10.0.302" expandido desde el entorno.
       La propiedad "_RestoreSolutionFileUsed" es global y no se puede modificar.
       La propiedad "NuGetInteractive" es global y no se puede modificar.
       C:\Program Files\dotnet\sdk\10.0.302\NuGet.targets(125,5): message : Reasignación de propiedad: $(_GenerateRestoreGraphProjectEntryInputProperties)="
       C:\Program Files\dotnet\sdk\10.0.302\NuGet.targets(125,5): message :       ExcludeRestorePackageImports=true;
       C:\Program Files\dotnet\sdk\10.0.302\NuGet.targets(125,5): message :       _RestoreSolutionFileUsed=true;
       C:\Program Files\dotnet\sdk\10.0.302\NuGet.targets(125,5): message :       SolutionDir=D:\TEXNICA\ERP-API\;
       C:\Program Files\dotnet\sdk\10.0.302\NuGet.targets(125,5): message :       SolutionName=ERP.Api;
       C:\Program Files\dotnet\sdk\10.0.302\NuGet.targets(125,5): message :       SolutionFileName=ERP.Api.sln;
       C:\Program Files\dotnet\sdk\10.0.302\NuGet.targets(125,5): message :       SolutionPath=D:\TEXNICA\ERP-API\ERP.Api.sln;
       C:\Program Files\dotnet\sdk\10.0.302\NuGet.targets(125,5): message :       SolutionExt=.sln;
       C:\Program Files\dotnet\sdk\10.0.302\NuGet.targets(125,5): message :     " (valor anterior: "ExcludeRestorePackageImports=true") en C:\Program Files\dotnet\sdk\10.0.302\NuGet.targets (125,5)
       C:\Program Files\dotnet\sdk\10.0.302\Sdks\Microsoft.NET.Sdk\targets\Microsoft.PackageDependencyResolution.targets(24,5): message : Reasignación de propiedad: $(ProjectAssetsFile)="D:\TEXNICA\ERP-API\ERP.Api\obj\project.assets.json" (valor anterior: "D:\TEXNICA\ERP-API\ERP.Api\obj\/project.assets.json") en C:\Program Files\dotnet\sdk\10.0.302\Sdks\Microsoft.NET.Sdk\targets\Microsoft.PackageDependencyResolution.targets (24,5)
       C:\Program Files\dotnet\sdk\10.0.302\Sdks\Microsoft.NET.Sdk\targets\Microsoft.PackageDependencyResolution.targets(29,5): message : Reasignación de propiedad: $(ProjectAssetsCacheFile)="D:\TEXNICA\ERP-API\ERP.Api\obj\Debug\net9.0\ERP.Api.assets.cache" (valor anterior: "obj\Debug\net9.0\ERP.Api.assets.cache") en C:\Program Files\dotnet\sdk\10.0.302\Sdks\Microsoft.NET.Sdk\targets\Microsoft.PackageDependencyResolution.targets (29,5)
       C:\Program Files\dotnet\sdk\10.0.302\Sdks\Microsoft.NET.Sdk\targets\Microsoft.PackageDependencyResolution.targets(80,5): message : Reasignación de propiedad: $(ResolveAssemblyReferencesDependsOn)="
       C:\Program Files\dotnet\sdk\10.0.302\Sdks\Microsoft.NET.Sdk\targets\Microsoft.PackageDependencyResolution.targets(80,5): message :       
       C:\Program Files\dotnet\sdk\10.0.302\Sdks\Microsoft.NET.Sdk\targets\Microsoft.PackageDependencyResolution.targets(80,5): message :       ResolveProjectReferences;
       C:\Program Files\dotnet\sdk\10.0.302\Sdks\Microsoft.NET.Sdk\targets\Microsoft.PackageDependencyResolution.targets(80,5): message :       FindInvalidProjectReferences;
       C:\Program Files\dotnet\sdk\10.0.302\Sdks\Microsoft.NET.Sdk\targets\Microsoft.PackageDependencyResolution.targets(80,5): message :       GetFrameworkPaths;
       C:\Program Files\dotnet\sdk\10.0.302\Sdks\Microsoft.NET.Sdk\targets\Microsoft.PackageDependencyResolution.targets(80,5): message :       GetReferenceAssemblyPaths;
       C:\Program Files\dotnet\sdk\10.0.302\Sdks\Microsoft.NET.Sdk\targets\Microsoft.PackageDependencyResolution.targets(80,5): message :       PrepareForBuild;
       C:\Program Files\dotnet\sdk\10.0.302\Sdks\Microsoft.NET.Sdk\targets\Microsoft.PackageDependencyResolution.targets(80,5): message :       ResolveSDKReferences;
       C:\Program Files\dotnet\sdk\10.0.302\Sdks\Microsoft.NET.Sdk\targets\Microsoft.PackageDependencyResolution.targets(80,5): message :       ExpandSDKReferences;
       C:\Program Files\dotnet\sdk\10.0.302\Sdks\Microsoft.NET.Sdk\targets\Microsoft.PackageDependencyResolution.targets(80,5): message :     ;
       C:\Program Files\dotnet\sdk\10.0.302\Sdks\Microsoft.NET.Sdk\targets\Microsoft.PackageDependencyResolution.targets(80,5): message :       ResolvePackageDependenciesForBuild;
       C:\Program Files\dotnet\sdk\10.0.302\Sdks\Microsoft.NET.Sdk\targets\Microsoft.PackageDependencyResolution.targets(80,5): message :       _HandlePackageFileConflicts;
       C:\Program Files\dotnet\sdk\10.0.302\Sdks\Microsoft.NET.Sdk\targets\Microsoft.PackageDependencyResolution.targets(80,5): message :     " (valor anterior: "
       C:\Program Files\dotnet\sdk\10.0.302\Sdks\Microsoft.NET.Sdk\targets\Microsoft.PackageDependencyResolution.targets(80,5): message :       ResolveProjectReferences;
       C:\Program Files\dotnet\sdk\10.0.302\Sdks\Microsoft.NET.Sdk\targets\Microsoft.PackageDependencyResolution.targets(80,5): message :       FindInvalidProjectReferences;
       C:\Program Files\dotnet\sdk\10.0.302\Sdks\Microsoft.NET.Sdk\targets\Microsoft.PackageDependencyResolution.targets(80,5): message :       GetFrameworkPaths;
       C:\Program Files\dotnet\sdk\10.0.302\Sdks\Microsoft.NET.Sdk\targets\Microsoft.PackageDependencyResolution.targets(80,5): message :       GetReferenceAssemblyPaths;
       C:\Program Files\dotnet\sdk\10.0.302\Sdks\Microsoft.NET.Sdk\targets\Microsoft.PackageDependencyResolution.targets(80,5): message :       PrepareForBuild;
       C:\Program Files\dotnet\sdk\10.0.302\Sdks\Microsoft.NET.Sdk\targets\Microsoft.PackageDependencyResolution.targets(80,5): message :       ResolveSDKReferences;
       C:\Program Files\dotnet\sdk\10.0.302\Sdks\Microsoft.NET.Sdk\targets\Microsoft.PackageDependencyResolution.targets(80,5): message :       ExpandSDKReferences;
       C:\Program Files\dotnet\sdk\10.0.302\Sdks\Microsoft.NET.Sdk\targets\Microsoft.PackageDependencyResolution.targets(80,5): message :     ") en C:\Program Files\dotnet\sdk\10.0.302\Sdks\Microsoft.NET.Sdk\targets\Microsoft.PackageDependencyResolution.targets (80,5)
       C:\Program Files\dotnet\sdk\10.0.302\Sdks\Microsoft.NET.Sdk\targets\Microsoft.PackageDependencyResolution.targets(86,5): message : Reasignación de propiedad: $(PrepareResourcesDependsOn)="
       C:\Program Files\dotnet\sdk\10.0.302\Sdks\Microsoft.NET.Sdk\targets\Microsoft.PackageDependencyResolution.targets(86,5): message :       ResolvePackageDependenciesForBuild;
       C:\Program Files\dotnet\sdk\10.0.302\Sdks\Microsoft.NET.Sdk\targets\Microsoft.PackageDependencyResolution.targets(86,5): message :       _HandlePackageFileConflicts;
       C:\Program Files\dotnet\sdk\10.0.302\Sdks\Microsoft.NET.Sdk\targets\Microsoft.PackageDependencyResolution.targets(86,5): message :       
       C:\Program Files\dotnet\sdk\10.0.302\Sdks\Microsoft.NET.Sdk\targets\Microsoft.PackageDependencyResolution.targets(86,5): message :       ;
       C:\Program Files\dotnet\sdk\10.0.302\Sdks\Microsoft.NET.Sdk\targets\Microsoft.PackageDependencyResolution.targets(86,5): message :       PrepareResourceNames;
       C:\Program Files\dotnet\sdk\10.0.302\Sdks\Microsoft.NET.Sdk\targets\Microsoft.PackageDependencyResolution.targets(86,5): message :       ResGen;
       C:\Program Files\dotnet\sdk\10.0.302\Sdks\Microsoft.NET.Sdk\targets\Microsoft.PackageDependencyResolution.targets(86,5): message :       CompileLicxFiles
       C:\Program Files\dotnet\sdk\10.0.302\Sdks\Microsoft.NET.Sdk\targets\Microsoft.PackageDependencyResolution.targets(86,5): message :     
       C:\Program Files\dotnet\sdk\10.0.302\Sdks\Microsoft.NET.Sdk\targets\Microsoft.PackageDependencyResolution.targets(86,5): message :     " (valor anterior: "
       C:\Program Files\dotnet\sdk\10.0.302\Sdks\Microsoft.NET.Sdk\targets\Microsoft.PackageDependencyResolution.targets(86,5): message :       ;
       C:\Program Files\dotnet\sdk\10.0.302\Sdks\Microsoft.NET.Sdk\targets\Microsoft.PackageDependencyResolution.targets(86,5): message :       PrepareResourceNames;
       C:\Program Files\dotnet\sdk\10.0.302\Sdks\Microsoft.NET.Sdk\targets\Microsoft.PackageDependencyResolution.targets(86,5): message :       ResGen;
       C:\Program Files\dotnet\sdk\10.0.302\Sdks\Microsoft.NET.Sdk\targets\Microsoft.PackageDependencyResolution.targets(86,5): message :       CompileLicxFiles
       C:\Program Files\dotnet\sdk\10.0.302\Sdks\Microsoft.NET.Sdk\targets\Microsoft.PackageDependencyResolution.targets(86,5): message :     ") en C:\Program Files\dotnet\sdk\10.0.302\Sdks\Microsoft.NET.Sdk\targets\Microsoft.PackageDependencyResolution.targets (86,5)
       La propiedad "EnableDefaultCompileItems" es global y no se puede modificar.
       La propiedad "EnableDefaultEmbeddedResourceItems" es global y no se puede modificar.
       La propiedad "EnableDefaultNoneItems" es global y no se puede modificar.
       C:\Program Files\dotnet\sdk\10.0.302\Sdks\Microsoft.NET.Sdk\targets\Microsoft.NET.Sdk.DefaultItems.targets(35,5): message : Reasignación de propiedad: $(DefaultItemExcludes)=";**\node_modules\**;node_modules\**;**\jspm_packages\**;jspm_packages\**;**\bower_components\**;bower_components\**;**\packages.lock.json;bin\Debug\/**;obj\Debug\/**;bin\/**" (valor anterior: ";**\node_modules\**;node_modules\**;**\jspm_packages\**;jspm_packages\**;**\bower_components\**;bower_components\**;**\packages.lock.json;bin\Debug\/**;obj\Debug\/**") en C:\Program Files\dotnet\sdk\10.0.302\Sdks\Microsoft.NET.Sdk\targets\Microsoft.NET.Sdk.DefaultItems.targets (35,5)
       C:\Program Files\dotnet\sdk\10.0.302\Sdks\Microsoft.NET.Sdk\targets\Microsoft.NET.Sdk.DefaultItems.targets(37,5): message : Reasignación de propiedad: $(DefaultItemExcludes)=";**\node_modules\**;node_modules\**;**\jspm_packages\**;jspm_packages\**;**\bower_components\**;bower_components\**;**\packages.lock.json;bin\Debug\/**;obj\Debug\/**;bin\/**;obj\/**" (valor anterior: ";**\node_modules\**;node_modules\**;**\jspm_packages\**;jspm_packages\**;**\bower_components\**;bower_components\**;**\packages.lock.json;bin\Debug\/**;obj\Debug\/**;bin\/**") en C:\Program Files\dotnet\sdk\10.0.302\Sdks\Microsoft.NET.Sdk\targets\Microsoft.NET.Sdk.DefaultItems.targets (37,5)
       C:\Program Files\dotnet\sdk\10.0.302\Sdks\Microsoft.NET.Sdk\targets\Microsoft.NET.Sdk.DefaultItems.targets(41,5): message : Reasignación de propiedad: $(DefaultItemExcludes)=";**\node_modules\**;node_modules\**;**\jspm_packages\**;jspm_packages\**;**\bower_components\**;bower_components\**;**\packages.lock.json;bin\Debug\/**;obj\Debug\/**;bin\/**;obj\/**;bin\Debug\net9.0\publish\/**" (valor anterior: ";**\node_modules\**;node_modules\**;**\jspm_packages\**;jspm_packages\**;**\bower_components\**;bower_components\**;**\packages.lock.json;bin\Debug\/**;obj\Debug\/**;bin\/**;obj\/**") en C:\Program Files\dotnet\sdk\10.0.302\Sdks\Microsoft.NET.Sdk\targets\Microsoft.NET.Sdk.DefaultItems.targets (41,5)
       C:\Program Files\dotnet\sdk\10.0.302\Sdks\Microsoft.NET.Sdk\targets\Microsoft.NET.Sdk.DefaultItems.targets(44,5): message : Reasignación de propiedad: $(DefaultItemExcludes)=";**\node_modules\**;node_modules\**;**\jspm_packages\**;jspm_packages\**;**\bower_components\**;bower_components\**;**\packages.lock.json;bin\Debug\/**;obj\Debug\/**;bin\/**;obj\/**;bin\Debug\net9.0\publish\/**;**/*.user" (valor anterior: ";**\node_modules\**;node_modules\**;**\jspm_packages\**;jspm_packages\**;**\bower_components\**;bower_components\**;**\packages.lock.json;bin\Debug\/**;obj\Debug\/**;bin\/**;obj\/**;bin\Debug\net9.0\publish\/**") en C:\Program Files\dotnet\sdk\10.0.302\Sdks\Microsoft.NET.Sdk\targets\Microsoft.NET.Sdk.DefaultItems.targets (44,5)
       C:\Program Files\dotnet\sdk\10.0.302\Sdks\Microsoft.NET.Sdk\targets\Microsoft.NET.Sdk.DefaultItems.targets(45,5): message : Reasignación de propiedad: $(DefaultItemExcludes)=";**\node_modules\**;node_modules\**;**\jspm_packages\**;jspm_packages\**;**\bower_components\**;bower_components\**;**\packages.lock.json;bin\Debug\/**;obj\Debug\/**;bin\/**;obj\/**;bin\Debug\net9.0\publish\/**;**/*.user;**/*.*proj" (valor anterior: ";**\node_modules\**;node_modules\**;**\jspm_packages\**;jspm_packages\**;**\bower_components\**;bower_components\**;**\packages.lock.json;bin\Debug\/**;obj\Debug\/**;bin\/**;obj\/**;bin\Debug\net9.0\publish\/**;**/*.user") en C:\Program Files\dotnet\sdk\10.0.302\Sdks\Microsoft.NET.Sdk\targets\Microsoft.NET.Sdk.DefaultItems.targets (45,5)
       C:\Program Files\dotnet\sdk\10.0.302\Sdks\Microsoft.NET.Sdk\targets\Microsoft.NET.Sdk.DefaultItems.targets(46,5): message : Reasignación de propiedad: $(DefaultItemExcludes)=";**\node_modules\**;node_modules\**;**\jspm_packages\**;jspm_packages\**;**\bower_components\**;bower_components\**;**\packages.lock.json;bin\Debug\/**;obj\Debug\/**;bin\/**;obj\/**;bin\Debug\net9.0\publish\/**;**/*.user;**/*.*proj;**/*.sln" (valor anterior: ";**\node_modules\**;node_modules\**;**\jspm_packages\**;jspm_packages\**;**\bower_components\**;bower_components\**;**\packages.lock.json;bin\Debug\/**;obj\Debug\/**;bin\/**;obj\/**;bin\Debug\net9.0\publish\/**;**/*.user;**/*.*proj") en C:\Program Files\dotnet\sdk\10.0.302\Sdks\Microsoft.NET.Sdk\targets\Microsoft.NET.Sdk.DefaultItems.targets (46,5)
       C:\Program Files\dotnet\sdk\10.0.302\Sdks\Microsoft.NET.Sdk\targets\Microsoft.NET.Sdk.DefaultItems.targets(47,5): message : Reasignación de propiedad: $(DefaultItemExcludes)=";**\node_modules\**;node_modules\**;**\jspm_packages\**;jspm_packages\**;**\bower_components\**;bower_components\**;**\packages.lock.json;bin\Debug\/**;obj\Debug\/**;bin\/**;obj\/**;bin\Debug\net9.0\publish\/**;**/*.user;**/*.*proj;**/*.sln;**/*.slnx" (valor anterior: ";**\node_modules\**;node_modules\**;**\jspm_packages\**;jspm_packages\**;**\bower_components\**;bower_components\**;**\packages.lock.json;bin\Debug\/**;obj\Debug\/**;bin\/**;obj\/**;bin\Debug\net9.0\publish\/**;**/*.user;**/*.*proj;**/*.sln") en C:\Program Files\dotnet\sdk\10.0.302\Sdks\Microsoft.NET.Sdk\targets\Microsoft.NET.Sdk.DefaultItems.targets (47,5)
       C:\Program Files\dotnet\sdk\10.0.302\Sdks\Microsoft.NET.Sdk\targets\Microsoft.NET.Sdk.DefaultItems.targets(48,5): message : Reasignación de propiedad: $(DefaultItemExcludes)=";**\node_modules\**;node_modules\**;**\jspm_packages\**;jspm_packages\**;**\bower_components\**;bower_components\**;**\packages.lock.json;bin\Debug\/**;obj\Debug\/**;bin\/**;obj\/**;bin\Debug\net9.0\publish\/**;**/*.user;**/*.*proj;**/*.sln;**/*.slnx;**/*.vssscc" (valor anterior: ";**\node_modules\**;node_modules\**;**\jspm_packages\**;jspm_packages\**;**\bower_components\**;bower_components\**;**\packages.lock.json;bin\Debug\/**;obj\Debug\/**;bin\/**;obj\/**;bin\Debug\net9.0\publish\/**;**/*.user;**/*.*proj;**/*.sln;**/*.slnx") en C:\Program Files\dotnet\sdk\10.0.302\Sdks\Microsoft.NET.Sdk\targets\Microsoft.NET.Sdk.DefaultItems.targets (48,5)
       C:\Program Files\dotnet\sdk\10.0.302\Sdks\Microsoft.NET.Sdk\targets\Microsoft.NET.Sdk.DefaultItems.targets(49,5): message : Reasignación de propiedad: $(DefaultItemExcludes)=";**\node_modules\**;node_modules\**;**\jspm_packages\**;jspm_packages\**;**\bower_components\**;bower_components\**;**\packages.lock.json;bin\Debug\/**;obj\Debug\/**;bin\/**;obj\/**;bin\Debug\net9.0\publish\/**;**/*.user;**/*.*proj;**/*.sln;**/*.slnx;**/*.vssscc;**/.DS_Store" (valor anterior: ";**\node_modules\**;node_modules\**;**\jspm_packages\**;jspm_packages\**;**\bower_components\**;bower_components\**;**\packages.lock.json;bin\Debug\/**;obj\Debug\/**;bin\/**;obj\/**;bin\Debug\net9.0\publish\/**;**/*.user;**/*.*proj;**/*.sln;**/*.slnx;**/*.vssscc") en C:\Program Files\dotnet\sdk\10.0.302\Sdks\Microsoft.NET.Sdk\targets\Microsoft.NET.Sdk.DefaultItems.targets (49,5)
       C:\Program Files\dotnet\sdk\10.0.302\Sdks\Microsoft.NET.Sdk\targets\Microsoft.NET.Sdk.FrameworkReferenceResolution.targets(14,5): message : Reasignación de propiedad: $(ResolveAssemblyReferencesDependsOn)="
       C:\Program Files\dotnet\sdk\10.0.302\Sdks\Microsoft.NET.Sdk\targets\Microsoft.NET.Sdk.FrameworkReferenceResolution.targets(14,5): message :       
       C:\Program Files\dotnet\sdk\10.0.302\Sdks\Microsoft.NET.Sdk\targets\Microsoft.NET.Sdk.FrameworkReferenceResolution.targets(14,5): message :       
       C:\Program Files\dotnet\sdk\10.0.302\Sdks\Microsoft.NET.Sdk\targets\Microsoft.NET.Sdk.FrameworkReferenceResolution.targets(14,5): message :       ResolveProjectReferences;
       C:\Program Files\dotnet\sdk\10.0.302\Sdks\Microsoft.NET.Sdk\targets\Microsoft.NET.Sdk.FrameworkReferenceResolution.targets(14,5): message :       FindInvalidProjectReferences;
       C:\Program Files\dotnet\sdk\10.0.302\Sdks\Microsoft.NET.Sdk\targets\Microsoft.NET.Sdk.FrameworkReferenceResolution.targets(14,5): message :       GetFrameworkPaths;
       C:\Program Files\dotnet\sdk\10.0.302\Sdks\Microsoft.NET.Sdk\targets\Microsoft.NET.Sdk.FrameworkReferenceResolution.targets(14,5): message :       GetReferenceAssemblyPaths;
       C:\Program Files\dotnet\sdk\10.0.302\Sdks\Microsoft.NET.Sdk\targets\Microsoft.NET.Sdk.FrameworkReferenceResolution.targets(14,5): message :       PrepareForBuild;
       C:\Program Files\dotnet\sdk\10.0.302\Sdks\Microsoft.NET.Sdk\targets\Microsoft.NET.Sdk.FrameworkReferenceResolution.targets(14,5): message :       ResolveSDKReferences;
       C:\Program Files\dotnet\sdk\10.0.302\Sdks\Microsoft.NET.Sdk\targets\Microsoft.NET.Sdk.FrameworkReferenceResolution.targets(14,5): message :       ExpandSDKReferences;
       C:\Program Files\dotnet\sdk\10.0.302\Sdks\Microsoft.NET.Sdk\targets\Microsoft.NET.Sdk.FrameworkReferenceResolution.targets(14,5): message :     ;
       C:\Program Files\dotnet\sdk\10.0.302\Sdks\Microsoft.NET.Sdk\targets\Microsoft.NET.Sdk.FrameworkReferenceResolution.targets(14,5): message :       ResolvePackageDependenciesForBuild;
       C:\Program Files\dotnet\sdk\10.0.302\Sdks\Microsoft.NET.Sdk\targets\Microsoft.NET.Sdk.FrameworkReferenceResolution.targets(14,5): message :       _HandlePackageFileConflicts;
       C:\Program Files\dotnet\sdk\10.0.302\Sdks\Microsoft.NET.Sdk\targets\Microsoft.NET.Sdk.FrameworkReferenceResolution.targets(14,5): message :     ;
       C:\Program Files\dotnet\sdk\10.0.302\Sdks\Microsoft.NET.Sdk\targets\Microsoft.NET.Sdk.FrameworkReferenceResolution.targets(14,5): message :       ResolveTargetingPackAssets;
       C:\Program Files\dotnet\sdk\10.0.302\Sdks\Microsoft.NET.Sdk\targets\Microsoft.NET.Sdk.FrameworkReferenceResolution.targets(14,5): message :     " (valor anterior: "
       C:\Program Files\dotnet\sdk\10.0.302\Sdks\Microsoft.NET.Sdk\targets\Microsoft.NET.Sdk.FrameworkReferenceResolution.targets(14,5): message :       
       C:\Program Files\dotnet\sdk\10.0.302\Sdks\Microsoft.NET.Sdk\targets\Microsoft.NET.Sdk.FrameworkReferenceResolution.targets(14,5): message :       ResolveProjectReferences;
       C:\Program Files\dotnet\sdk\10.0.302\Sdks\Microsoft.NET.Sdk\targets\Microsoft.NET.Sdk.FrameworkReferenceResolution.targets(14,5): message :       FindInvalidProjectReferences;
       C:\Program Files\dotnet\sdk\10.0.302\Sdks\Microsoft.NET.Sdk\targets\Microsoft.NET.Sdk.FrameworkReferenceResolution.targets(14,5): message :       GetFrameworkPaths;
       C:\Program Files\dotnet\sdk\10.0.302\Sdks\Microsoft.NET.Sdk\targets\Microsoft.NET.Sdk.FrameworkReferenceResolution.targets(14,5): message :       GetReferenceAssemblyPaths;
       C:\Program Files\dotnet\sdk\10.0.302\Sdks\Microsoft.NET.Sdk\targets\Microsoft.NET.Sdk.FrameworkReferenceResolution.targets(14,5): message :       PrepareForBuild;
       C:\Program Files\dotnet\sdk\10.0.302\Sdks\Microsoft.NET.Sdk\targets\Microsoft.NET.Sdk.FrameworkReferenceResolution.targets(14,5): message :       ResolveSDKReferences;
       C:\Program Files\dotnet\sdk\10.0.302\Sdks\Microsoft.NET.Sdk\targets\Microsoft.NET.Sdk.FrameworkReferenceResolution.targets(14,5): message :       ExpandSDKReferences;
       C:\Program Files\dotnet\sdk\10.0.302\Sdks\Microsoft.NET.Sdk\targets\Microsoft.NET.Sdk.FrameworkReferenceResolution.targets(14,5): message :     ;
       C:\Program Files\dotnet\sdk\10.0.302\Sdks\Microsoft.NET.Sdk\targets\Microsoft.NET.Sdk.FrameworkReferenceResolution.targets(14,5): message :       ResolvePackageDependenciesForBuild;
       C:\Program Files\dotnet\sdk\10.0.302\Sdks\Microsoft.NET.Sdk\targets\Microsoft.NET.Sdk.FrameworkReferenceResolution.targets(14,5): message :       _HandlePackageFileConflicts;
       C:\Program Files\dotnet\sdk\10.0.302\Sdks\Microsoft.NET.Sdk\targets\Microsoft.NET.Sdk.FrameworkReferenceResolution.targets(14,5): message :     ") en C:\Program Files\dotnet\sdk\10.0.302\Sdks\Microsoft.NET.Sdk\targets\Microsoft.NET.Sdk.FrameworkReferenceResolution.targets (14,5)
       C:\Program Files\dotnet\sdk\10.0.302\Sdks\Microsoft.NET.Sdk\targets\Microsoft.NET.Sdk.targets(44,5): message : Reasignación de propiedad: $(_GenerateRuntimeConfigurationPropertyInputsCache)="D:\TEXNICA\ERP-API\ERP.Api\obj\Debug\net9.0\ERP.Api.genruntimeconfig.cache" (valor anterior: "obj\Debug\net9.0\ERP.Api.genruntimeconfig.cache") en C:\Program Files\dotnet\sdk\10.0.302\Sdks\Microsoft.NET.Sdk\targets\Microsoft.NET.Sdk.targets (44,5)
       C:\Program Files\dotnet\sdk\10.0.302\Sdks\Microsoft.NET.Sdk\targets\Microsoft.NET.Sdk.targets(46,5): message : Reasignación de propiedad: $(_GeneratePublishDependencyFilePropertyInputsCache)="D:\TEXNICA\ERP-API\ERP.Api\obj\Debug\net9.0\ERP.Api.genpublishdeps.cache" (valor anterior: "obj\Debug\net9.0\ERP.Api.genpublishdeps.cache") en C:\Program Files\dotnet\sdk\10.0.302\Sdks\Microsoft.NET.Sdk\targets\Microsoft.NET.Sdk.targets (46,5)
       C:\Program Files\dotnet\sdk\10.0.302\Sdks\Microsoft.NET.Sdk\targets\Microsoft.NET.Sdk.targets(48,5): message : Reasignación de propiedad: $(_GenerateSingleFileBundlePropertyInputsCache)="D:\TEXNICA\ERP-API\ERP.Api\obj\Debug\net9.0\ERP.Api.genbundle.cache" (valor anterior: "obj\Debug\net9.0\ERP.Api.genbundle.cache") en C:\Program Files\dotnet\sdk\10.0.302\Sdks\Microsoft.NET.Sdk\targets\Microsoft.NET.Sdk.targets (48,5)
       C:\Program Files\dotnet\sdk\10.0.302\Sdks\Microsoft.NET.Sdk\targets\Microsoft.NET.Sdk.targets(81,5): message : Reasignación de propiedad: $(GenerateRuntimeConfigDevFile)="false" (valor anterior: "true") en C:\Program Files\dotnet\sdk\10.0.302\Sdks\Microsoft.NET.Sdk\targets\Microsoft.NET.Sdk.targets (81,5)
       C:\Program Files\dotnet\sdk\10.0.302\Sdks\Microsoft.NET.Sdk\targets\Microsoft.NET.Sdk.targets(98,5): message : Propiedad "USERPROFILE" con el valor "C:\Users\rm619" expandido desde el entorno.
       C:\Program Files\dotnet\sdk\10.0.302\Sdks\Microsoft.NET.Sdk\targets\Microsoft.NET.Sdk.targets(98,5): message : Reasignación de propiedad: $(_DefaultUserProfileRuntimeStorePath)="C:\Users\rm619" (valor anterior: "") en C:\Program Files\dotnet\sdk\10.0.302\Sdks\Microsoft.NET.Sdk\targets\Microsoft.NET.Sdk.targets (98,5)
       C:\Program Files\dotnet\sdk\10.0.302\Sdks\Microsoft.NET.Sdk\targets\Microsoft.NET.Sdk.targets(99,5): message : Reasignación de propiedad: $(_DefaultUserProfileRuntimeStorePath)="C:\Users\rm619\.dotnet\store" (valor anterior: "C:\Users\rm619") en C:\Program Files\dotnet\sdk\10.0.302\Sdks\Microsoft.NET.Sdk\targets\Microsoft.NET.Sdk.targets (99,5)
       C:\Program Files\dotnet\sdk\10.0.302\Sdks\Microsoft.NET.Sdk\targets\Microsoft.NET.Sdk.targets(144,5): message : Reasignación de propiedad: $(AvailablePlatforms)="Any CPU,x86,x64,ARM32" (valor anterior: "Any CPU,x86,x64") en C:\Program Files\dotnet\sdk\10.0.302\Sdks\Microsoft.NET.Sdk\targets\Microsoft.NET.Sdk.targets (144,5)
       C:\Program Files\dotnet\sdk\10.0.302\Sdks\Microsoft.NET.Sdk\targets\Microsoft.NET.Sdk.targets(148,5): message : Reasignación de propiedad: $(AvailablePlatforms)="Any CPU,x86,x64,ARM32,ARM64" (valor anterior: "Any CPU,x86,x64,ARM32") en C:\Program Files\dotnet\sdk\10.0.302\Sdks\Microsoft.NET.Sdk\targets\Microsoft.NET.Sdk.targets (148,5)
       C:\Program Files\dotnet\sdk\10.0.302\Sdks\Microsoft.NET.Sdk\targets\Microsoft.NET.Sdk.targets(204,5): message : Reasignación de propiedad: $(CoreBuildDependsOn)="
       C:\Program Files\dotnet\sdk\10.0.302\Sdks\Microsoft.NET.Sdk\targets\Microsoft.NET.Sdk.targets(204,5): message :       _CheckForBuildWithNoBuild;
       C:\Program Files\dotnet\sdk\10.0.302\Sdks\Microsoft.NET.Sdk\targets\Microsoft.NET.Sdk.targets(204,5): message :       
       C:\Program Files\dotnet\sdk\10.0.302\Sdks\Microsoft.NET.Sdk\targets\Microsoft.NET.Sdk.targets(204,5): message :       BuildOnlySettings;
       C:\Program Files\dotnet\sdk\10.0.302\Sdks\Microsoft.NET.Sdk\targets\Microsoft.NET.Sdk.targets(204,5): message :       PrepareForBuild;
       C:\Program Files\dotnet\sdk\10.0.302\Sdks\Microsoft.NET.Sdk\targets\Microsoft.NET.Sdk.targets(204,5): message :       PreBuildEvent;
       C:\Program Files\dotnet\sdk\10.0.302\Sdks\Microsoft.NET.Sdk\targets\Microsoft.NET.Sdk.targets(204,5): message :       ResolveReferences;
       C:\Program Files\dotnet\sdk\10.0.302\Sdks\Microsoft.NET.Sdk\targets\Microsoft.NET.Sdk.targets(204,5): message :       PrepareResources;
       C:\Program Files\dotnet\sdk\10.0.302\Sdks\Microsoft.NET.Sdk\targets\Microsoft.NET.Sdk.targets(204,5): message :       ResolveKeySource;
       C:\Program Files\dotnet\sdk\10.0.302\Sdks\Microsoft.NET.Sdk\targets\Microsoft.NET.Sdk.targets(204,5): message :       Compile;
       C:\Program Files\dotnet\sdk\10.0.302\Sdks\Microsoft.NET.Sdk\targets\Microsoft.NET.Sdk.targets(204,5): message :       ExportWindowsMDFile;
       C:\Program Files\dotnet\sdk\10.0.302\Sdks\Microsoft.NET.Sdk\targets\Microsoft.NET.Sdk.targets(204,5): message :       UnmanagedUnregistration;
       C:\Program Files\dotnet\sdk\10.0.302\Sdks\Microsoft.NET.Sdk\targets\Microsoft.NET.Sdk.targets(204,5): message :       GenerateSerializationAssemblies;
       C:\Program Files\dotnet\sdk\10.0.302\Sdks\Microsoft.NET.Sdk\targets\Microsoft.NET.Sdk.targets(204,5): message :       CreateSatelliteAssemblies;
       C:\Program Files\dotnet\sdk\10.0.302\Sdks\Microsoft.NET.Sdk\targets\Microsoft.NET.Sdk.targets(204,5): message :       GenerateManifests;
       C:\Program Files\dotnet\sdk\10.0.302\Sdks\Microsoft.NET.Sdk\targets\Microsoft.NET.Sdk.targets(204,5): message :       GetTargetPath;
       C:\Program Files\dotnet\sdk\10.0.302\Sdks\Microsoft.NET.Sdk\targets\Microsoft.NET.Sdk.targets(204,5): message :       PrepareForRun;
       C:\Program Files\dotnet\sdk\10.0.302\Sdks\Microsoft.NET.Sdk\targets\Microsoft.NET.Sdk.targets(204,5): message :       UnmanagedRegistration;
       C:\Program Files\dotnet\sdk\10.0.302\Sdks\Microsoft.NET.Sdk\targets\Microsoft.NET.Sdk.targets(204,5): message :       IncrementalClean;
       C:\Program Files\dotnet\sdk\10.0.302\Sdks\Microsoft.NET.Sdk\targets\Microsoft.NET.Sdk.targets(204,5): message :       PostBuildEvent
       C:\Program Files\dotnet\sdk\10.0.302\Sdks\Microsoft.NET.Sdk\targets\Microsoft.NET.Sdk.targets(204,5): message :     ;
       C:\Program Files\dotnet\sdk\10.0.302\Sdks\Microsoft.NET.Sdk\targets\Microsoft.NET.Sdk.targets(204,5): message :       GenerateBuildDependencyFile;
       C:\Program Files\dotnet\sdk\10.0.302\Sdks\Microsoft.NET.Sdk\targets\Microsoft.NET.Sdk.targets(204,5): message :       GenerateBuildRuntimeConfigurationFiles
       C:\Program Files\dotnet\sdk\10.0.302\Sdks\Microsoft.NET.Sdk\targets\Microsoft.NET.Sdk.targets(204,5): message :     " (valor anterior: "
       C:\Program Files\dotnet\sdk\10.0.302\Sdks\Microsoft.NET.Sdk\targets\Microsoft.NET.Sdk.targets(204,5): message :       BuildOnlySettings;
       C:\Program Files\dotnet\sdk\10.0.302\Sdks\Microsoft.NET.Sdk\targets\Microsoft.NET.Sdk.targets(204,5): message :       PrepareForBuild;
       C:\Program Files\dotnet\sdk\10.0.302\Sdks\Microsoft.NET.Sdk\targets\Microsoft.NET.Sdk.targets(204,5): message :       PreBuildEvent;
       C:\Program Files\dotnet\sdk\10.0.302\Sdks\Microsoft.NET.Sdk\targets\Microsoft.NET.Sdk.targets(204,5): message :       ResolveReferences;
       C:\Program Files\dotnet\sdk\10.0.302\Sdks\Microsoft.NET.Sdk\targets\Microsoft.NET.Sdk.targets(204,5): message :       PrepareResources;
       C:\Program Files\dotnet\sdk\10.0.302\Sdks\Microsoft.NET.Sdk\targets\Microsoft.NET.Sdk.targets(204,5): message :       ResolveKeySource;
       C:\Program Files\dotnet\sdk\10.0.302\Sdks\Microsoft.NET.Sdk\targets\Microsoft.NET.Sdk.targets(204,5): message :       Compile;
       C:\Program Files\dotnet\sdk\10.0.302\Sdks\Microsoft.NET.Sdk\targets\Microsoft.NET.Sdk.targets(204,5): message :       ExportWindowsMDFile;
       C:\Program Files\dotnet\sdk\10.0.302\Sdks\Microsoft.NET.Sdk\targets\Microsoft.NET.Sdk.targets(204,5): message :       UnmanagedUnregistration;
       C:\Program Files\dotnet\sdk\10.0.302\Sdks\Microsoft.NET.Sdk\targets\Microsoft.NET.Sdk.targets(204,5): message :       GenerateSerializationAssemblies;
       C:\Program Files\dotnet\sdk\10.0.302\Sdks\Microsoft.NET.Sdk\targets\Microsoft.NET.Sdk.targets(204,5): message :       CreateSatelliteAssemblies;
       C:\Program Files\dotnet\sdk\10.0.302\Sdks\Microsoft.NET.Sdk\targets\Microsoft.NET.Sdk.targets(204,5): message :       GenerateManifests;
       C:\Program Files\dotnet\sdk\10.0.302\Sdks\Microsoft.NET.Sdk\targets\Microsoft.NET.Sdk.targets(204,5): message :       GetTargetPath;
       C:\Program Files\dotnet\sdk\10.0.302\Sdks\Microsoft.NET.Sdk\targets\Microsoft.NET.Sdk.targets(204,5): message :       PrepareForRun;
       C:\Program Files\dotnet\sdk\10.0.302\Sdks\Microsoft.NET.Sdk\targets\Microsoft.NET.Sdk.targets(204,5): message :       UnmanagedRegistration;
       C:\Program Files\dotnet\sdk\10.0.302\Sdks\Microsoft.NET.Sdk\targets\Microsoft.NET.Sdk.targets(204,5): message :       IncrementalClean;
       C:\Program Files\dotnet\sdk\10.0.302\Sdks\Microsoft.NET.Sdk\targets\Microsoft.NET.Sdk.targets(204,5): message :       PostBuildEvent
       C:\Program Files\dotnet\sdk\10.0.302\Sdks\Microsoft.NET.Sdk\targets\Microsoft.NET.Sdk.targets(204,5): message :     ") en C:\Program Files\dotnet\sdk\10.0.302\Sdks\Microsoft.NET.Sdk\targets\Microsoft.NET.Sdk.targets (204,5)
       C:\Program Files\dotnet\sdk\10.0.302\Sdks\Microsoft.NET.Sdk\targets\Microsoft.NET.Sdk.targets(213,5): message : Reasignación de propiedad: $(CoreCleanDependsOn)="
       C:\Program Files\dotnet\sdk\10.0.302\Sdks\Microsoft.NET.Sdk\targets\Microsoft.NET.Sdk.targets(213,5): message :       _SdkBeforeClean;
       C:\Program Files\dotnet\sdk\10.0.302\Sdks\Microsoft.NET.Sdk\targets\Microsoft.NET.Sdk.targets(213,5): message :       
       C:\Program Files\dotnet\sdk\10.0.302\Sdks\Microsoft.NET.Sdk\targets\Microsoft.NET.Sdk.targets(213,5): message :     " (valor anterior: "") en C:\Program Files\dotnet\sdk\10.0.302\Sdks\Microsoft.NET.Sdk\targets\Microsoft.NET.Sdk.targets (213,5)
       C:\Program Files\dotnet\sdk\10.0.302\Sdks\Microsoft.NET.Sdk\targets\Microsoft.NET.Sdk.targets(220,5): message : Reasignación de propiedad: $(RebuildDependsOn)="
       C:\Program Files\dotnet\sdk\10.0.302\Sdks\Microsoft.NET.Sdk\targets\Microsoft.NET.Sdk.targets(220,5): message :       _SdkBeforeRebuild;
       C:\Program Files\dotnet\sdk\10.0.302\Sdks\Microsoft.NET.Sdk\targets\Microsoft.NET.Sdk.targets(220,5): message :       
       C:\Program Files\dotnet\sdk\10.0.302\Sdks\Microsoft.NET.Sdk\targets\Microsoft.NET.Sdk.targets(220,5): message :       BeforeRebuild;
       C:\Program Files\dotnet\sdk\10.0.302\Sdks\Microsoft.NET.Sdk\targets\Microsoft.NET.Sdk.targets(220,5): message :       Clean;
       C:\Program Files\dotnet\sdk\10.0.302\Sdks\Microsoft.NET.Sdk\targets\Microsoft.NET.Sdk.targets(220,5): message :       Build;
       C:\Program Files\dotnet\sdk\10.0.302\Sdks\Microsoft.NET.Sdk\targets\Microsoft.NET.Sdk.targets(220,5): message :       AfterRebuild;
       C:\Program Files\dotnet\sdk\10.0.302\Sdks\Microsoft.NET.Sdk\targets\Microsoft.NET.Sdk.targets(220,5): message :     
       C:\Program Files\dotnet\sdk\10.0.302\Sdks\Microsoft.NET.Sdk\targets\Microsoft.NET.Sdk.targets(220,5): message :     " (valor anterior: "
       C:\Program Files\dotnet\sdk\10.0.302\Sdks\Microsoft.NET.Sdk\targets\Microsoft.NET.Sdk.targets(220,5): message :       BeforeRebuild;
       C:\Program Files\dotnet\sdk\10.0.302\Sdks\Microsoft.NET.Sdk\targets\Microsoft.NET.Sdk.targets(220,5): message :       Clean;
       C:\Program Files\dotnet\sdk\10.0.302\Sdks\Microsoft.NET.Sdk\targets\Microsoft.NET.Sdk.targets(220,5): message :       Build;
       C:\Program Files\dotnet\sdk\10.0.302\Sdks\Microsoft.NET.Sdk\targets\Microsoft.NET.Sdk.targets(220,5): message :       AfterRebuild;
       C:\Program Files\dotnet\sdk\10.0.302\Sdks\Microsoft.NET.Sdk\targets\Microsoft.NET.Sdk.targets(220,5): message :     ") en C:\Program Files\dotnet\sdk\10.0.302\Sdks\Microsoft.NET.Sdk\targets\Microsoft.NET.Sdk.targets (220,5)
       C:\Program Files\dotnet\sdk\10.0.302\Sdks\Microsoft.NET.Sdk\targets\Microsoft.NET.Sdk.targets(799,5): message : Reasignación de propiedad: $(CompileDependsOn)="
       C:\Program Files\dotnet\sdk\10.0.302\Sdks\Microsoft.NET.Sdk\targets\Microsoft.NET.Sdk.targets(799,5): message :       
       C:\Program Files\dotnet\sdk\10.0.302\Sdks\Microsoft.NET.Sdk\targets\Microsoft.NET.Sdk.targets(799,5): message :       ResolveReferences;
       C:\Program Files\dotnet\sdk\10.0.302\Sdks\Microsoft.NET.Sdk\targets\Microsoft.NET.Sdk.targets(799,5): message :       ResolveKeySource;
       C:\Program Files\dotnet\sdk\10.0.302\Sdks\Microsoft.NET.Sdk\targets\Microsoft.NET.Sdk.targets(799,5): message :       SetWin32ManifestProperties;
       C:\Program Files\dotnet\sdk\10.0.302\Sdks\Microsoft.NET.Sdk\targets\Microsoft.NET.Sdk.targets(799,5): message :       _SetPreferNativeArm64Win32ManifestProperties;
       C:\Program Files\dotnet\sdk\10.0.302\Sdks\Microsoft.NET.Sdk\targets\Microsoft.NET.Sdk.targets(799,5): message :       FindReferenceAssembliesForReferences;
       C:\Program Files\dotnet\sdk\10.0.302\Sdks\Microsoft.NET.Sdk\targets\Microsoft.NET.Sdk.targets(799,5): message :       _GenerateCompileInputs;
       C:\Program Files\dotnet\sdk\10.0.302\Sdks\Microsoft.NET.Sdk\targets\Microsoft.NET.Sdk.targets(799,5): message :       BeforeCompile;
       C:\Program Files\dotnet\sdk\10.0.302\Sdks\Microsoft.NET.Sdk\targets\Microsoft.NET.Sdk.targets(799,5): message :       _TimeStampBeforeCompile;
       C:\Program Files\dotnet\sdk\10.0.302\Sdks\Microsoft.NET.Sdk\targets\Microsoft.NET.Sdk.targets(799,5): message :       _GenerateCompileDependencyCache;
       C:\Program Files\dotnet\sdk\10.0.302\Sdks\Microsoft.NET.Sdk\targets\Microsoft.NET.Sdk.targets(799,5): message :       CoreCompile;
       C:\Program Files\dotnet\sdk\10.0.302\Sdks\Microsoft.NET.Sdk\targets\Microsoft.NET.Sdk.targets(799,5): message :       _TimeStampAfterCompile;
       C:\Program Files\dotnet\sdk\10.0.302\Sdks\Microsoft.NET.Sdk\targets\Microsoft.NET.Sdk.targets(799,5): message :       AfterCompile;
       C:\Program Files\dotnet\sdk\10.0.302\Sdks\Microsoft.NET.Sdk\targets\Microsoft.NET.Sdk.targets(799,5): message :     ;
       C:\Program Files\dotnet\sdk\10.0.302\Sdks\Microsoft.NET.Sdk\targets\Microsoft.NET.Sdk.targets(799,5): message :       _CreateAppHost;
       C:\Program Files\dotnet\sdk\10.0.302\Sdks\Microsoft.NET.Sdk\targets\Microsoft.NET.Sdk.targets(799,5): message :       _CreateComHost;
       C:\Program Files\dotnet\sdk\10.0.302\Sdks\Microsoft.NET.Sdk\targets\Microsoft.NET.Sdk.targets(799,5): message :       _GetIjwHostPaths;
       C:\Program Files\dotnet\sdk\10.0.302\Sdks\Microsoft.NET.Sdk\targets\Microsoft.NET.Sdk.targets(799,5): message :     " (valor anterior: "
       C:\Program Files\dotnet\sdk\10.0.302\Sdks\Microsoft.NET.Sdk\targets\Microsoft.NET.Sdk.targets(799,5): message :       ResolveReferences;
       C:\Program Files\dotnet\sdk\10.0.302\Sdks\Microsoft.NET.Sdk\targets\Microsoft.NET.Sdk.targets(799,5): message :       ResolveKeySource;
       C:\Program Files\dotnet\sdk\10.0.302\Sdks\Microsoft.NET.Sdk\targets\Microsoft.NET.Sdk.targets(799,5): message :       SetWin32ManifestProperties;
       C:\Program Files\dotnet\sdk\10.0.302\Sdks\Microsoft.NET.Sdk\targets\Microsoft.NET.Sdk.targets(799,5): message :       _SetPreferNativeArm64Win32ManifestProperties;
       C:\Program Files\dotnet\sdk\10.0.302\Sdks\Microsoft.NET.Sdk\targets\Microsoft.NET.Sdk.targets(799,5): message :       FindReferenceAssembliesForReferences;
       C:\Program Files\dotnet\sdk\10.0.302\Sdks\Microsoft.NET.Sdk\targets\Microsoft.NET.Sdk.targets(799,5): message :       _GenerateCompileInputs;
       C:\Program Files\dotnet\sdk\10.0.302\Sdks\Microsoft.NET.Sdk\targets\Microsoft.NET.Sdk.targets(799,5): message :       BeforeCompile;
       C:\Program Files\dotnet\sdk\10.0.302\Sdks\Microsoft.NET.Sdk\targets\Microsoft.NET.Sdk.targets(799,5): message :       _TimeStampBeforeCompile;
       C:\Program Files\dotnet\sdk\10.0.302\Sdks\Microsoft.NET.Sdk\targets\Microsoft.NET.Sdk.targets(799,5): message :       _GenerateCompileDependencyCache;
       C:\Program Files\dotnet\sdk\10.0.302\Sdks\Microsoft.NET.Sdk\targets\Microsoft.NET.Sdk.targets(799,5): message :       CoreCompile;
       C:\Program Files\dotnet\sdk\10.0.302\Sdks\Microsoft.NET.Sdk\targets\Microsoft.NET.Sdk.targets(799,5): message :       _TimeStampAfterCompile;
       C:\Program Files\dotnet\sdk\10.0.302\Sdks\Microsoft.NET.Sdk\targets\Microsoft.NET.Sdk.targets(799,5): message :       AfterCompile;
       C:\Program Files\dotnet\sdk\10.0.302\Sdks\Microsoft.NET.Sdk\targets\Microsoft.NET.Sdk.targets(799,5): message :     ") en C:\Program Files\dotnet\sdk\10.0.302\Sdks\Microsoft.NET.Sdk\targets\Microsoft.NET.Sdk.targets (799,5)
       C:\Program Files\dotnet\sdk\10.0.302\Sdks\Microsoft.NET.Sdk\targets\Microsoft.NET.Sdk.targets(1131,5): message : Reasignación de propiedad: $(CreateSatelliteAssembliesDependsOn)="
       C:\Program Files\dotnet\sdk\10.0.302\Sdks\Microsoft.NET.Sdk\targets\Microsoft.NET.Sdk.targets(1131,5): message :       
       C:\Program Files\dotnet\sdk\10.0.302\Sdks\Microsoft.NET.Sdk\targets\Microsoft.NET.Sdk.targets(1131,5): message :       ;
       C:\Program Files\dotnet\sdk\10.0.302\Sdks\Microsoft.NET.Sdk\targets\Microsoft.NET.Sdk.targets(1131,5): message :       _GenerateSatelliteAssemblyInputs;
       C:\Program Files\dotnet\sdk\10.0.302\Sdks\Microsoft.NET.Sdk\targets\Microsoft.NET.Sdk.targets(1131,5): message :       ComputeIntermediateSatelliteAssemblies;
       C:\Program Files\dotnet\sdk\10.0.302\Sdks\Microsoft.NET.Sdk\targets\Microsoft.NET.Sdk.targets(1131,5): message :       GenerateSatelliteAssemblies
       C:\Program Files\dotnet\sdk\10.0.302\Sdks\Microsoft.NET.Sdk\targets\Microsoft.NET.Sdk.targets(1131,5): message :     ;
       C:\Program Files\dotnet\sdk\10.0.302\Sdks\Microsoft.NET.Sdk\targets\Microsoft.NET.Sdk.targets(1131,5): message :       CoreGenerateSatelliteAssemblies
       C:\Program Files\dotnet\sdk\10.0.302\Sdks\Microsoft.NET.Sdk\targets\Microsoft.NET.Sdk.targets(1131,5): message :     " (valor anterior: "
       C:\Program Files\dotnet\sdk\10.0.302\Sdks\Microsoft.NET.Sdk\targets\Microsoft.NET.Sdk.targets(1131,5): message :       ;
       C:\Program Files\dotnet\sdk\10.0.302\Sdks\Microsoft.NET.Sdk\targets\Microsoft.NET.Sdk.targets(1131,5): message :       _GenerateSatelliteAssemblyInputs;
       C:\Program Files\dotnet\sdk\10.0.302\Sdks\Microsoft.NET.Sdk\targets\Microsoft.NET.Sdk.targets(1131,5): message :       ComputeIntermediateSatelliteAssemblies;
       C:\Program Files\dotnet\sdk\10.0.302\Sdks\Microsoft.NET.Sdk\targets\Microsoft.NET.Sdk.targets(1131,5): message :       GenerateSatelliteAssemblies
       C:\Program Files\dotnet\sdk\10.0.302\Sdks\Microsoft.NET.Sdk\targets\Microsoft.NET.Sdk.targets(1131,5): message :     ") en C:\Program Files\dotnet\sdk\10.0.302\Sdks\Microsoft.NET.Sdk\targets\Microsoft.NET.Sdk.targets (1131,5)
       C:\Program Files\dotnet\sdk\10.0.302\Sdks\Microsoft.SourceLink.GitLab\build\Microsoft.SourceLink.GitLab.targets(12,5): message : Reasignación de propiedad: $(SourceLinkUrlInitializerTargets)=";_InitializeGitHubSourceLinkUrl;_InitializeGitLabSourceLinkUrl" (valor anterior: ";_InitializeGitHubSourceLinkUrl") en C:\Program Files\dotnet\sdk\10.0.302\Sdks\Microsoft.SourceLink.GitLab\build\Microsoft.SourceLink.GitLab.targets (12,5)
       C:\Program Files\dotnet\sdk\10.0.302\Sdks\Microsoft.SourceLink.GitLab\build\Microsoft.SourceLink.GitLab.targets(13,5): message : Reasignación de propiedad: $(SourceControlManagerUrlTranslationTargets)=";TranslateGitHubUrlsInSourceControlInformation;TranslateGitLabUrlsInSourceControlInformation" (valor anterior: ";TranslateGitHubUrlsInSourceControlInformation") en C:\Program Files\dotnet\sdk\10.0.302\Sdks\Microsoft.SourceLink.GitLab\build\Microsoft.SourceLink.GitLab.targets (13,5)
       C:\Program Files\dotnet\sdk\10.0.302\Sdks\Microsoft.SourceLink.AzureRepos.Git\build\Microsoft.SourceLink.AzureRepos.Git.targets(12,5): message : Reasignación de propiedad: $(SourceLinkUrlInitializerTargets)=";_InitializeGitHubSourceLinkUrl;_InitializeGitLabSourceLinkUrl;_InitializeAzureReposGitSourceLinkUrl" (valor anterior: ";_InitializeGitHubSourceLinkUrl;_InitializeGitLabSourceLinkUrl") en C:\Program Files\dotnet\sdk\10.0.302\Sdks\Microsoft.SourceLink.AzureRepos.Git\build\Microsoft.SourceLink.AzureRepos.Git.targets (12,5)
       C:\Program Files\dotnet\sdk\10.0.302\Sdks\Microsoft.SourceLink.AzureRepos.Git\build\Microsoft.SourceLink.AzureRepos.Git.targets(13,5): message : Reasignación de propiedad: $(SourceControlManagerUrlTranslationTargets)=";TranslateGitHubUrlsInSourceControlInformation;TranslateGitLabUrlsInSourceControlInformation;TranslateAzureReposGitUrlsInSourceControlInformation" (valor anterior: ";TranslateGitHubUrlsInSourceControlInformation;TranslateGitLabUrlsInSourceControlInformation") en C:\Program Files\dotnet\sdk\10.0.302\Sdks\Microsoft.SourceLink.AzureRepos.Git\build\Microsoft.SourceLink.AzureRepos.Git.targets (13,5)
       C:\Program Files\dotnet\sdk\10.0.302\Sdks\Microsoft.SourceLink.Bitbucket.Git\build\Microsoft.SourceLink.Bitbucket.Git.targets(12,5): message : Reasignación de propiedad: $(SourceLinkUrlInitializerTargets)=";_InitializeGitHubSourceLinkUrl;_InitializeGitLabSourceLinkUrl;_InitializeAzureReposGitSourceLinkUrl;_InitializeBitbucketGitSourceLinkUrl" (valor anterior: ";_InitializeGitHubSourceLinkUrl;_InitializeGitLabSourceLinkUrl;_InitializeAzureReposGitSourceLinkUrl") en C:\Program Files\dotnet\sdk\10.0.302\Sdks\Microsoft.SourceLink.Bitbucket.Git\build\Microsoft.SourceLink.Bitbucket.Git.targets (12,5)
       C:\Program Files\dotnet\sdk\10.0.302\Sdks\Microsoft.SourceLink.Bitbucket.Git\build\Microsoft.SourceLink.Bitbucket.Git.targets(13,5): message : Reasignación de propiedad: $(SourceControlManagerUrlTranslationTargets)=";TranslateGitHubUrlsInSourceControlInformation;TranslateGitLabUrlsInSourceControlInformation;TranslateAzureReposGitUrlsInSourceControlInformation;TranslateBitbucketGitUrlsInSourceControlInformation" (valor anterior: ";TranslateGitHubUrlsInSourceControlInformation;TranslateGitLabUrlsInSourceControlInformation;TranslateAzureReposGitUrlsInSourceControlInformation") en C:\Program Files\dotnet\sdk\10.0.302\Sdks\Microsoft.SourceLink.Bitbucket.Git\build\Microsoft.SourceLink.Bitbucket.Git.targets (13,5)
       C:\Program Files\dotnet\sdk\10.0.302\Sdks\Microsoft.NET.Sdk\targets\Microsoft.NET.DesignerSupport.targets(21,5): message : Reasignación de propiedad: $(DesignerRuntimeImplementationProjectOutputGroupDependsOn)="
       C:\Program Files\dotnet\sdk\10.0.302\Sdks\Microsoft.NET.Sdk\targets\Microsoft.NET.DesignerSupport.targets(21,5): message :       
       C:\Program Files\dotnet\sdk\10.0.302\Sdks\Microsoft.NET.Sdk\targets\Microsoft.NET.DesignerSupport.targets(21,5): message :       ;
       C:\Program Files\dotnet\sdk\10.0.302\Sdks\Microsoft.NET.Sdk\targets\Microsoft.NET.DesignerSupport.targets(21,5): message :       
       C:\Program Files\dotnet\sdk\10.0.302\Sdks\Microsoft.NET.Sdk\targets\Microsoft.NET.DesignerSupport.targets(21,5): message :       ;
       C:\Program Files\dotnet\sdk\10.0.302\Sdks\Microsoft.NET.Sdk\targets\Microsoft.NET.DesignerSupport.targets(21,5): message :       BuildOnlySettings;
       C:\Program Files\dotnet\sdk\10.0.302\Sdks\Microsoft.NET.Sdk\targets\Microsoft.NET.DesignerSupport.targets(21,5): message :       PrepareForBuild;
       C:\Program Files\dotnet\sdk\10.0.302\Sdks\Microsoft.NET.Sdk\targets\Microsoft.NET.DesignerSupport.targets(21,5): message :       AssignTargetPaths;
       C:\Program Files\dotnet\sdk\10.0.302\Sdks\Microsoft.NET.Sdk\targets\Microsoft.NET.DesignerSupport.targets(21,5): message :       ResolveReferences
       C:\Program Files\dotnet\sdk\10.0.302\Sdks\Microsoft.NET.Sdk\targets\Microsoft.NET.DesignerSupport.targets(21,5): message :     
       C:\Program Files\dotnet\sdk\10.0.302\Sdks\Microsoft.NET.Sdk\targets\Microsoft.NET.DesignerSupport.targets(21,5): message :     ;
       C:\Program Files\dotnet\sdk\10.0.302\Sdks\Microsoft.NET.Sdk\targets\Microsoft.NET.DesignerSupport.targets(21,5): message :       _GenerateDesignerDepsFile;
       C:\Program Files\dotnet\sdk\10.0.302\Sdks\Microsoft.NET.Sdk\targets\Microsoft.NET.DesignerSupport.targets(21,5): message :       _GenerateDesignerRuntimeConfigFile;
       C:\Program Files\dotnet\sdk\10.0.302\Sdks\Microsoft.NET.Sdk\targets\Microsoft.NET.DesignerSupport.targets(21,5): message :       GetCopyToOutputDirectoryItems;
       C:\Program Files\dotnet\sdk\10.0.302\Sdks\Microsoft.NET.Sdk\targets\Microsoft.NET.DesignerSupport.targets(21,5): message :       _GatherDesignerShadowCopyFiles;
       C:\Program Files\dotnet\sdk\10.0.302\Sdks\Microsoft.NET.Sdk\targets\Microsoft.NET.DesignerSupport.targets(21,5): message :     " (valor anterior: "
       C:\Program Files\dotnet\sdk\10.0.302\Sdks\Microsoft.NET.Sdk\targets\Microsoft.NET.DesignerSupport.targets(21,5): message :       ;
       C:\Program Files\dotnet\sdk\10.0.302\Sdks\Microsoft.NET.Sdk\targets\Microsoft.NET.DesignerSupport.targets(21,5): message :       
       C:\Program Files\dotnet\sdk\10.0.302\Sdks\Microsoft.NET.Sdk\targets\Microsoft.NET.DesignerSupport.targets(21,5): message :       ;
       C:\Program Files\dotnet\sdk\10.0.302\Sdks\Microsoft.NET.Sdk\targets\Microsoft.NET.DesignerSupport.targets(21,5): message :       BuildOnlySettings;
       C:\Program Files\dotnet\sdk\10.0.302\Sdks\Microsoft.NET.Sdk\targets\Microsoft.NET.DesignerSupport.targets(21,5): message :       PrepareForBuild;
       C:\Program Files\dotnet\sdk\10.0.302\Sdks\Microsoft.NET.Sdk\targets\Microsoft.NET.DesignerSupport.targets(21,5): message :       AssignTargetPaths;
       C:\Program Files\dotnet\sdk\10.0.302\Sdks\Microsoft.NET.Sdk\targets\Microsoft.NET.DesignerSupport.targets(21,5): message :       ResolveReferences
       C:\Program Files\dotnet\sdk\10.0.302\Sdks\Microsoft.NET.Sdk\targets\Microsoft.NET.DesignerSupport.targets(21,5): message :     
       C:\Program Files\dotnet\sdk\10.0.302\Sdks\Microsoft.NET.Sdk\targets\Microsoft.NET.DesignerSupport.targets(21,5): message :     ") en C:\Program Files\dotnet\sdk\10.0.302\Sdks\Microsoft.NET.Sdk\targets\Microsoft.NET.DesignerSupport.targets (21,5)
       C:\Program Files\dotnet\sdk\10.0.302\Sdks\Microsoft.NET.Sdk\targets\Microsoft.NET.Sdk.CSharp.targets(31,5): message : Reasignación de propiedad: $(DefineConstants)="TRACE;DEBUG" (valor anterior: "TRACE") en C:\Program Files\dotnet\sdk\10.0.302\Sdks\Microsoft.NET.Sdk\targets\Microsoft.NET.Sdk.CSharp.targets (31,5)
       C:\Program Files\dotnet\sdk\10.0.302\Sdks\Microsoft.NET.Sdk\targets\Microsoft.NET.Sdk.CSharp.targets(45,5): message : Reasignación de propiedad: $(WarningsAsErrors)=";NU1605;SYSLIB0011" (valor anterior: ";NU1605") en C:\Program Files\dotnet\sdk\10.0.302\Sdks\Microsoft.NET.Sdk\targets\Microsoft.NET.Sdk.CSharp.targets (45,5)
       C:\Program Files\dotnet\sdk\10.0.302\NuGet.Build.Tasks.Pack.targets(34,5): message : Reasignación de propiedad: $(PackageDescription)="Package Description" (valor anterior: "") en C:\Program Files\dotnet\sdk\10.0.302\NuGet.Build.Tasks.Pack.targets (34,5)
       C:\Program Files\dotnet\sdk\10.0.302\NuGet.Build.Tasks.Pack.targets(59,5): message : Reasignación de propiedad: $(GenerateNuspecDependsOn)="Build;_LoadPackInputItems; _GetTargetFrameworksOutput; _WalkEachTargetPerFramework; _GetPackageFiles; " (valor anterior: "_LoadPackInputItems; _GetTargetFrameworksOutput; _WalkEachTargetPerFramework; _GetPackageFiles; ") en C:\Program Files\dotnet\sdk\10.0.302\NuGet.Build.Tasks.Pack.targets (59,5)
       C:\Program Files\dotnet\sdk\10.0.302\Sdks\Microsoft.NET.Sdk\Sdk\Sdk.targets(59,5): message : Reasignación de propiedad: $(_IsNotSetContainersTargetsDir)="true" (valor anterior: "false") en C:\Program Files\dotnet\sdk\10.0.302\Sdks\Microsoft.NET.Sdk\Sdk\Sdk.targets (59,5)
       C:\Program Files\dotnet\sdk\10.0.302\Containers\build\Microsoft.NET.Build.Containers.targets(5,5): message : Reasignación de propiedad: $(_IsSDKContainerAllowedVersion)="true" (valor anterior: "false") en C:\Program Files\dotnet\sdk\10.0.302\Containers\build\Microsoft.NET.Build.Containers.targets (5,5)
       C:\Program Files\dotnet\sdk\10.0.302\Containers\build\Microsoft.NET.Build.Containers.targets(15,5): message : Reasignación de propiedad: $(_ContainerIsTargetingNet8TFM)="true" (valor anterior: "false") en C:\Program Files\dotnet\sdk\10.0.302\Containers\build\Microsoft.NET.Build.Containers.targets (15,5)
       C:\Program Files\dotnet\sdk\10.0.302\Sdks\Microsoft.NET.Sdk.StaticWebAssets\targets\Sdk.StaticWebAssets.CurrentVersion.targets(37,18): message : Propiedad "DOTNET_HOST_PATH" con el valor "C:\Program Files\dotnet\dotnet.exe" expandido desde el entorno.
       C:\Program Files\dotnet\sdk\10.0.302\Sdks\Microsoft.NET.Sdk.StaticWebAssets\targets\Microsoft.NET.Sdk.StaticWebAssets.targets(286,5): message : Reasignación de propiedad: $(PrepareForRunDependsOn)="StaticWebAssetsPrepareForRun;
       C:\Program Files\dotnet\sdk\10.0.302\Sdks\Microsoft.NET.Sdk.StaticWebAssets\targets\Microsoft.NET.Sdk.StaticWebAssets.targets(286,5): message :       CopyFilesToOutputDirectory
       C:\Program Files\dotnet\sdk\10.0.302\Sdks\Microsoft.NET.Sdk.StaticWebAssets\targets\Microsoft.NET.Sdk.StaticWebAssets.targets(286,5): message :     " (valor anterior: "
       C:\Program Files\dotnet\sdk\10.0.302\Sdks\Microsoft.NET.Sdk.StaticWebAssets\targets\Microsoft.NET.Sdk.StaticWebAssets.targets(286,5): message :       CopyFilesToOutputDirectory
       C:\Program Files\dotnet\sdk\10.0.302\Sdks\Microsoft.NET.Sdk.StaticWebAssets\targets\Microsoft.NET.Sdk.StaticWebAssets.targets(286,5): message :     ") en C:\Program Files\dotnet\sdk\10.0.302\Sdks\Microsoft.NET.Sdk.StaticWebAssets\targets\Microsoft.NET.Sdk.StaticWebAssets.targets (286,5)
       C:\Program Files\dotnet\sdk\10.0.302\Sdks\Microsoft.NET.Sdk.StaticWebAssets\targets\Microsoft.NET.Sdk.StaticWebAssets.targets(323,5): message : Reasignación de propiedad: $(GetCopyToOutputDirectoryItemsDependsOn)="
       C:\Program Files\dotnet\sdk\10.0.302\Sdks\Microsoft.NET.Sdk.StaticWebAssets\targets\Microsoft.NET.Sdk.StaticWebAssets.targets(323,5): message :       AssignTargetPaths;
       C:\Program Files\dotnet\sdk\10.0.302\Sdks\Microsoft.NET.Sdk.StaticWebAssets\targets\Microsoft.NET.Sdk.StaticWebAssets.targets(323,5): message :       
       C:\Program Files\dotnet\sdk\10.0.302\Sdks\Microsoft.NET.Sdk.StaticWebAssets\targets\Microsoft.NET.Sdk.StaticWebAssets.targets(323,5): message :       AssignProjectConfiguration;
       C:\Program Files\dotnet\sdk\10.0.302\Sdks\Microsoft.NET.Sdk.StaticWebAssets\targets\Microsoft.NET.Sdk.StaticWebAssets.targets(323,5): message :       _SplitProjectReferencesByFileExistence
       C:\Program Files\dotnet\sdk\10.0.302\Sdks\Microsoft.NET.Sdk.StaticWebAssets\targets\Microsoft.NET.Sdk.StaticWebAssets.targets(323,5): message :     ;
       C:\Program Files\dotnet\sdk\10.0.302\Sdks\Microsoft.NET.Sdk.StaticWebAssets\targets\Microsoft.NET.Sdk.StaticWebAssets.targets(323,5): message :       _GetProjectReferenceTargetFrameworkProperties;
       C:\Program Files\dotnet\sdk\10.0.302\Sdks\Microsoft.NET.Sdk.StaticWebAssets\targets\Microsoft.NET.Sdk.StaticWebAssets.targets(323,5): message :       _PopulateCommonStateForGetCopyToOutputDirectoryItems
       C:\Program Files\dotnet\sdk\10.0.302\Sdks\Microsoft.NET.Sdk.StaticWebAssets\targets\Microsoft.NET.Sdk.StaticWebAssets.targets(323,5): message :     ;AddStaticWebAssetsManifest;AddStaticWebAssetEndpointsBuildManifest" (valor anterior: "
       C:\Program Files\dotnet\sdk\10.0.302\Sdks\Microsoft.NET.Sdk.StaticWebAssets\targets\Microsoft.NET.Sdk.StaticWebAssets.targets(323,5): message :       AssignTargetPaths;
       C:\Program Files\dotnet\sdk\10.0.302\Sdks\Microsoft.NET.Sdk.StaticWebAssets\targets\Microsoft.NET.Sdk.StaticWebAssets.targets(323,5): message :       
       C:\Program Files\dotnet\sdk\10.0.302\Sdks\Microsoft.NET.Sdk.StaticWebAssets\targets\Microsoft.NET.Sdk.StaticWebAssets.targets(323,5): message :       AssignProjectConfiguration;
       C:\Program Files\dotnet\sdk\10.0.302\Sdks\Microsoft.NET.Sdk.StaticWebAssets\targets\Microsoft.NET.Sdk.StaticWebAssets.targets(323,5): message :       _SplitProjectReferencesByFileExistence
       C:\Program Files\dotnet\sdk\10.0.302\Sdks\Microsoft.NET.Sdk.StaticWebAssets\targets\Microsoft.NET.Sdk.StaticWebAssets.targets(323,5): message :     ;
       C:\Program Files\dotnet\sdk\10.0.302\Sdks\Microsoft.NET.Sdk.StaticWebAssets\targets\Microsoft.NET.Sdk.StaticWebAssets.targets(323,5): message :       _GetProjectReferenceTargetFrameworkProperties;
       C:\Program Files\dotnet\sdk\10.0.302\Sdks\Microsoft.NET.Sdk.StaticWebAssets\targets\Microsoft.NET.Sdk.StaticWebAssets.targets(323,5): message :       _PopulateCommonStateForGetCopyToOutputDirectoryItems
       C:\Program Files\dotnet\sdk\10.0.302\Sdks\Microsoft.NET.Sdk.StaticWebAssets\targets\Microsoft.NET.Sdk.StaticWebAssets.targets(323,5): message :     ") en C:\Program Files\dotnet\sdk\10.0.302\Sdks\Microsoft.NET.Sdk.StaticWebAssets\targets\Microsoft.NET.Sdk.StaticWebAssets.targets (323,5)
       C:\Program Files\dotnet\sdk\10.0.302\Sdks\Microsoft.NET.Sdk.StaticWebAssets\targets\Microsoft.NET.Sdk.StaticWebAssets.Pack.targets(46,5): message : Reasignación de propiedad: $(GenerateNuspecDependsOn)="
       C:\Program Files\dotnet\sdk\10.0.302\Sdks\Microsoft.NET.Sdk.StaticWebAssets\targets\Microsoft.NET.Sdk.StaticWebAssets.Pack.targets(46,5): message :       IncludeStaticWebAssetsPackItems;
       C:\Program Files\dotnet\sdk\10.0.302\Sdks\Microsoft.NET.Sdk.StaticWebAssets\targets\Microsoft.NET.Sdk.StaticWebAssets.Pack.targets(46,5): message :       Build;_LoadPackInputItems; _GetTargetFrameworksOutput; _WalkEachTargetPerFramework; _GetPackageFiles; ;
       C:\Program Files\dotnet\sdk\10.0.302\Sdks\Microsoft.NET.Sdk.StaticWebAssets\targets\Microsoft.NET.Sdk.StaticWebAssets.Pack.targets(46,5): message :     " (valor anterior: "Build;_LoadPackInputItems; _GetTargetFrameworksOutput; _WalkEachTargetPerFramework; _GetPackageFiles; ") en C:\Program Files\dotnet\sdk\10.0.302\Sdks\Microsoft.NET.Sdk.StaticWebAssets\targets\Microsoft.NET.Sdk.StaticWebAssets.Pack.targets (46,5)
       C:\Program Files\dotnet\sdk\10.0.302\Sdks\Microsoft.NET.Sdk.StaticWebAssets\targets\Microsoft.NET.Sdk.StaticWebAssets.Pack.targets(55,5): message : Reasignación de propiedad: $(IncludeStaticWebAssetsPackItemsDependsOn)="
       C:\Program Files\dotnet\sdk\10.0.302\Sdks\Microsoft.NET.Sdk.StaticWebAssets\targets\Microsoft.NET.Sdk.StaticWebAssets.Pack.targets(55,5): message :       Build;
       C:\Program Files\dotnet\sdk\10.0.302\Sdks\Microsoft.NET.Sdk.StaticWebAssets\targets\Microsoft.NET.Sdk.StaticWebAssets.Pack.targets(55,5): message :       ResolveStaticWebAssetsConfiguration;LoadStaticWebAssetsBuildManifest
       C:\Program Files\dotnet\sdk\10.0.302\Sdks\Microsoft.NET.Sdk.StaticWebAssets\targets\Microsoft.NET.Sdk.StaticWebAssets.Pack.targets(55,5): message :     ;
       C:\Program Files\dotnet\sdk\10.0.302\Sdks\Microsoft.NET.Sdk.StaticWebAssets\targets\Microsoft.NET.Sdk.StaticWebAssets.Pack.targets(55,5): message :     " (valor anterior: "
       C:\Program Files\dotnet\sdk\10.0.302\Sdks\Microsoft.NET.Sdk.StaticWebAssets\targets\Microsoft.NET.Sdk.StaticWebAssets.Pack.targets(55,5): message :       ResolveStaticWebAssetsConfiguration;LoadStaticWebAssetsBuildManifest
       C:\Program Files\dotnet\sdk\10.0.302\Sdks\Microsoft.NET.Sdk.StaticWebAssets\targets\Microsoft.NET.Sdk.StaticWebAssets.Pack.targets(55,5): message :     ") en C:\Program Files\dotnet\sdk\10.0.302\Sdks\Microsoft.NET.Sdk.StaticWebAssets\targets\Microsoft.NET.Sdk.StaticWebAssets.Pack.targets (55,5)
       C:\Program Files\dotnet\sdk\10.0.302\Sdks\Microsoft.NET.Sdk.StaticWebAssets\targets\Microsoft.NET.Sdk.StaticWebAssets.ScopedCss.targets(55,3): message : Reasignación de propiedad: $(ResolveStaticWebAssetsInputsDependsOn)="
       C:\Program Files\dotnet\sdk\10.0.302\Sdks\Microsoft.NET.Sdk.StaticWebAssets\targets\Microsoft.NET.Sdk.StaticWebAssets.ScopedCss.targets(55,3): message :     
       C:\Program Files\dotnet\sdk\10.0.302\Sdks\Microsoft.NET.Sdk.StaticWebAssets\targets\Microsoft.NET.Sdk.StaticWebAssets.ScopedCss.targets(55,3): message :       ResolveCoreStaticWebAssets;
       C:\Program Files\dotnet\sdk\10.0.302\Sdks\Microsoft.NET.Sdk.StaticWebAssets\targets\Microsoft.NET.Sdk.StaticWebAssets.ScopedCss.targets(55,3): message :       GenerateComputedBuildStaticWebAssets;
       C:\Program Files\dotnet\sdk\10.0.302\Sdks\Microsoft.NET.Sdk.StaticWebAssets\targets\Microsoft.NET.Sdk.StaticWebAssets.ScopedCss.targets(55,3): message :       
       C:\Program Files\dotnet\sdk\10.0.302\Sdks\Microsoft.NET.Sdk.StaticWebAssets\targets\Microsoft.NET.Sdk.StaticWebAssets.ScopedCss.targets(55,3): message :     ;
       C:\Program Files\dotnet\sdk\10.0.302\Sdks\Microsoft.NET.Sdk.StaticWebAssets\targets\Microsoft.NET.Sdk.StaticWebAssets.ScopedCss.targets(55,3): message :     ResolveScopedCssAssets;
       C:\Program Files\dotnet\sdk\10.0.302\Sdks\Microsoft.NET.Sdk.StaticWebAssets\targets\Microsoft.NET.Sdk.StaticWebAssets.ScopedCss.targets(55,3): message :   " (valor anterior: "
       C:\Program Files\dotnet\sdk\10.0.302\Sdks\Microsoft.NET.Sdk.StaticWebAssets\targets\Microsoft.NET.Sdk.StaticWebAssets.ScopedCss.targets(55,3): message :       ResolveCoreStaticWebAssets;
       C:\Program Files\dotnet\sdk\10.0.302\Sdks\Microsoft.NET.Sdk.StaticWebAssets\targets\Microsoft.NET.Sdk.StaticWebAssets.ScopedCss.targets(55,3): message :       GenerateComputedBuildStaticWebAssets;
       C:\Program Files\dotnet\sdk\10.0.302\Sdks\Microsoft.NET.Sdk.StaticWebAssets\targets\Microsoft.NET.Sdk.StaticWebAssets.ScopedCss.targets(55,3): message :       
       C:\Program Files\dotnet\sdk\10.0.302\Sdks\Microsoft.NET.Sdk.StaticWebAssets\targets\Microsoft.NET.Sdk.StaticWebAssets.ScopedCss.targets(55,3): message :     ") en C:\Program Files\dotnet\sdk\10.0.302\Sdks\Microsoft.NET.Sdk.StaticWebAssets\targets\Microsoft.NET.Sdk.StaticWebAssets.ScopedCss.targets (55,3)
       C:\Program Files\dotnet\sdk\10.0.302\Sdks\Microsoft.NET.Sdk.StaticWebAssets\targets\Microsoft.NET.Sdk.StaticWebAssets.ScopedCss.targets(88,3): message : Reasignación de propiedad: $(GenerateComputedBuildStaticWebAssetsDependsOn)="
       C:\Program Files\dotnet\sdk\10.0.302\Sdks\Microsoft.NET.Sdk.StaticWebAssets\targets\Microsoft.NET.Sdk.StaticWebAssets.ScopedCss.targets(88,3): message :     ResolveCoreStaticWebAssets;;
       C:\Program Files\dotnet\sdk\10.0.302\Sdks\Microsoft.NET.Sdk.StaticWebAssets\targets\Microsoft.NET.Sdk.StaticWebAssets.ScopedCss.targets(88,3): message :     BundleScopedCssFiles;
       C:\Program Files\dotnet\sdk\10.0.302\Sdks\Microsoft.NET.Sdk.StaticWebAssets\targets\Microsoft.NET.Sdk.StaticWebAssets.ScopedCss.targets(88,3): message :   " (valor anterior: "ResolveCoreStaticWebAssets;") en C:\Program Files\dotnet\sdk\10.0.302\Sdks\Microsoft.NET.Sdk.StaticWebAssets\targets\Microsoft.NET.Sdk.StaticWebAssets.ScopedCss.targets (88,3)
       C:\Program Files\dotnet\sdk\10.0.302\Sdks\Microsoft.NET.Sdk.StaticWebAssets\targets\Microsoft.NET.Sdk.StaticWebAssets.JSModules.targets(37,5): message : Reasignación de propiedad: $(ResolveCoreStaticWebAssetsDependsOn)="
       C:\Program Files\dotnet\sdk\10.0.302\Sdks\Microsoft.NET.Sdk.StaticWebAssets\targets\Microsoft.NET.Sdk.StaticWebAssets.JSModules.targets(37,5): message :       
       C:\Program Files\dotnet\sdk\10.0.302\Sdks\Microsoft.NET.Sdk.StaticWebAssets\targets\Microsoft.NET.Sdk.StaticWebAssets.JSModules.targets(37,5): message :       UpdateExistingPackageStaticWebAssets;
       C:\Program Files\dotnet\sdk\10.0.302\Sdks\Microsoft.NET.Sdk.StaticWebAssets\targets\Microsoft.NET.Sdk.StaticWebAssets.JSModules.targets(37,5): message :       ResolveProjectStaticWebAssets;
       C:\Program Files\dotnet\sdk\10.0.302\Sdks\Microsoft.NET.Sdk.StaticWebAssets\targets\Microsoft.NET.Sdk.StaticWebAssets.JSModules.targets(37,5): message :       ResolveEmbeddedProjectsStaticWebAssets;
       C:\Program Files\dotnet\sdk\10.0.302\Sdks\Microsoft.NET.Sdk.StaticWebAssets\targets\Microsoft.NET.Sdk.StaticWebAssets.JSModules.targets(37,5): message :       ResolveReferencedProjectsStaticWebAssets;
       C:\Program Files\dotnet\sdk\10.0.302\Sdks\Microsoft.NET.Sdk.StaticWebAssets\targets\Microsoft.NET.Sdk.StaticWebAssets.JSModules.targets(37,5): message :       ;
       C:\Program Files\dotnet\sdk\10.0.302\Sdks\Microsoft.NET.Sdk.StaticWebAssets\targets\Microsoft.NET.Sdk.StaticWebAssets.JSModules.targets(37,5): message :     ;
       C:\Program Files\dotnet\sdk\10.0.302\Sdks\Microsoft.NET.Sdk.StaticWebAssets\targets\Microsoft.NET.Sdk.StaticWebAssets.JSModules.targets(37,5): message :       ResolveJsInitializerModuleStaticWebAssets;
       C:\Program Files\dotnet\sdk\10.0.302\Sdks\Microsoft.NET.Sdk.StaticWebAssets\targets\Microsoft.NET.Sdk.StaticWebAssets.JSModules.targets(37,5): message :     " (valor anterior: "
       C:\Program Files\dotnet\sdk\10.0.302\Sdks\Microsoft.NET.Sdk.StaticWebAssets\targets\Microsoft.NET.Sdk.StaticWebAssets.JSModules.targets(37,5): message :       UpdateExistingPackageStaticWebAssets;
       C:\Program Files\dotnet\sdk\10.0.302\Sdks\Microsoft.NET.Sdk.StaticWebAssets\targets\Microsoft.NET.Sdk.StaticWebAssets.JSModules.targets(37,5): message :       ResolveProjectStaticWebAssets;
       C:\Program Files\dotnet\sdk\10.0.302\Sdks\Microsoft.NET.Sdk.StaticWebAssets\targets\Microsoft.NET.Sdk.StaticWebAssets.JSModules.targets(37,5): message :       ResolveEmbeddedProjectsStaticWebAssets;
       C:\Program Files\dotnet\sdk\10.0.302\Sdks\Microsoft.NET.Sdk.StaticWebAssets\targets\Microsoft.NET.Sdk.StaticWebAssets.JSModules.targets(37,5): message :       ResolveReferencedProjectsStaticWebAssets;
       C:\Program Files\dotnet\sdk\10.0.302\Sdks\Microsoft.NET.Sdk.StaticWebAssets\targets\Microsoft.NET.Sdk.StaticWebAssets.JSModules.targets(37,5): message :       ;
       C:\Program Files\dotnet\sdk\10.0.302\Sdks\Microsoft.NET.Sdk.StaticWebAssets\targets\Microsoft.NET.Sdk.StaticWebAssets.JSModules.targets(37,5): message :     ") en C:\Program Files\dotnet\sdk\10.0.302\Sdks\Microsoft.NET.Sdk.StaticWebAssets\targets\Microsoft.NET.Sdk.StaticWebAssets.JSModules.targets (37,5)
       C:\Program Files\dotnet\sdk\10.0.302\Sdks\Microsoft.NET.Sdk.StaticWebAssets\targets\Microsoft.NET.Sdk.StaticWebAssets.JSModules.targets(42,5): message : Reasignación de propiedad: $(ResolveCoreStaticWebAssetsDependsOn)="
       C:\Program Files\dotnet\sdk\10.0.302\Sdks\Microsoft.NET.Sdk.StaticWebAssets\targets\Microsoft.NET.Sdk.StaticWebAssets.JSModules.targets(42,5): message :       
       C:\Program Files\dotnet\sdk\10.0.302\Sdks\Microsoft.NET.Sdk.StaticWebAssets\targets\Microsoft.NET.Sdk.StaticWebAssets.JSModules.targets(42,5): message :       
       C:\Program Files\dotnet\sdk\10.0.302\Sdks\Microsoft.NET.Sdk.StaticWebAssets\targets\Microsoft.NET.Sdk.StaticWebAssets.JSModules.targets(42,5): message :       UpdateExistingPackageStaticWebAssets;
       C:\Program Files\dotnet\sdk\10.0.302\Sdks\Microsoft.NET.Sdk.StaticWebAssets\targets\Microsoft.NET.Sdk.StaticWebAssets.JSModules.targets(42,5): message :       ResolveProjectStaticWebAssets;
       C:\Program Files\dotnet\sdk\10.0.302\Sdks\Microsoft.NET.Sdk.StaticWebAssets\targets\Microsoft.NET.Sdk.StaticWebAssets.JSModules.targets(42,5): message :       ResolveEmbeddedProjectsStaticWebAssets;
       C:\Program Files\dotnet\sdk\10.0.302\Sdks\Microsoft.NET.Sdk.StaticWebAssets\targets\Microsoft.NET.Sdk.StaticWebAssets.JSModules.targets(42,5): message :       ResolveReferencedProjectsStaticWebAssets;
       C:\Program Files\dotnet\sdk\10.0.302\Sdks\Microsoft.NET.Sdk.StaticWebAssets\targets\Microsoft.NET.Sdk.StaticWebAssets.JSModules.targets(42,5): message :       ;
       C:\Program Files\dotnet\sdk\10.0.302\Sdks\Microsoft.NET.Sdk.StaticWebAssets\targets\Microsoft.NET.Sdk.StaticWebAssets.JSModules.targets(42,5): message :     ;
       C:\Program Files\dotnet\sdk\10.0.302\Sdks\Microsoft.NET.Sdk.StaticWebAssets\targets\Microsoft.NET.Sdk.StaticWebAssets.JSModules.targets(42,5): message :       ResolveJsInitializerModuleStaticWebAssets;
       C:\Program Files\dotnet\sdk\10.0.302\Sdks\Microsoft.NET.Sdk.StaticWebAssets\targets\Microsoft.NET.Sdk.StaticWebAssets.JSModules.targets(42,5): message :     ;
       C:\Program Files\dotnet\sdk\10.0.302\Sdks\Microsoft.NET.Sdk.StaticWebAssets\targets\Microsoft.NET.Sdk.StaticWebAssets.JSModules.targets(42,5): message :       ResolveJSModuleStaticWebAssets;
       C:\Program Files\dotnet\sdk\10.0.302\Sdks\Microsoft.NET.Sdk.StaticWebAssets\targets\Microsoft.NET.Sdk.StaticWebAssets.JSModules.targets(42,5): message :     " (valor anterior: "
       C:\Program Files\dotnet\sdk\10.0.302\Sdks\Microsoft.NET.Sdk.StaticWebAssets\targets\Microsoft.NET.Sdk.StaticWebAssets.JSModules.targets(42,5): message :       
       C:\Program Files\dotnet\sdk\10.0.302\Sdks\Microsoft.NET.Sdk.StaticWebAssets\targets\Microsoft.NET.Sdk.StaticWebAssets.JSModules.targets(42,5): message :       UpdateExistingPackageStaticWebAssets;
       C:\Program Files\dotnet\sdk\10.0.302\Sdks\Microsoft.NET.Sdk.StaticWebAssets\targets\Microsoft.NET.Sdk.StaticWebAssets.JSModules.targets(42,5): message :       ResolveProjectStaticWebAssets;
       C:\Program Files\dotnet\sdk\10.0.302\Sdks\Microsoft.NET.Sdk.StaticWebAssets\targets\Microsoft.NET.Sdk.StaticWebAssets.JSModules.targets(42,5): message :       ResolveEmbeddedProjectsStaticWebAssets;
       C:\Program Files\dotnet\sdk\10.0.302\Sdks\Microsoft.NET.Sdk.StaticWebAssets\targets\Microsoft.NET.Sdk.StaticWebAssets.JSModules.targets(42,5): message :       ResolveReferencedProjectsStaticWebAssets;
       C:\Program Files\dotnet\sdk\10.0.302\Sdks\Microsoft.NET.Sdk.StaticWebAssets\targets\Microsoft.NET.Sdk.StaticWebAssets.JSModules.targets(42,5): message :       ;
       C:\Program Files\dotnet\sdk\10.0.302\Sdks\Microsoft.NET.Sdk.StaticWebAssets\targets\Microsoft.NET.Sdk.StaticWebAssets.JSModules.targets(42,5): message :     ;
       C:\Program Files\dotnet\sdk\10.0.302\Sdks\Microsoft.NET.Sdk.StaticWebAssets\targets\Microsoft.NET.Sdk.StaticWebAssets.JSModules.targets(42,5): message :       ResolveJsInitializerModuleStaticWebAssets;
       C:\Program Files\dotnet\sdk\10.0.302\Sdks\Microsoft.NET.Sdk.StaticWebAssets\targets\Microsoft.NET.Sdk.StaticWebAssets.JSModules.targets(42,5): message :     ") en C:\Program Files\dotnet\sdk\10.0.302\Sdks\Microsoft.NET.Sdk.StaticWebAssets\targets\Microsoft.NET.Sdk.StaticWebAssets.JSModules.targets (42,5)
       C:\Program Files\dotnet\sdk\10.0.302\Sdks\Microsoft.NET.Sdk.StaticWebAssets\targets\Microsoft.NET.Sdk.StaticWebAssets.JSModules.targets(57,5): message : Reasignación de propiedad: $(ResolveStaticWebAssetsInputsDependsOn)="
       C:\Program Files\dotnet\sdk\10.0.302\Sdks\Microsoft.NET.Sdk.StaticWebAssets\targets\Microsoft.NET.Sdk.StaticWebAssets.JSModules.targets(57,5): message :       ResolveJSModuleManifestBuildStaticWebAssets;
       C:\Program Files\dotnet\sdk\10.0.302\Sdks\Microsoft.NET.Sdk.StaticWebAssets\targets\Microsoft.NET.Sdk.StaticWebAssets.JSModules.targets(57,5): message :       
       C:\Program Files\dotnet\sdk\10.0.302\Sdks\Microsoft.NET.Sdk.StaticWebAssets\targets\Microsoft.NET.Sdk.StaticWebAssets.JSModules.targets(57,5): message :     
       C:\Program Files\dotnet\sdk\10.0.302\Sdks\Microsoft.NET.Sdk.StaticWebAssets\targets\Microsoft.NET.Sdk.StaticWebAssets.JSModules.targets(57,5): message :       ResolveCoreStaticWebAssets;
       C:\Program Files\dotnet\sdk\10.0.302\Sdks\Microsoft.NET.Sdk.StaticWebAssets\targets\Microsoft.NET.Sdk.StaticWebAssets.JSModules.targets(57,5): message :       GenerateComputedBuildStaticWebAssets;
       C:\Program Files\dotnet\sdk\10.0.302\Sdks\Microsoft.NET.Sdk.StaticWebAssets\targets\Microsoft.NET.Sdk.StaticWebAssets.JSModules.targets(57,5): message :       
       C:\Program Files\dotnet\sdk\10.0.302\Sdks\Microsoft.NET.Sdk.StaticWebAssets\targets\Microsoft.NET.Sdk.StaticWebAssets.JSModules.targets(57,5): message :     ;
       C:\Program Files\dotnet\sdk\10.0.302\Sdks\Microsoft.NET.Sdk.StaticWebAssets\targets\Microsoft.NET.Sdk.StaticWebAssets.JSModules.targets(57,5): message :     ResolveScopedCssAssets;
       C:\Program Files\dotnet\sdk\10.0.302\Sdks\Microsoft.NET.Sdk.StaticWebAssets\targets\Microsoft.NET.Sdk.StaticWebAssets.JSModules.targets(57,5): message :   
       C:\Program Files\dotnet\sdk\10.0.302\Sdks\Microsoft.NET.Sdk.StaticWebAssets\targets\Microsoft.NET.Sdk.StaticWebAssets.JSModules.targets(57,5): message :     " (valor anterior: "
       C:\Program Files\dotnet\sdk\10.0.302\Sdks\Microsoft.NET.Sdk.StaticWebAssets\targets\Microsoft.NET.Sdk.StaticWebAssets.JSModules.targets(57,5): message :     
       C:\Program Files\dotnet\sdk\10.0.302\Sdks\Microsoft.NET.Sdk.StaticWebAssets\targets\Microsoft.NET.Sdk.StaticWebAssets.JSModules.targets(57,5): message :       ResolveCoreStaticWebAssets;
       C:\Program Files\dotnet\sdk\10.0.302\Sdks\Microsoft.NET.Sdk.StaticWebAssets\targets\Microsoft.NET.Sdk.StaticWebAssets.JSModules.targets(57,5): message :       GenerateComputedBuildStaticWebAssets;
       C:\Program Files\dotnet\sdk\10.0.302\Sdks\Microsoft.NET.Sdk.StaticWebAssets\targets\Microsoft.NET.Sdk.StaticWebAssets.JSModules.targets(57,5): message :       
       C:\Program Files\dotnet\sdk\10.0.302\Sdks\Microsoft.NET.Sdk.StaticWebAssets\targets\Microsoft.NET.Sdk.StaticWebAssets.JSModules.targets(57,5): message :     ;
       C:\Program Files\dotnet\sdk\10.0.302\Sdks\Microsoft.NET.Sdk.StaticWebAssets\targets\Microsoft.NET.Sdk.StaticWebAssets.JSModules.targets(57,5): message :     ResolveScopedCssAssets;
       C:\Program Files\dotnet\sdk\10.0.302\Sdks\Microsoft.NET.Sdk.StaticWebAssets\targets\Microsoft.NET.Sdk.StaticWebAssets.JSModules.targets(57,5): message :   ") en C:\Program Files\dotnet\sdk\10.0.302\Sdks\Microsoft.NET.Sdk.StaticWebAssets\targets\Microsoft.NET.Sdk.StaticWebAssets.JSModules.targets (57,5)
       C:\Program Files\dotnet\sdk\10.0.302\Sdks\Microsoft.NET.Sdk.StaticWebAssets\targets\Microsoft.NET.Sdk.StaticWebAssets.JSModules.targets(76,5): message : Reasignación de propiedad: $(ResolvePublishStaticWebAssetsDependsOn)="
       C:\Program Files\dotnet\sdk\10.0.302\Sdks\Microsoft.NET.Sdk.StaticWebAssets\targets\Microsoft.NET.Sdk.StaticWebAssets.JSModules.targets(76,5): message :       ResolveJSModuleManifestPublishStaticWebAssets;
       C:\Program Files\dotnet\sdk\10.0.302\Sdks\Microsoft.NET.Sdk.StaticWebAssets\targets\Microsoft.NET.Sdk.StaticWebAssets.JSModules.targets(76,5): message :       
       C:\Program Files\dotnet\sdk\10.0.302\Sdks\Microsoft.NET.Sdk.StaticWebAssets\targets\Microsoft.NET.Sdk.StaticWebAssets.JSModules.targets(76,5): message :       ResolveCorePublishStaticWebAssets;
       C:\Program Files\dotnet\sdk\10.0.302\Sdks\Microsoft.NET.Sdk.StaticWebAssets\targets\Microsoft.NET.Sdk.StaticWebAssets.JSModules.targets(76,5): message :       GenerateComputedPublishStaticWebAssets;
       C:\Program Files\dotnet\sdk\10.0.302\Sdks\Microsoft.NET.Sdk.StaticWebAssets\targets\Microsoft.NET.Sdk.StaticWebAssets.JSModules.targets(76,5): message :       ;
       C:\Program Files\dotnet\sdk\10.0.302\Sdks\Microsoft.NET.Sdk.StaticWebAssets\targets\Microsoft.NET.Sdk.StaticWebAssets.JSModules.targets(76,5): message :     
       C:\Program Files\dotnet\sdk\10.0.302\Sdks\Microsoft.NET.Sdk.StaticWebAssets\targets\Microsoft.NET.Sdk.StaticWebAssets.JSModules.targets(76,5): message :     " (valor anterior: "
       C:\Program Files\dotnet\sdk\10.0.302\Sdks\Microsoft.NET.Sdk.StaticWebAssets\targets\Microsoft.NET.Sdk.StaticWebAssets.JSModules.targets(76,5): message :       ResolveCorePublishStaticWebAssets;
       C:\Program Files\dotnet\sdk\10.0.302\Sdks\Microsoft.NET.Sdk.StaticWebAssets\targets\Microsoft.NET.Sdk.StaticWebAssets.JSModules.targets(76,5): message :       GenerateComputedPublishStaticWebAssets;
       C:\Program Files\dotnet\sdk\10.0.302\Sdks\Microsoft.NET.Sdk.StaticWebAssets\targets\Microsoft.NET.Sdk.StaticWebAssets.JSModules.targets(76,5): message :       ;
       C:\Program Files\dotnet\sdk\10.0.302\Sdks\Microsoft.NET.Sdk.StaticWebAssets\targets\Microsoft.NET.Sdk.StaticWebAssets.JSModules.targets(76,5): message :     ") en C:\Program Files\dotnet\sdk\10.0.302\Sdks\Microsoft.NET.Sdk.StaticWebAssets\targets\Microsoft.NET.Sdk.StaticWebAssets.JSModules.targets (76,5)
       C:\Program Files\dotnet\sdk\10.0.302\Sdks\Microsoft.NET.Sdk.StaticWebAssets\targets\Microsoft.NET.Sdk.StaticWebAssets.Compression.targets(185,5): message : Reasignación de propiedad: $(ResolveBuildRelatedStaticWebAssetsDependsOn)="
       C:\Program Files\dotnet\sdk\10.0.302\Sdks\Microsoft.NET.Sdk.StaticWebAssets\targets\Microsoft.NET.Sdk.StaticWebAssets.Compression.targets(185,5): message :       ResolveBuildCompressedStaticWebAssets;
       C:\Program Files\dotnet\sdk\10.0.302\Sdks\Microsoft.NET.Sdk.StaticWebAssets\targets\Microsoft.NET.Sdk.StaticWebAssets.Compression.targets(185,5): message :       
       C:\Program Files\dotnet\sdk\10.0.302\Sdks\Microsoft.NET.Sdk.StaticWebAssets\targets\Microsoft.NET.Sdk.StaticWebAssets.Compression.targets(185,5): message :       ResolveStaticWebAssetsInputs;
       C:\Program Files\dotnet\sdk\10.0.302\Sdks\Microsoft.NET.Sdk.StaticWebAssets\targets\Microsoft.NET.Sdk.StaticWebAssets.Compression.targets(185,5): message :       
       C:\Program Files\dotnet\sdk\10.0.302\Sdks\Microsoft.NET.Sdk.StaticWebAssets\targets\Microsoft.NET.Sdk.StaticWebAssets.Compression.targets(185,5): message :     
       C:\Program Files\dotnet\sdk\10.0.302\Sdks\Microsoft.NET.Sdk.StaticWebAssets\targets\Microsoft.NET.Sdk.StaticWebAssets.Compression.targets(185,5): message :     " (valor anterior: "
       C:\Program Files\dotnet\sdk\10.0.302\Sdks\Microsoft.NET.Sdk.StaticWebAssets\targets\Microsoft.NET.Sdk.StaticWebAssets.Compression.targets(185,5): message :       ResolveStaticWebAssetsInputs;
       C:\Program Files\dotnet\sdk\10.0.302\Sdks\Microsoft.NET.Sdk.StaticWebAssets\targets\Microsoft.NET.Sdk.StaticWebAssets.Compression.targets(185,5): message :       
       C:\Program Files\dotnet\sdk\10.0.302\Sdks\Microsoft.NET.Sdk.StaticWebAssets\targets\Microsoft.NET.Sdk.StaticWebAssets.Compression.targets(185,5): message :     ") en C:\Program Files\dotnet\sdk\10.0.302\Sdks\Microsoft.NET.Sdk.StaticWebAssets\targets\Microsoft.NET.Sdk.StaticWebAssets.Compression.targets (185,5)
       C:\Program Files\dotnet\sdk\10.0.302\Sdks\Microsoft.NET.Sdk.StaticWebAssets\targets\Microsoft.NET.Sdk.StaticWebAssets.Compression.targets(204,5): message : Reasignación de propiedad: $(ResolvePublishRelatedStaticWebAssetsDependsOn)="
       C:\Program Files\dotnet\sdk\10.0.302\Sdks\Microsoft.NET.Sdk.StaticWebAssets\targets\Microsoft.NET.Sdk.StaticWebAssets.Compression.targets(204,5): message :       ResolvePublishCompressedStaticWebAssets;
       C:\Program Files\dotnet\sdk\10.0.302\Sdks\Microsoft.NET.Sdk.StaticWebAssets\targets\Microsoft.NET.Sdk.StaticWebAssets.Compression.targets(204,5): message :       
       C:\Program Files\dotnet\sdk\10.0.302\Sdks\Microsoft.NET.Sdk.StaticWebAssets\targets\Microsoft.NET.Sdk.StaticWebAssets.Compression.targets(204,5): message :     " (valor anterior: "") en C:\Program Files\dotnet\sdk\10.0.302\Sdks\Microsoft.NET.Sdk.StaticWebAssets\targets\Microsoft.NET.Sdk.StaticWebAssets.Compression.targets (204,5)
       C:\Program Files\dotnet\sdk\10.0.302\Sdks\Microsoft.NET.Sdk.Razor\targets\Sdk.Razor.CurrentVersion.targets(220,5): message : Reasignación de propiedad: $(DebugSymbolsProjectOutputGroupDependsOn)="
       C:\Program Files\dotnet\sdk\10.0.302\Sdks\Microsoft.NET.Sdk.Razor\targets\Sdk.Razor.CurrentVersion.targets(220,5): message :       ;
       C:\Program Files\dotnet\sdk\10.0.302\Sdks\Microsoft.NET.Sdk.Razor\targets\Sdk.Razor.CurrentVersion.targets(220,5): message :       _RazorAddDebugSymbolsProjectOutputGroupOutput
       C:\Program Files\dotnet\sdk\10.0.302\Sdks\Microsoft.NET.Sdk.Razor\targets\Sdk.Razor.CurrentVersion.targets(220,5): message :     " (valor anterior: "") en C:\Program Files\dotnet\sdk\10.0.302\Sdks\Microsoft.NET.Sdk.Razor\targets\Sdk.Razor.CurrentVersion.targets (220,5)
       C:\Program Files\dotnet\sdk\10.0.302\Sdks\Microsoft.NET.Sdk.Razor\targets\Sdk.Razor.CurrentVersion.targets(225,5): message : Reasignación de propiedad: $(PrepareForBuildDependsOn)="
       C:\Program Files\dotnet\sdk\10.0.302\Sdks\Microsoft.NET.Sdk.Razor\targets\Sdk.Razor.CurrentVersion.targets(225,5): message :       ;GetFrameworkPaths;GetReferenceAssemblyPaths;AssignLinkMetadata;
       C:\Program Files\dotnet\sdk\10.0.302\Sdks\Microsoft.NET.Sdk.Razor\targets\Sdk.Razor.CurrentVersion.targets(225,5): message :       ResolveRazorGenerateInputs
       C:\Program Files\dotnet\sdk\10.0.302\Sdks\Microsoft.NET.Sdk.Razor\targets\Sdk.Razor.CurrentVersion.targets(225,5): message :     " (valor anterior: ";GetFrameworkPaths;GetReferenceAssemblyPaths;AssignLinkMetadata") en C:\Program Files\dotnet\sdk\10.0.302\Sdks\Microsoft.NET.Sdk.Razor\targets\Sdk.Razor.CurrentVersion.targets (225,5)
       C:\Program Files\dotnet\sdk\10.0.302\Sdks\Microsoft.NET.Sdk.Razor\targets\Sdk.Razor.CurrentVersion.targets(230,5): message : Reasignación de propiedad: $(GenerateNuspecDependsOn)="
       C:\Program Files\dotnet\sdk\10.0.302\Sdks\Microsoft.NET.Sdk.Razor\targets\Sdk.Razor.CurrentVersion.targets(230,5): message :       ResolveRazorGenerateInputs;
       C:\Program Files\dotnet\sdk\10.0.302\Sdks\Microsoft.NET.Sdk.Razor\targets\Sdk.Razor.CurrentVersion.targets(230,5): message :       
       C:\Program Files\dotnet\sdk\10.0.302\Sdks\Microsoft.NET.Sdk.Razor\targets\Sdk.Razor.CurrentVersion.targets(230,5): message :       IncludeStaticWebAssetsPackItems;
       C:\Program Files\dotnet\sdk\10.0.302\Sdks\Microsoft.NET.Sdk.Razor\targets\Sdk.Razor.CurrentVersion.targets(230,5): message :       Build;_LoadPackInputItems; _GetTargetFrameworksOutput; _WalkEachTargetPerFramework; _GetPackageFiles; ;
       C:\Program Files\dotnet\sdk\10.0.302\Sdks\Microsoft.NET.Sdk.Razor\targets\Sdk.Razor.CurrentVersion.targets(230,5): message :     
       C:\Program Files\dotnet\sdk\10.0.302\Sdks\Microsoft.NET.Sdk.Razor\targets\Sdk.Razor.CurrentVersion.targets(230,5): message :     " (valor anterior: "
       C:\Program Files\dotnet\sdk\10.0.302\Sdks\Microsoft.NET.Sdk.Razor\targets\Sdk.Razor.CurrentVersion.targets(230,5): message :       IncludeStaticWebAssetsPackItems;
       C:\Program Files\dotnet\sdk\10.0.302\Sdks\Microsoft.NET.Sdk.Razor\targets\Sdk.Razor.CurrentVersion.targets(230,5): message :       Build;_LoadPackInputItems; _GetTargetFrameworksOutput; _WalkEachTargetPerFramework; _GetPackageFiles; ;
       C:\Program Files\dotnet\sdk\10.0.302\Sdks\Microsoft.NET.Sdk.Razor\targets\Sdk.Razor.CurrentVersion.targets(230,5): message :     ") en C:\Program Files\dotnet\sdk\10.0.302\Sdks\Microsoft.NET.Sdk.Razor\targets\Sdk.Razor.CurrentVersion.targets (230,5)
       C:\Program Files\dotnet\sdk\10.0.302\Sdks\Microsoft.NET.Sdk.Razor\targets\Sdk.Razor.CurrentVersion.targets(235,5): message : Reasignación de propiedad: $(PrepareForRunDependsOn)="
       C:\Program Files\dotnet\sdk\10.0.302\Sdks\Microsoft.NET.Sdk.Razor\targets\Sdk.Razor.CurrentVersion.targets(235,5): message :       _RazorPrepareForRun;
       C:\Program Files\dotnet\sdk\10.0.302\Sdks\Microsoft.NET.Sdk.Razor\targets\Sdk.Razor.CurrentVersion.targets(235,5): message :       StaticWebAssetsPrepareForRun;
       C:\Program Files\dotnet\sdk\10.0.302\Sdks\Microsoft.NET.Sdk.Razor\targets\Sdk.Razor.CurrentVersion.targets(235,5): message :       CopyFilesToOutputDirectory
       C:\Program Files\dotnet\sdk\10.0.302\Sdks\Microsoft.NET.Sdk.Razor\targets\Sdk.Razor.CurrentVersion.targets(235,5): message :     
       C:\Program Files\dotnet\sdk\10.0.302\Sdks\Microsoft.NET.Sdk.Razor\targets\Sdk.Razor.CurrentVersion.targets(235,5): message :     " (valor anterior: "StaticWebAssetsPrepareForRun;
       C:\Program Files\dotnet\sdk\10.0.302\Sdks\Microsoft.NET.Sdk.Razor\targets\Sdk.Razor.CurrentVersion.targets(235,5): message :       CopyFilesToOutputDirectory
       C:\Program Files\dotnet\sdk\10.0.302\Sdks\Microsoft.NET.Sdk.Razor\targets\Sdk.Razor.CurrentVersion.targets(235,5): message :     ") en C:\Program Files\dotnet\sdk\10.0.302\Sdks\Microsoft.NET.Sdk.Razor\targets\Sdk.Razor.CurrentVersion.targets (235,5)
       C:\Program Files\dotnet\sdk\10.0.302\Sdks\Microsoft.NET.Sdk.Razor\targets\Sdk.Razor.CurrentVersion.targets(326,5): message : Reasignación de propiedad: $(UseRazorBuildServer)="true" (valor anterior: "") en C:\Program Files\dotnet\sdk\10.0.302\Sdks\Microsoft.NET.Sdk.Razor\targets\Sdk.Razor.CurrentVersion.targets (326,5)
       C:\Program Files\dotnet\sdk\10.0.302\Sdks\Microsoft.NET.Sdk.Razor\targets\Sdk.Razor.CurrentVersion.targets(332,5): message : Reasignación de propiedad: $(_RazorDebugSymbolsProduced)="true" (valor anterior: "false") en C:\Program Files\dotnet\sdk\10.0.302\Sdks\Microsoft.NET.Sdk.Razor\targets\Sdk.Razor.CurrentVersion.targets (332,5)
       C:\Program Files\dotnet\sdk\10.0.302\Sdks\Microsoft.NET.Sdk.Razor\targets\Microsoft.NET.Sdk.Razor.GenerateAssemblyInfo.targets(36,5): message : Reasignación de propiedad: $(GenerateRazorTargetAssemblyInfoDependsOn)="
       C:\Program Files\dotnet\sdk\10.0.302\Sdks\Microsoft.NET.Sdk.Razor\targets\Microsoft.NET.Sdk.Razor.GenerateAssemblyInfo.targets(36,5): message :       _ResolveMvcAssemblyAttributes;
       C:\Program Files\dotnet\sdk\10.0.302\Sdks\Microsoft.NET.Sdk.Razor\targets\Microsoft.NET.Sdk.Razor.GenerateAssemblyInfo.targets(36,5): message :       
       C:\Program Files\dotnet\sdk\10.0.302\Sdks\Microsoft.NET.Sdk.Razor\targets\Microsoft.NET.Sdk.Razor.GenerateAssemblyInfo.targets(36,5): message :       GetRazorTargetAssemblyAttributes;
       C:\Program Files\dotnet\sdk\10.0.302\Sdks\Microsoft.NET.Sdk.Razor\targets\Microsoft.NET.Sdk.Razor.GenerateAssemblyInfo.targets(36,5): message :       _CreateRazorTargetAssemblyInfoInputsCacheFile;
       C:\Program Files\dotnet\sdk\10.0.302\Sdks\Microsoft.NET.Sdk.Razor\targets\Microsoft.NET.Sdk.Razor.GenerateAssemblyInfo.targets(36,5): message :       CoreGenerateRazorTargetAssemblyInfo
       C:\Program Files\dotnet\sdk\10.0.302\Sdks\Microsoft.NET.Sdk.Razor\targets\Microsoft.NET.Sdk.Razor.GenerateAssemblyInfo.targets(36,5): message :     
       C:\Program Files\dotnet\sdk\10.0.302\Sdks\Microsoft.NET.Sdk.Razor\targets\Microsoft.NET.Sdk.Razor.GenerateAssemblyInfo.targets(36,5): message :     " (valor anterior: "
       C:\Program Files\dotnet\sdk\10.0.302\Sdks\Microsoft.NET.Sdk.Razor\targets\Microsoft.NET.Sdk.Razor.GenerateAssemblyInfo.targets(36,5): message :       GetRazorTargetAssemblyAttributes;
       C:\Program Files\dotnet\sdk\10.0.302\Sdks\Microsoft.NET.Sdk.Razor\targets\Microsoft.NET.Sdk.Razor.GenerateAssemblyInfo.targets(36,5): message :       _CreateRazorTargetAssemblyInfoInputsCacheFile;
       C:\Program Files\dotnet\sdk\10.0.302\Sdks\Microsoft.NET.Sdk.Razor\targets\Microsoft.NET.Sdk.Razor.GenerateAssemblyInfo.targets(36,5): message :       CoreGenerateRazorTargetAssemblyInfo
       C:\Program Files\dotnet\sdk\10.0.302\Sdks\Microsoft.NET.Sdk.Razor\targets\Microsoft.NET.Sdk.Razor.GenerateAssemblyInfo.targets(36,5): message :     ") en C:\Program Files\dotnet\sdk\10.0.302\Sdks\Microsoft.NET.Sdk.Razor\targets\Microsoft.NET.Sdk.Razor.GenerateAssemblyInfo.targets (36,5)
       C:\Program Files\dotnet\sdk\10.0.302\Sdks\Microsoft.NET.Sdk.Razor\targets\Microsoft.NET.Sdk.Razor.GenerateAssemblyInfo.targets(181,5): message : Reasignación de propiedad: $(CoreCompileDependsOn)="
       C:\Program Files\dotnet\sdk\10.0.302\Sdks\Microsoft.NET.Sdk.Razor\targets\Microsoft.NET.Sdk.Razor.GenerateAssemblyInfo.targets(181,5): message :       ;_ComputeNonExistentFileProperty;ResolveCodeAnalysisRuleSet;
       C:\Program Files\dotnet\sdk\10.0.302\Sdks\Microsoft.NET.Sdk.Razor\targets\Microsoft.NET.Sdk.Razor.GenerateAssemblyInfo.targets(181,5): message :       _GenerateRazorAssemblyInfo
       C:\Program Files\dotnet\sdk\10.0.302\Sdks\Microsoft.NET.Sdk.Razor\targets\Microsoft.NET.Sdk.Razor.GenerateAssemblyInfo.targets(181,5): message :     " (valor anterior: ";_ComputeNonExistentFileProperty;ResolveCodeAnalysisRuleSet") en C:\Program Files\dotnet\sdk\10.0.302\Sdks\Microsoft.NET.Sdk.Razor\targets\Microsoft.NET.Sdk.Razor.GenerateAssemblyInfo.targets (181,5)
       C:\Program Files\dotnet\sdk\10.0.302\Sdks\Microsoft.NET.Sdk.Razor\targets\Microsoft.NET.Sdk.Razor.GenerateAssemblyInfo.targets(189,5): message : Reasignación de propiedad: $(_GenerateRazorAssemblyInfoDependsOn)="
       C:\Program Files\dotnet\sdk\10.0.302\Sdks\Microsoft.NET.Sdk.Razor\targets\Microsoft.NET.Sdk.Razor.GenerateAssemblyInfo.targets(189,5): message :       _ResolveMvcAssemblyAttributes;
       C:\Program Files\dotnet\sdk\10.0.302\Sdks\Microsoft.NET.Sdk.Razor\targets\Microsoft.NET.Sdk.Razor.GenerateAssemblyInfo.targets(189,5): message :       RazorGetAssemblyAttributes;PrepareForBuild;_CoreGenerateRazorAssemblyInfo;
       C:\Program Files\dotnet\sdk\10.0.302\Sdks\Microsoft.NET.Sdk.Razor\targets\Microsoft.NET.Sdk.Razor.GenerateAssemblyInfo.targets(189,5): message :     " (valor anterior: "RazorGetAssemblyAttributes;PrepareForBuild;_CoreGenerateRazorAssemblyInfo") en C:\Program Files\dotnet\sdk\10.0.302\Sdks\Microsoft.NET.Sdk.Razor\targets\Microsoft.NET.Sdk.Razor.GenerateAssemblyInfo.targets (189,5)
       C:\Program Files\dotnet\sdk\10.0.302\Sdks\Microsoft.NET.Sdk.Razor\targets\Microsoft.NET.Sdk.Razor.MvcApplicationPartsDiscovery.targets(22,5): message : Reasignación de propiedad: $(CoreCompileDependsOn)="
       C:\Program Files\dotnet\sdk\10.0.302\Sdks\Microsoft.NET.Sdk.Razor\targets\Microsoft.NET.Sdk.Razor.MvcApplicationPartsDiscovery.targets(22,5): message :       _DiscoverMvcApplicationParts;
       C:\Program Files\dotnet\sdk\10.0.302\Sdks\Microsoft.NET.Sdk.Razor\targets\Microsoft.NET.Sdk.Razor.MvcApplicationPartsDiscovery.targets(22,5): message :       
       C:\Program Files\dotnet\sdk\10.0.302\Sdks\Microsoft.NET.Sdk.Razor\targets\Microsoft.NET.Sdk.Razor.MvcApplicationPartsDiscovery.targets(22,5): message :       ;_ComputeNonExistentFileProperty;ResolveCodeAnalysisRuleSet;
       C:\Program Files\dotnet\sdk\10.0.302\Sdks\Microsoft.NET.Sdk.Razor\targets\Microsoft.NET.Sdk.Razor.MvcApplicationPartsDiscovery.targets(22,5): message :       _GenerateRazorAssemblyInfo
       C:\Program Files\dotnet\sdk\10.0.302\Sdks\Microsoft.NET.Sdk.Razor\targets\Microsoft.NET.Sdk.Razor.MvcApplicationPartsDiscovery.targets(22,5): message :     ;
       C:\Program Files\dotnet\sdk\10.0.302\Sdks\Microsoft.NET.Sdk.Razor\targets\Microsoft.NET.Sdk.Razor.MvcApplicationPartsDiscovery.targets(22,5): message :     " (valor anterior: "
       C:\Program Files\dotnet\sdk\10.0.302\Sdks\Microsoft.NET.Sdk.Razor\targets\Microsoft.NET.Sdk.Razor.MvcApplicationPartsDiscovery.targets(22,5): message :       ;_ComputeNonExistentFileProperty;ResolveCodeAnalysisRuleSet;
       C:\Program Files\dotnet\sdk\10.0.302\Sdks\Microsoft.NET.Sdk.Razor\targets\Microsoft.NET.Sdk.Razor.MvcApplicationPartsDiscovery.targets(22,5): message :       _GenerateRazorAssemblyInfo
       C:\Program Files\dotnet\sdk\10.0.302\Sdks\Microsoft.NET.Sdk.Razor\targets\Microsoft.NET.Sdk.Razor.MvcApplicationPartsDiscovery.targets(22,5): message :     ") en C:\Program Files\dotnet\sdk\10.0.302\Sdks\Microsoft.NET.Sdk.Razor\targets\Microsoft.NET.Sdk.Razor.MvcApplicationPartsDiscovery.targets (22,5)
       C:\Program Files\dotnet\sdk\10.0.302\Sdks\Microsoft.NET.Sdk.Razor\targets\Sdk.Razor.CurrentVersion.targets(884,5): message : Reasignación de propiedad: $(RazorDesignTimeTargets)="C:\Program Files\dotnet\sdk\10.0.302\Sdks\Microsoft.NET.Sdk.Razor\targets\Microsoft.NET.Sdk.Razor.DesignTime.targets" (valor anterior: "C:\Program Files\dotnet\sdk\10.0.302\\Microsoft\VisualStudio\Razor\Microsoft.NET.Sdk.Razor.DesignTime.targets") en C:\Program Files\dotnet\sdk\10.0.302\Sdks\Microsoft.NET.Sdk.Razor\targets\Sdk.Razor.CurrentVersion.targets (884,5)
       C:\Program Files\dotnet\sdk\10.0.302\Sdks\Microsoft.NET.Sdk.Web.ProjectSystem\targets\Microsoft.NET.Sdk.Web.ProjectSystem.targets(21,5): message : Reasignación de propiedad: $(RunWorkingDirectory)="D:\TEXNICA\ERP-API\ERP.Api" (valor anterior: "") en C:\Program Files\dotnet\sdk\10.0.302\Sdks\Microsoft.NET.Sdk.Web.ProjectSystem\targets\Microsoft.NET.Sdk.Web.ProjectSystem.targets (21,5)
       C:\Program Files\dotnet\sdk\10.0.302\Sdks\Microsoft.NET.Sdk.Publish\targets\Microsoft.NET.Sdk.Publish.targets(66,5): message : Reasignación de propiedad: $(PublishProfileImported)="true" (valor anterior: "false") en C:\Program Files\dotnet\sdk\10.0.302\Sdks\Microsoft.NET.Sdk.Publish\targets\Microsoft.NET.Sdk.Publish.targets (66,5)
       C:\Program Files\dotnet\sdk\10.0.302\Sdks\Microsoft.NET.Sdk.Publish\targets\Microsoft.NET.Sdk.Publish.targets(87,5): message : Reasignación de propiedad: $(PublishConfiguration)="Debug" (valor anterior: "") en C:\Program Files\dotnet\sdk\10.0.302\Sdks\Microsoft.NET.Sdk.Publish\targets\Microsoft.NET.Sdk.Publish.targets (87,5)
       C:\Program Files\dotnet\sdk\10.0.302\Sdks\Microsoft.NET.Sdk.Publish\targets\Microsoft.NET.Sdk.Publish.targets(93,5): message : Reasignación de propiedad: $(BaseIntermediateOutputPath)="D:\TEXNICA\ERP-API\ERP.Api\obj\" (valor anterior: "obj\") en C:\Program Files\dotnet\sdk\10.0.302\Sdks\Microsoft.NET.Sdk.Publish\targets\Microsoft.NET.Sdk.Publish.targets (93,5)
       Invalidando el destino "ResolveFrameworkReferences" del proyecto"C:\Program Files\dotnet\sdk\10.0.302\Microsoft.Common.CurrentVersion.targets" con el destino "ResolveFrameworkReferences" del proyecto "C:\Program Files\dotnet\sdk\10.0.302\Sdks\Microsoft.NET.Sdk\targets\Microsoft.NET.Sdk.FrameworkReferenceResolution.targets".
       Invalidando el destino "GenerateSupportedTargetFrameworkAlias" del proyecto"C:\Program Files\dotnet\sdk\10.0.302\Microsoft.Common.CurrentVersion.targets" con el destino "GenerateSupportedTargetFrameworkAlias" del proyecto "C:\Program Files\dotnet\sdk\10.0.302\Sdks\Microsoft.NET.Sdk\targets\Microsoft.NET.Sdk.targets".
       Invalidando el destino "GetReferenceAssemblyPaths" del proyecto"C:\Program Files\dotnet\sdk\10.0.302\Microsoft.Common.CurrentVersion.targets" con el destino "GetReferenceAssemblyPaths" del proyecto "C:\Program Files\dotnet\sdk\10.0.302\Sdks\Microsoft.NET.Sdk\targets\Microsoft.NET.DisableStandardFrameworkResolution.targets".
       Invalidando el destino "GetFrameworkPaths" del proyecto"C:\Program Files\dotnet\sdk\10.0.302\Microsoft.Common.CurrentVersion.targets" con el destino "GetFrameworkPaths" del proyecto "C:\Program Files\dotnet\sdk\10.0.302\Sdks\Microsoft.NET.Sdk\targets\Microsoft.NET.DisableStandardFrameworkResolution.targets".
       Invalidando el destino "DesignerRuntimeImplementationProjectOutputGroup" del proyecto"C:\Program Files\dotnet\sdk\10.0.302\Microsoft.Common.CurrentVersion.targets" con el destino "DesignerRuntimeImplementationProjectOutputGroup" del proyecto "C:\Program Files\dotnet\sdk\10.0.302\Sdks\Microsoft.NET.Sdk\targets\Microsoft.NET.DesignerSupport.targets".
       Invalidando el destino "Publish" del proyecto"C:\Program Files\dotnet\sdk\10.0.302\Microsoft.Common.CurrentVersion.targets" con el destino "Publish" del proyecto "C:\Program Files\dotnet\sdk\10.0.302\Sdks\Microsoft.NET.Sdk\targets\Microsoft.NET.Publish.targets".
       Invalidando el destino "ResolveReadyToRunCompilers" del proyecto"C:\Program Files\dotnet\sdk\10.0.302\Sdks\Microsoft.NET.Sdk\targets\Microsoft.NET.CrossGen.targets" con el destino "ResolveReadyToRunCompilers" del proyecto "C:\Program Files\dotnet\sdk\10.0.302\Sdks\Microsoft.NET.Sdk\targets\Microsoft.NET.Publish.targets".
       Invalidando el destino "GetCopyToPublishDirectoryItems" del proyecto"C:\Program Files\dotnet\sdk\10.0.302\Microsoft.Common.CurrentVersion.targets" con el destino "GetCopyToPublishDirectoryItems" del proyecto "C:\Program Files\dotnet\sdk\10.0.302\Sdks\Microsoft.NET.Sdk\targets\Microsoft.NET.Publish.targets".
       Invalidando el destino "Run" del proyecto"C:\Program Files\dotnet\sdk\10.0.302\Microsoft.Common.CurrentVersion.targets" con el destino "Run" del proyecto "C:\Program Files\dotnet\sdk\10.0.302\Sdks\Microsoft.NET.Sdk\targets\Microsoft.NET.Sdk.targets".
       Invalidando el destino "BeforePublish" del proyecto"C:\Program Files\dotnet\sdk\10.0.302\Microsoft.Common.CurrentVersion.targets" con el destino "BeforePublish" del proyecto "C:\Program Files\dotnet\sdk\10.0.302\Sdks\Microsoft.NET.Sdk.Publish\targets\Microsoft.NET.Sdk.Publish.targets".
       Invalidando el destino "AfterPublish" del proyecto"C:\Program Files\dotnet\sdk\10.0.302\Microsoft.Common.CurrentVersion.targets" con el destino "AfterPublish" del proyecto "C:\Program Files\dotnet\sdk\10.0.302\Sdks\Microsoft.NET.Sdk.Publish\targets\Microsoft.NET.Sdk.Publish.targets".
       El destino "CollectUpToDateCheckInputDesignTime" que aparece en un atributo BeforeTargets en "C:\Program Files\dotnet\sdk\10.0.302\Sdks\Microsoft.NET.Sdk.StaticWebAssets\targets\Microsoft.NET.Sdk.StaticWebAssets.ScopedCss.targets (171,5)" no existe en el proyecto y se omitirá.
       El destino "CollectUpToDateCheckBuiltDesignTime" que aparece en un atributo BeforeTargets en "C:\Program Files\dotnet\sdk\10.0.302\Sdks\Microsoft.NET.Sdk.StaticWebAssets\targets\Microsoft.NET.Sdk.StaticWebAssets.ScopedCss.targets (171,5)" no existe en el proyecto y se omitirá.
       El destino "RazorGenerateComponentDeclaration" que aparece en un atributo AfterTargets en "C:\Program Files\dotnet\sdk\10.0.302\Sdks\Microsoft.NET.Sdk.Razor\targets\Microsoft.NET.Sdk.Razor.DesignTime.targets (55,53)" no existe en el proyecto y se omitirá.
     1>El proyecto "D:\TEXNICA\ERP-API\ERP.Api.sln" (1) está compilando "D:\TEXNICA\ERP-API\ERP.Api\ERP.Api.csproj" (2) en el nodo 1 (_IsProjectRestoreSupported destinos).
     2>Destino "_IsProjectRestoreSupported" en el archivo "C:\Program Files\dotnet\sdk\10.0.302\NuGet.targets" del proyecto "D:\TEXNICA\ERP-API\ERP.Api\ERP.Api.csproj" (punto de entrada):
     2>Compilación terminada del destino "_IsProjectRestoreSupported" en el proyecto "ERP.Api.csproj".
     2>Compilación del proyecto terminada "D:\TEXNICA\ERP-API\ERP.Api\ERP.Api.csproj" (_IsProjectRestoreSupported destinos).
     1>Ejecución de la tarea "MSBuild" terminada.
       Usando la tarea "WarnForInvalidProjectsTask" del ensamblado "C:\Program Files\dotnet\sdk\10.0.302\NuGet.Build.Tasks.dll".
       Tarea "WarnForInvalidProjectsTask"
       Ejecución de la tarea "WarnForInvalidProjectsTask" terminada.
     1>Compilación terminada del destino "_FilterRestoreGraphProjectInputItems" en el proyecto "ERP.Api.sln".
       Se omitió el destino "_FilterRestoreGraphProjectInputItems". Compilado previamente de forma correcta.
     1>Destino "_GetAllRestoreProjectPathItems" en el archivo "C:\Program Files\dotnet\sdk\10.0.302\NuGet.targets" del proyecto "D:\TEXNICA\ERP-API\ERP.Api.sln" (el destino "_GenerateRestoreGraph" depende de él):
       Usando la tarea "NuGetMessageTask" del ensamblado "C:\Program Files\dotnet\sdk\10.0.302\NuGet.Build.Tasks.dll".
       Tarea "NuGetMessageTask"
         Ensamblado cargado durante TaskRun (NuGet.Build.Tasks.NuGetMessageTask): NuGet.Build.Tasks.resources, Version=7.6.0.0, Culture=es, PublicKeyToken=31bf3856ad364e35(ubicación: C:\Program Files\dotnet\sdk\10.0.302\es\NuGet.Build.Tasks.resources.dll, MVID: 343e8c90-e5e4-4f65-9265-876ca98f00f3, AssemblyLoadContext: MSBuild plugin C:\Program Files\dotnet\sdk\10.0.302\NuGet.Build.Tasks.dll)
         Determinando los proyectos que se van a restaurar...
       Ejecución de la tarea "NuGetMessageTask" terminada.
       Tarea "MSBuild"
         Propiedades globales:
           ExcludeRestorePackageImports=true
           _RestoreSolutionFileUsed=true
           SolutionDir=D:\TEXNICA\ERP-API\
           SolutionName=ERP.Api
           SolutionFileName=ERP.Api.sln
           SolutionPath=D:\TEXNICA\ERP-API\ERP.Api.sln
           SolutionExt=.sln
         Propiedades adicionales del proyecto "D:\TEXNICA\ERP-API\ERP.Api\ERP.Api.csproj":
           Configuration=Debug
           Platform=AnyCPU
     1>El proyecto "D:\TEXNICA\ERP-API\ERP.Api.sln" (1) está compilando "D:\TEXNICA\ERP-API\ERP.Api\ERP.Api.csproj" (2:2) en el nodo 1 (_GenerateRestoreProjectPathWalk destinos).
   2:2>Destino "_GenerateRestoreProjectPathItemsPerFramework" en el archivo "C:\Program Files\dotnet\sdk\10.0.302\NuGet.targets" del proyecto "D:\TEXNICA\ERP-API\ERP.Api\ERP.Api.csproj" (el destino "_GenerateRestoreProjectPathItemsCurrentProject" depende de él):
   2:2>Usando la tarea "ConvertToAbsolutePath" del ensamblado "Microsoft.Build.Tasks.Core, Version=15.1.0.0, Culture=neutral, PublicKeyToken=b03f5f7f11d50a3a".
       Tarea "ConvertToAbsolutePath"
       Ejecución de la tarea "ConvertToAbsolutePath" terminada.
   2:2>Compilación terminada del destino "_GenerateRestoreProjectPathItemsPerFramework" en el proyecto "ERP.Api.csproj".
   2:2>Destino "_GenerateRestoreProjectPathItemsCurrentProject" en el archivo "C:\Program Files\dotnet\sdk\10.0.302\NuGet.targets" del proyecto "D:\TEXNICA\ERP-API\ERP.Api\ERP.Api.csproj" (el destino "_GenerateRestoreProjectPathItems" depende de él):
   2:2>Compilación terminada del destino "_GenerateRestoreProjectPathItemsCurrentProject" en el proyecto "ERP.Api.csproj".
   2:2>Destino "_GenerateRestoreProjectPathItems" en el archivo "C:\Program Files\dotnet\sdk\10.0.302\NuGet.targets" del proyecto "D:\TEXNICA\ERP-API\ERP.Api\ERP.Api.csproj" (el destino "_GenerateRestoreProjectPathWalk" depende de él):
       Usando la tarea "RemoveDuplicates" del ensamblado "Microsoft.Build.Tasks.Core, Version=15.1.0.0, Culture=neutral, PublicKeyToken=b03f5f7f11d50a3a".
       Tarea "RemoveDuplicates"
       Ejecución de la tarea "RemoveDuplicates" terminada.
   2:2>Compilación terminada del destino "_GenerateRestoreProjectPathItems" en el proyecto "ERP.Api.csproj".
   2:2>Destino "_GenerateRestoreProjectPathWalk" en el archivo "C:\Program Files\dotnet\sdk\10.0.302\NuGet.targets" del proyecto "D:\TEXNICA\ERP-API\ERP.Api\ERP.Api.csproj" (punto de entrada):
       Usando la tarea "MSBuild" del ensamblado "Microsoft.Build.Tasks.Core, Version=15.1.0.0, Culture=neutral, PublicKeyToken=b03f5f7f11d50a3a".
       Tarea "MSBuild"
       Ejecución de la tarea "MSBuild" terminada.
       Tarea "RemoveDuplicates"
       Ejecución de la tarea "RemoveDuplicates" terminada.
   2:2>Compilación terminada del destino "_GenerateRestoreProjectPathWalk" en el proyecto "ERP.Api.csproj".
   2:2>Compilación del proyecto terminada "D:\TEXNICA\ERP-API\ERP.Api\ERP.Api.csproj" (_GenerateRestoreProjectPathWalk destinos).
     1>Ejecución de la tarea "MSBuild" terminada.
       Tarea "RemoveDuplicates"
       Ejecución de la tarea "RemoveDuplicates" terminada.
       Tarea "MSBuild"
         Propiedades globales:
           ExcludeRestorePackageImports=true
           _RestoreSolutionFileUsed=true
           SolutionDir=D:\TEXNICA\ERP-API\
           SolutionName=ERP.Api
           SolutionFileName=ERP.Api.sln
           SolutionPath=D:\TEXNICA\ERP-API\ERP.Api.sln
           SolutionExt=.sln
         Propiedades adicionales del proyecto "D:\TEXNICA\ERP-API\ERP.Api\ERP.Api.csproj":
           Configuration=Debug
           Platform=AnyCPU
     1>El proyecto "D:\TEXNICA\ERP-API\ERP.Api.sln" (1) está compilando "D:\TEXNICA\ERP-API\ERP.Api\ERP.Api.csproj" (2:3) en el nodo 1 (_IsProjectRestoreSupported destinos).
   2:3>Se omitió el destino "_IsProjectRestoreSupported". Compilado previamente de forma correcta.
   2:3>Compilación del proyecto terminada "D:\TEXNICA\ERP-API\ERP.Api\ERP.Api.csproj" (_IsProjectRestoreSupported destinos).
     1>Ejecución de la tarea "MSBuild" terminada.
     1>Compilación terminada del destino "_GetAllRestoreProjectPathItems" en el proyecto "ERP.Api.sln".
     1>Destino "_GenerateRestoreGraph" en el archivo "C:\Program Files\dotnet\sdk\10.0.302\NuGet.targets" del proyecto "D:\TEXNICA\ERP-API\ERP.Api.sln" (el destino "Restore" depende de él):
       Tarea "Message"
         Generating dg file
       Ejecución de la tarea "Message" terminada.
       Tarea "Message"
         D:\TEXNICA\ERP-API\ERP.Api\ERP.Api.csproj
       Ejecución de la tarea "Message" terminada.
       Tarea "MSBuild"
         Propiedades globales:
           ExcludeRestorePackageImports=true
           _RestoreSolutionFileUsed=true
           SolutionDir=D:\TEXNICA\ERP-API\
           SolutionName=ERP.Api
           SolutionFileName=ERP.Api.sln
           SolutionPath=D:\TEXNICA\ERP-API\ERP.Api.sln
           SolutionExt=.sln
         Propiedades adicionales del proyecto "D:\TEXNICA\ERP-API\ERP.Api\ERP.Api.csproj":
           Configuration=Debug
           Platform=AnyCPU
     1>El proyecto "D:\TEXNICA\ERP-API\ERP.Api.sln" (1) está compilando "D:\TEXNICA\ERP-API\ERP.Api\ERP.Api.csproj" (2:4) en el nodo 1 (_GenerateRestoreGraphProjectEntry destinos).
   2:4>Destino "_CheckForUnsupportedNETCoreVersion" en el archivo "C:\Program Files\dotnet\sdk\10.0.302\Sdks\Microsoft.NET.Sdk\targets\Microsoft.NET.TargetFrameworkInference.targets" del proyecto "D:\TEXNICA\ERP-API\ERP.Api\ERP.Api.csproj" (el destino "CollectPackageReferences" depende de él):
   2:4>Compilación terminada del destino "_CheckForUnsupportedNETCoreVersion" en el proyecto "ERP.Api.csproj".
   2:4>Destino "_CheckForUnsupportedCppNETCoreVersion" en el archivo "C:\Program Files\dotnet\sdk\10.0.302\Sdks\Microsoft.NET.Sdk\targets\Microsoft.NET.TargetFrameworkInference.targets" del proyecto "D:\TEXNICA\ERP-API\ERP.Api\ERP.Api.csproj" (el destino "CollectPackageReferences" depende de él):
   2:4>Compilación terminada del destino "_CheckForUnsupportedCppNETCoreVersion" en el proyecto "ERP.Api.csproj".
   2:4>Destino "UpdateAspNetToFrameworkReference" en el archivo "C:\Program Files\dotnet\sdk\10.0.302\Sdks\Microsoft.NET.Sdk\targets\Microsoft.NET.Sdk.DefaultItems.Shared.targets" del proyecto "D:\TEXNICA\ERP-API\ERP.Api\ERP.Api.csproj" (el destino "ApplyImplicitVersions" depende de él):
       Usando la tarea "CheckIfPackageReferenceShouldBeFrameworkReference" del ensamblado "C:\Program Files\dotnet\sdk\10.0.302\Sdks\Microsoft.NET.Sdk\targets\..\tools\net10.0\Microsoft.NET.Build.Tasks.dll".
       Tarea "CheckIfPackageReferenceShouldBeFrameworkReference"
       Ejecución de la tarea "CheckIfPackageReferenceShouldBeFrameworkReference" terminada.
       Tarea "CheckIfPackageReferenceShouldBeFrameworkReference"
       Ejecución de la tarea "CheckIfPackageReferenceShouldBeFrameworkReference" terminada.
   2:4>Compilación terminada del destino "UpdateAspNetToFrameworkReference" en el proyecto "ERP.Api.csproj".
   2:4>Destino "CheckForImplicitPackageReferenceOverrides" en el archivo "C:\Program Files\dotnet\sdk\10.0.302\Sdks\Microsoft.NET.Sdk\targets\Microsoft.NET.Sdk.DefaultItems.Shared.targets" del proyecto "D:\TEXNICA\ERP-API\ERP.Api\ERP.Api.csproj" (el destino "ApplyImplicitVersions" depende de él):
       Usando la tarea "CheckForImplicitPackageReferenceOverrides" del ensamblado "C:\Program Files\dotnet\sdk\10.0.302\Sdks\Microsoft.NET.Sdk\targets\..\tools\net10.0\Microsoft.NET.Build.Tasks.dll".
       Tarea "CheckForImplicitPackageReferenceOverrides"
       Ejecución de la tarea "CheckForImplicitPackageReferenceOverrides" terminada.
   2:4>Compilación terminada del destino "CheckForImplicitPackageReferenceOverrides" en el proyecto "ERP.Api.csproj".
   2:4>Destino "ApplyImplicitVersions" en el archivo "C:\Program Files\dotnet\sdk\10.0.302\Sdks\Microsoft.NET.Sdk\targets\Microsoft.NET.Sdk.DefaultItems.Shared.targets" del proyecto "D:\TEXNICA\ERP-API\ERP.Api\ERP.Api.csproj" (el destino "CollectPackageReferences" depende de él):
       Usando la tarea "ApplyImplicitVersions" del ensamblado "C:\Program Files\dotnet\sdk\10.0.302\Sdks\Microsoft.NET.Sdk\targets\..\tools\net10.0\Microsoft.NET.Build.Tasks.dll".
       Tarea "ApplyImplicitVersions"
       Ejecución de la tarea "ApplyImplicitVersions" terminada.
   2:4>Compilación terminada del destino "ApplyImplicitVersions" en el proyecto "ERP.Api.csproj".
       Se omitió el destino "CheckForImplicitPackageReferenceOverrides". Compilado previamente de forma correcta.
   2:4>Destino "_CheckForLanguageAndFeatureCombinationSupport" en el archivo "C:\Program Files\dotnet\sdk\10.0.302\Sdks\Microsoft.NET.Sdk\targets\Microsoft.NET.RuntimeIdentifierInference.targets" del proyecto "D:\TEXNICA\ERP-API\ERP.Api\ERP.Api.csproj" (el destino "ProcessFrameworkReferences" depende de él):
   2:4>Compilación terminada del destino "_CheckForLanguageAndFeatureCombinationSupport" en el proyecto "ERP.Api.csproj".
   2:4>Destino "_ComputeToolPackInputsToProcessFrameworkReferences" en el archivo "C:\Program Files\dotnet\sdk\10.0.302\Sdks\Microsoft.NET.Sdk\targets\Microsoft.NET.Publish.targets" del proyecto "D:\TEXNICA\ERP-API\ERP.Api\ERP.Api.csproj" (el destino "ProcessFrameworkReferences" depende de él):
   2:4>Compilación terminada del destino "_ComputeToolPackInputsToProcessFrameworkReferences" en el proyecto "ERP.Api.csproj".
   2:4>Destino "ResolveRequiredWebAssets" en el archivo "C:\Program Files\dotnet\sdk\10.0.302\Sdks\Microsoft.NET.Sdk.Web.ProjectSystem\targets\Microsoft.NET.Sdk.Web.ProjectSystem.targets" del proyecto "D:\TEXNICA\ERP-API\ERP.Api\ERP.Api.csproj" (el destino "ProcessFrameworkReferences" depende de él):
   2:4>Compilación terminada del destino "ResolveRequiredWebAssets" en el proyecto "ERP.Api.csproj".
   2:4>Destino "ProcessFrameworkReferences" en el archivo "C:\Program Files\dotnet\sdk\10.0.302\Sdks\Microsoft.NET.Sdk\targets\Microsoft.NET.Sdk.FrameworkReferenceResolution.targets" del proyecto "D:\TEXNICA\ERP-API\ERP.Api\ERP.Api.csproj" (el destino "CollectPackageReferences" depende de él):
       Usando la tarea "CheckForDuplicateFrameworkReferences" del ensamblado "C:\Program Files\dotnet\sdk\10.0.302\Sdks\Microsoft.NET.Sdk\targets\..\tools\net10.0\Microsoft.NET.Build.Tasks.dll".
       Tarea "CheckForDuplicateFrameworkReferences"
       Ejecución de la tarea "CheckForDuplicateFrameworkReferences" terminada.
       Usando la tarea "ProcessFrameworkReferences" del ensamblado "C:\Program Files\dotnet\sdk\10.0.302\Sdks\Microsoft.NET.Sdk\targets\..\tools\net10.0\Microsoft.NET.Build.Tasks.dll".
       Tarea "ProcessFrameworkReferences"
         Found 2 known framework references for target framework .NETCoreApp
         Found 5 known runtime packs for target framework .NETCoreApp
         Selected Microsoft.NETCore.App with RIDs 'linux-arm;linux-arm64;linux-musl-arm64;linux-musl-x64;linux-x64;osx-x64;tizen.4.0.0-armel;tizen.5.0.0-armel;win-arm64;win-x64;win-x86;linux-musl-arm;osx-arm64;linux-s390x;linux-loongarch64;linux-bionic-arm;linux-bionic-arm64;linux-bionic-x64;linux-bionic-x86;linux-ppc64le;freebsd-x64;freebsd-arm64;linux-riscv64;linux-musl-riscv64;linux-musl-loongarch64'
         Selected targeting pack 'Microsoft.NETCore.App@9.0.18'
         Added runtime framework 'Microsoft.NETCore.App@9.0.0'
         Selected Microsoft.WindowsDesktop.App with RIDs 'win-x64;win-x86;win-arm64'
         Selected targeting pack 'Microsoft.WindowsDesktop.App@9.0.18'
         Added runtime framework 'Microsoft.WindowsDesktop.App@9.0.0'
         Selected Microsoft.WindowsDesktop.App with RIDs 'win-x64;win-x86;win-arm64'
         Selected targeting pack 'Microsoft.WindowsDesktop.App.WPF@9.0.18'
         Added runtime framework 'Microsoft.WindowsDesktop.App@9.0.0'
         Selected Microsoft.WindowsDesktop.App with RIDs 'win-x64;win-x86;win-arm64'
         Selected targeting pack 'Microsoft.WindowsDesktop.App.WindowsForms@9.0.18'
         Added runtime framework 'Microsoft.WindowsDesktop.App@9.0.0'
         Selected Microsoft.AspNetCore.App with RIDs 'win-x64;win-x86;osx-x64;linux-musl-x64;linux-musl-arm64;linux-x64;linux-arm;linux-arm64;linux-musl-arm;win-arm64;osx-arm64;linux-s390x;linux-loongarch64;linux-ppc64le;freebsd-x64;freebsd-arm64;linux-riscv64;linux-musl-riscv64;linux-loongarch64;linux-musl-loongarch64'
         Selected targeting pack 'Microsoft.AspNetCore.App@9.0.18'
         Added runtime framework 'Microsoft.AspNetCore.App@9.0.0'
       Ejecución de la tarea "ProcessFrameworkReferences" terminada.
       Usando la tarea "ResolveAppHosts" del ensamblado "C:\Program Files\dotnet\sdk\10.0.302\Sdks\Microsoft.NET.Sdk\targets\..\tools\net10.0\Microsoft.NET.Build.Tasks.dll".
       Tarea "ResolveAppHosts"
       Ejecución de la tarea "ResolveAppHosts" terminada.
   2:4>Compilación terminada del destino "ProcessFrameworkReferences" en el proyecto "ERP.Api.csproj".
   2:4>Destino "_CheckForObsoleteDotNetCliToolReferences" en el archivo "C:\Program Files\dotnet\sdk\10.0.302\Sdks\Microsoft.NET.Sdk\targets\Microsoft.NET.ObsoleteReferences.targets" del proyecto "D:\TEXNICA\ERP-API\ERP.Api\ERP.Api.csproj" (el destino "CollectPackageReferences" depende de él):
   2:4>Compilación terminada del destino "_CheckForObsoleteDotNetCliToolReferences" en el proyecto "ERP.Api.csproj".
   2:4>Destino "CollectPackageReferences" en el archivo "C:\Program Files\dotnet\sdk\10.0.302\NuGet.targets" del proyecto "D:\TEXNICA\ERP-API\ERP.Api\ERP.Api.csproj" (el destino "_GetRestoreProjectStyle" depende de él):
       Usando la tarea "CheckForDuplicateNuGetItemsTask" del ensamblado "C:\Program Files\dotnet\sdk\10.0.302\NuGet.Build.Tasks.dll".
       Tarea "CheckForDuplicateNuGetItemsTask"
       Ejecución de la tarea "CheckForDuplicateNuGetItemsTask" terminada.
   2:4>Compilación terminada del destino "CollectPackageReferences" en el proyecto "ERP.Api.csproj".
   2:4>Destino "_GetRestoreProjectStyle" en el archivo "C:\Program Files\dotnet\sdk\10.0.302\NuGet.targets" del proyecto "D:\TEXNICA\ERP-API\ERP.Api\ERP.Api.csproj" (el destino "_GenerateRestoreSpecs" depende de él):
       Usando la tarea "GetRestoreProjectStyleTask" del ensamblado "C:\Program Files\dotnet\sdk\10.0.302\NuGet.Build.Tasks.dll".
       Tarea "GetRestoreProjectStyleTask"
       Ejecución de la tarea "GetRestoreProjectStyleTask" terminada.
   2:4>Compilación terminada del destino "_GetRestoreProjectStyle" en el proyecto "ERP.Api.csproj".
   2:4>Destino "_GenerateRestoreSpecs" en el archivo "C:\Program Files\dotnet\sdk\10.0.302\NuGet.targets" del proyecto "D:\TEXNICA\ERP-API\ERP.Api\ERP.Api.csproj" (el destino "_GenerateRestoreGraphProjectEntry" depende de él):
       Usando la tarea "Message" del ensamblado "Microsoft.Build.Tasks.Core, Version=15.1.0.0, Culture=neutral, PublicKeyToken=b03f5f7f11d50a3a".
       Tarea "Message"
         Restore entry point D:\TEXNICA\ERP-API\ERP.Api\ERP.Api.csproj
       Ejecución de la tarea "Message" terminada.
   2:4>Compilación terminada del destino "_GenerateRestoreSpecs" en el proyecto "ERP.Api.csproj".
   2:4>Destino "_GetRestoreSettingsOverrides" en el archivo "C:\Program Files\dotnet\sdk\10.0.302\NuGet.targets" del proyecto "D:\TEXNICA\ERP-API\ERP.Api\ERP.Api.csproj" (el destino "_GetRestoreSettings" depende de él):
   2:4>Compilación terminada del destino "_GetRestoreSettingsOverrides" en el proyecto "ERP.Api.csproj".
   2:4>Destino "_GetRestoreSettingsPerFramework" en el archivo "C:\Program Files\dotnet\sdk\10.0.302\NuGet.targets" del proyecto "D:\TEXNICA\ERP-API\ERP.Api\ERP.Api.csproj" (el destino "_GetRestoreSettingsCurrentProject" depende de él):
   2:4>Compilación terminada del destino "_GetRestoreSettingsPerFramework" en el proyecto "ERP.Api.csproj".
   2:4>Destino "_GetRestoreSettingsCurrentProject" en el archivo "C:\Program Files\dotnet\sdk\10.0.302\NuGet.targets" del proyecto "D:\TEXNICA\ERP-API\ERP.Api\ERP.Api.csproj" (el destino "_GetRestoreSettings" depende de él):
   2:4>Compilación terminada del destino "_GetRestoreSettingsCurrentProject" en el proyecto "ERP.Api.csproj".
   2:4>Destino "_GetRestoreSettings" en el archivo "C:\Program Files\dotnet\sdk\10.0.302\NuGet.targets" del proyecto "D:\TEXNICA\ERP-API\ERP.Api\ERP.Api.csproj" (el destino "_GenerateDotnetCliToolReferenceSpecs" depende de él):
       Usando la tarea "GetRestoreSettingsTask" del ensamblado "C:\Program Files\dotnet\sdk\10.0.302\NuGet.Build.Tasks.dll".
       Tarea "GetRestoreSettingsTask"
         Ensamblado cargado durante TaskRun (NuGet.Build.Tasks.GetRestoreSettingsTask): NuGet.Configuration, Version=7.6.0.0, Culture=neutral, PublicKeyToken=31bf3856ad364e35(ubicación: C:\Program Files\dotnet\sdk\10.0.302\NuGet.Configuration.dll, MVID: f776aaf7-493c-4f93-aca3-2802294014aa, AssemblyLoadContext: MSBuild plugin C:\Program Files\dotnet\sdk\10.0.302\NuGet.Build.Tasks.dll)
       Ejecución de la tarea "GetRestoreSettingsTask" terminada.
   2:4>Compilación terminada del destino "_GetRestoreSettings" en el proyecto "ERP.Api.csproj".
   2:4>Destino "_GenerateDotnetCliToolReferenceSpecs" en el archivo "C:\Program Files\dotnet\sdk\10.0.302\NuGet.targets" del proyecto "D:\TEXNICA\ERP-API\ERP.Api\ERP.Api.csproj" (el destino "_GenerateRestoreGraphProjectEntry" depende de él):
       Usando la tarea "GetRestoreDotnetCliToolsTask" del ensamblado "C:\Program Files\dotnet\sdk\10.0.302\NuGet.Build.Tasks.dll".
       Tarea "GetRestoreDotnetCliToolsTask"
       Ejecución de la tarea "GetRestoreDotnetCliToolsTask" terminada.
   2:4>Compilación terminada del destino "_GenerateDotnetCliToolReferenceSpecs" en el proyecto "ERP.Api.csproj".
   2:4>Destino "_GenerateRestoreGraphProjectEntry" en el archivo "C:\Program Files\dotnet\sdk\10.0.302\NuGet.targets" del proyecto "D:\TEXNICA\ERP-API\ERP.Api\ERP.Api.csproj" (punto de entrada):
   2:4>Compilación terminada del destino "_GenerateRestoreGraphProjectEntry" en el proyecto "ERP.Api.csproj".
   2:4>Compilación del proyecto terminada "D:\TEXNICA\ERP-API\ERP.Api\ERP.Api.csproj" (_GenerateRestoreGraphProjectEntry destinos).
     1>Ejecución de la tarea "MSBuild" terminada.
       Tarea "MSBuild"
         Propiedades globales:
           ExcludeRestorePackageImports=true
           _RestoreSolutionFileUsed=true
           SolutionDir=D:\TEXNICA\ERP-API\
           SolutionName=ERP.Api
           SolutionFileName=ERP.Api.sln
           SolutionPath=D:\TEXNICA\ERP-API\ERP.Api.sln
           SolutionExt=.sln
         Propiedades adicionales del proyecto "D:\TEXNICA\ERP-API\ERP.Api\ERP.Api.csproj":
           Configuration=Debug
           Platform=AnyCPU
     1>El proyecto "D:\TEXNICA\ERP-API\ERP.Api.sln" (1) está compilando "D:\TEXNICA\ERP-API\ERP.Api\ERP.Api.csproj" (2:5) en el nodo 1 (_GenerateProjectRestoreGraph destinos).
   2:5>Se omitió el destino "_GetRestoreProjectStyle". Compilado previamente de forma correcta.
       Se omitió el destino "_GetRestoreProjectStyle". Compilado previamente de forma correcta.
       Se omitió el destino "_GetRestoreProjectStyle". Compilado previamente de forma correcta.
   2:5>Destino "_GetRestoreTargetFrameworkOverride" en el archivo "C:\Program Files\dotnet\sdk\10.0.302\NuGet.targets" del proyecto "D:\TEXNICA\ERP-API\ERP.Api\ERP.Api.csproj" (el destino "_GetRestoreTargetFrameworksOutput" depende de él):
   2:5>Compilación terminada del destino "_GetRestoreTargetFrameworkOverride" en el proyecto "ERP.Api.csproj".
   2:5>Destino "_GetRestoreTargetFrameworksOutput" en el archivo "C:\Program Files\dotnet\sdk\10.0.302\NuGet.targets" del proyecto "D:\TEXNICA\ERP-API\ERP.Api\ERP.Api.csproj" (el destino "_GenerateRestoreProjectSpec" depende de él):
       Usando la tarea "GetProjectTargetFrameworksTask" del ensamblado "C:\Program Files\dotnet\sdk\10.0.302\NuGet.Build.Tasks.dll".
       Tarea "GetProjectTargetFrameworksTask"
       Ejecución de la tarea "GetProjectTargetFrameworksTask" terminada.
   2:5>Compilación terminada del destino "_GetRestoreTargetFrameworksOutput" en el proyecto "ERP.Api.csproj".
       Se omitió el destino "_GetRestoreSettings". Compilado previamente de forma correcta.
   2:5>Destino "_GenerateRestoreProjectSpec" en el archivo "C:\Program Files\dotnet\sdk\10.0.302\NuGet.targets" del proyecto "D:\TEXNICA\ERP-API\ERP.Api\ERP.Api.csproj" (el destino "_GenerateProjectRestoreGraph" depende de él):
       Tarea "ConvertToAbsolutePath"
       Ejecución de la tarea "ConvertToAbsolutePath" terminada.
   2:5>Compilación terminada del destino "_GenerateRestoreProjectSpec" en el proyecto "ERP.Api.csproj".
       Se omitió el destino "_GetRestoreProjectStyle". Compilado previamente de forma correcta.
       Se omitió el destino "CollectPackageReferences". Compilado previamente de forma correcta.
   2:5>Destino "CollectPackageDownloads" en el archivo "C:\Program Files\dotnet\sdk\10.0.302\NuGet.targets" del proyecto "D:\TEXNICA\ERP-API\ERP.Api\ERP.Api.csproj" (el destino "_CollectRestoreInputs" depende de él):
       Tarea "CheckForDuplicateNuGetItemsTask"
       Ejecución de la tarea "CheckForDuplicateNuGetItemsTask" terminada.
   2:5>Compilación terminada del destino "CollectPackageDownloads" en el proyecto "ERP.Api.csproj".
   2:5>Destino "CollectFrameworkReferences" en el archivo "C:\Program Files\dotnet\sdk\10.0.302\NuGet.targets" del proyecto "D:\TEXNICA\ERP-API\ERP.Api\ERP.Api.csproj" (el destino "_CollectRestoreInputs" depende de él):
   2:5>Compilación terminada del destino "CollectFrameworkReferences" en el proyecto "ERP.Api.csproj".
   2:5>Destino "CollectCentralPackageVersions" en el archivo "C:\Program Files\dotnet\sdk\10.0.302\NuGet.targets" del proyecto "D:\TEXNICA\ERP-API\ERP.Api\ERP.Api.csproj" (el destino "_CollectRestoreInputs" depende de él):
       Tarea "CheckForDuplicateNuGetItemsTask"
       Ejecución de la tarea "CheckForDuplicateNuGetItemsTask" terminada.
   2:5>Compilación terminada del destino "CollectCentralPackageVersions" en el proyecto "ERP.Api.csproj".
   2:5>Destino "CollectNuGetAuditSuppressions" en el archivo "C:\Program Files\dotnet\sdk\10.0.302\NuGet.targets" del proyecto "D:\TEXNICA\ERP-API\ERP.Api\ERP.Api.csproj" (el destino "_CollectRestoreInputs" depende de él):
       Tarea "CheckForDuplicateNuGetItemsTask"
       Ejecución de la tarea "CheckForDuplicateNuGetItemsTask" terminada.
   2:5>Compilación terminada del destino "CollectNuGetAuditSuppressions" en el proyecto "ERP.Api.csproj".
   2:5>Destino "CollectPrunePackageReferences" en el archivo "C:\Program Files\dotnet\sdk\10.0.302\NuGet.targets" del proyecto "D:\TEXNICA\ERP-API\ERP.Api\ERP.Api.csproj" (el destino "_CollectRestoreInputs" depende de él):
       Tarea "CheckForDuplicateNuGetItemsTask"
       Ejecución de la tarea "CheckForDuplicateNuGetItemsTask" terminada.
   2:5>Compilación terminada del destino "CollectPrunePackageReferences" en el proyecto "ERP.Api.csproj".
   2:5>Destino "_CollectRestoreInputs" en el archivo "C:\Program Files\dotnet\sdk\10.0.302\NuGet.targets" del proyecto "D:\TEXNICA\ERP-API\ERP.Api\ERP.Api.csproj" (el destino "_GenerateProjectRestoreGraphPerFramework" depende de él):
   2:5>Compilación terminada del destino "_CollectRestoreInputs" en el proyecto "ERP.Api.csproj".
   2:5>Destino "_GenerateProjectRestoreGraphPerFramework" en el archivo "C:\Program Files\dotnet\sdk\10.0.302\NuGet.targets" del proyecto "D:\TEXNICA\ERP-API\ERP.Api\ERP.Api.csproj" (el destino "_GenerateProjectRestoreGraphCurrentProject" depende de él):
       Usando la tarea "GetRestoreProjectReferencesTask" del ensamblado "C:\Program Files\dotnet\sdk\10.0.302\NuGet.Build.Tasks.dll".
       Tarea "GetRestoreProjectReferencesTask"
       Ejecución de la tarea "GetRestoreProjectReferencesTask" terminada.
       Usando la tarea "GetRestorePackageReferencesTask" del ensamblado "C:\Program Files\dotnet\sdk\10.0.302\NuGet.Build.Tasks.dll".
       Tarea "GetRestorePackageReferencesTask"
       Ejecución de la tarea "GetRestorePackageReferencesTask" terminada.
       Usando la tarea "GetRestorePackageDownloadsTask" del ensamblado "C:\Program Files\dotnet\sdk\10.0.302\NuGet.Build.Tasks.dll".
       Tarea "GetRestorePackageDownloadsTask"
       Ejecución de la tarea "GetRestorePackageDownloadsTask" terminada.
       Usando la tarea "GetRestoreFrameworkReferencesTask" del ensamblado "C:\Program Files\dotnet\sdk\10.0.302\NuGet.Build.Tasks.dll".
       Tarea "GetRestoreFrameworkReferencesTask"
       Ejecución de la tarea "GetRestoreFrameworkReferencesTask" terminada.
       Usando la tarea "GetRestoreNuGetAuditSuppressionsTask" del ensamblado "C:\Program Files\dotnet\sdk\10.0.302\NuGet.Build.Tasks.dll".
       Tarea "GetRestoreNuGetAuditSuppressionsTask"
       Ejecución de la tarea "GetRestoreNuGetAuditSuppressionsTask" terminada.
       Usando la tarea "GetRestorePrunePackageReferencesTask" del ensamblado "C:\Program Files\dotnet\sdk\10.0.302\NuGet.Build.Tasks.dll".
       Tarea "GetRestorePrunePackageReferencesTask"
       Ejecución de la tarea "GetRestorePrunePackageReferencesTask" terminada.
   2:5>Compilación terminada del destino "_GenerateProjectRestoreGraphPerFramework" en el proyecto "ERP.Api.csproj".
   2:5>Destino "_GenerateProjectRestoreGraphCurrentProject" en el archivo "C:\Program Files\dotnet\sdk\10.0.302\NuGet.targets" del proyecto "D:\TEXNICA\ERP-API\ERP.Api\ERP.Api.csproj" (el destino "_GenerateRestoreDependencies" depende de él):
   2:5>Compilación terminada del destino "_GenerateProjectRestoreGraphCurrentProject" en el proyecto "ERP.Api.csproj".
   2:5>Destino "_GenerateRestoreDependencies" en el archivo "C:\Program Files\dotnet\sdk\10.0.302\NuGet.targets" del proyecto "D:\TEXNICA\ERP-API\ERP.Api\ERP.Api.csproj" (el destino "_GenerateProjectRestoreGraph" depende de él):
   2:5>Compilación terminada del destino "_GenerateRestoreDependencies" en el proyecto "ERP.Api.csproj".
   2:5>Destino "_GenerateProjectRestoreGraph" en el archivo "C:\Program Files\dotnet\sdk\10.0.302\NuGet.targets" del proyecto "D:\TEXNICA\ERP-API\ERP.Api\ERP.Api.csproj" (punto de entrada):
   2:5>Compilación terminada del destino "_GenerateProjectRestoreGraph" en el proyecto "ERP.Api.csproj".
   2:5>Compilación del proyecto terminada "D:\TEXNICA\ERP-API\ERP.Api\ERP.Api.csproj" (_GenerateProjectRestoreGraph destinos).
     1>Ejecución de la tarea "MSBuild" terminada.
     1>Compilación terminada del destino "_GenerateRestoreGraph" en el proyecto "ERP.Api.sln".
     1>Destino "Restore" en el archivo "C:\Program Files\dotnet\sdk\10.0.302\NuGet.targets" del proyecto "D:\TEXNICA\ERP-API\ERP.Api.sln" (punto de entrada):
       Tarea "RemoveDuplicates"
       Ejecución de la tarea "RemoveDuplicates" terminada.
       Usando la tarea "RestoreTask" del ensamblado "C:\Program Files\dotnet\sdk\10.0.302\NuGet.Build.Tasks.dll".
       Tarea "RestoreTask"
         Ensamblado cargado durante TaskRun (NuGet.Build.Tasks.RestoreTask): NuGet.Packaging, Version=7.6.0.0, Culture=neutral, PublicKeyToken=31bf3856ad364e35(ubicación: C:\Program Files\dotnet\sdk\10.0.302\NuGet.Packaging.dll, MVID: c5b3a909-8b21-4845-bdec-35329bbde5d5, AssemblyLoadContext: MSBuild plugin C:\Program Files\dotnet\sdk\10.0.302\NuGet.Build.Tasks.dll)
         Ensamblado cargado durante TaskRun (NuGet.Build.Tasks.RestoreTask): NuGet.Versioning, Version=7.6.0.0, Culture=neutral, PublicKeyToken=31bf3856ad364e35(ubicación: C:\Program Files\dotnet\sdk\10.0.302\NuGet.Versioning.dll, MVID: 12f68cff-b14e-467d-abeb-e6815fa40bed, AssemblyLoadContext: MSBuild plugin C:\Program Files\dotnet\sdk\10.0.302\NuGet.Build.Tasks.dll)
         Ensamblado cargado durante TaskRun (NuGet.Build.Tasks.RestoreTask): NuGet.Frameworks, Version=7.6.0.0, Culture=neutral, PublicKeyToken=31bf3856ad364e35(ubicación: C:\Program Files\dotnet\sdk\10.0.302\NuGet.Frameworks.dll, MVID: c8b2514d-8266-46e2-97cf-2b258b56265b, AssemblyLoadContext: MSBuild plugin C:\Program Files\dotnet\sdk\10.0.302\NuGet.Build.Tasks.dll)
         Ensamblado cargado durante TaskRun (NuGet.Build.Tasks.RestoreTask): NuGet.LibraryModel, Version=7.6.0.0, Culture=neutral, PublicKeyToken=31bf3856ad364e35(ubicación: C:\Program Files\dotnet\sdk\10.0.302\NuGet.LibraryModel.dll, MVID: d15489dc-1b1d-40b8-87ad-8d265eb94dbd, AssemblyLoadContext: MSBuild plugin C:\Program Files\dotnet\sdk\10.0.302\NuGet.Build.Tasks.dll)
         Ensamblado cargado durante TaskRun (NuGet.Build.Tasks.RestoreTask): NuGet.Protocol, Version=7.6.0.0, Culture=neutral, PublicKeyToken=31bf3856ad364e35(ubicación: C:\Program Files\dotnet\sdk\10.0.302\NuGet.Protocol.dll, MVID: 3a4ae892-2faa-4624-bd8e-63efa2e7074f, AssemblyLoadContext: MSBuild plugin C:\Program Files\dotnet\sdk\10.0.302\NuGet.Build.Tasks.dll)
         Ensamblado cargado durante TaskRun (NuGet.Build.Tasks.RestoreTask): NuGet.Credentials, Version=7.6.0.0, Culture=neutral, PublicKeyToken=31bf3856ad364e35(ubicación: C:\Program Files\dotnet\sdk\10.0.302\NuGet.Credentials.dll, MVID: bc8d0130-50d6-4c02-ab11-9601e79aac05, AssemblyLoadContext: MSBuild plugin C:\Program Files\dotnet\sdk\10.0.302\NuGet.Build.Tasks.dll)
         Ensamblado cargado durante TaskRun (NuGet.Build.Tasks.RestoreTask): NuGet.Packaging.resources, Version=7.6.0.0, Culture=es, PublicKeyToken=31bf3856ad364e35(ubicación: C:\Program Files\dotnet\sdk\10.0.302\es\NuGet.Packaging.resources.dll, MVID: cde1a9e2-cdfa-4fe2-b3ce-af18722d3b54, AssemblyLoadContext: MSBuild plugin C:\Program Files\dotnet\sdk\10.0.302\NuGet.Build.Tasks.dll)
         La validación de la cadena de certificados X.509 utilizará el almacén de confianza predeterminado seleccionado por .NET para la firma de código.
         La validación de la cadena de certificados X.509 utilizará el almacén de confianza predeterminado seleccionado por .NET para la marca de tiempo.
         Ensamblado cargado durante TaskRun (NuGet.Build.Tasks.RestoreTask): NuGet.DependencyResolver.Core, Version=7.6.0.0, Culture=neutral, PublicKeyToken=31bf3856ad364e35(ubicación: C:\Program Files\dotnet\sdk\10.0.302\NuGet.DependencyResolver.Core.dll, MVID: 8797b76a-b359-4ded-998b-b7df1f8cf214, AssemblyLoadContext: MSBuild plugin C:\Program Files\dotnet\sdk\10.0.302\NuGet.Build.Tasks.dll)
         Ensamblado cargado durante TaskRun (NuGet.Build.Tasks.RestoreTask): NuGet.Commands.resources, Version=7.6.0.0, Culture=es, PublicKeyToken=31bf3856ad364e35(ubicación: C:\Program Files\dotnet\sdk\10.0.302\es\NuGet.Commands.resources.dll, MVID: 58acedfb-2d3e-4297-b9bc-104afd91036f, AssemblyLoadContext: MSBuild plugin C:\Program Files\dotnet\sdk\10.0.302\NuGet.Build.Tasks.dll)
         Ejecutando restauración con 8 trabajos simultáneos.
         Leyendo el archivo del proyecto D:\TEXNICA\ERP-API\ERP.Api\ERP.Api.csproj.
         Ensamblado cargado durante TaskRun (NuGet.Build.Tasks.RestoreTask): Newtonsoft.Json, Version=13.0.0.0, Culture=neutral, PublicKeyToken=30ad4fe6b2a6aeed(ubicación: C:\Program Files\dotnet\sdk\10.0.302\Newtonsoft.Json.dll, MVID: 7e62198b-eab2-4380-bbac-29171862d1d8, AssemblyLoadContext: MSBuild plugin C:\Program Files\dotnet\sdk\10.0.302\NuGet.Build.Tasks.dll)
         Ensamblado cargado durante TaskRun (NuGet.Build.Tasks.RestoreTask): System.Runtime.Serialization.Primitives, Version=10.0.0.0, Culture=neutral, PublicKeyToken=b03f5f7f11d50a3a(ubicación: C:\Program Files\dotnet\shared\Microsoft.NETCore.App\10.0.10\System.Runtime.Serialization.Primitives.dll, MVID: 66f08e00-722e-4266-91a4-4a9d38b0d062, AssemblyLoadContext: Default)
         Ensamblado cargado durante TaskRun (NuGet.Build.Tasks.RestoreTask): System.Runtime.Numerics, Version=10.0.0.0, Culture=neutral, PublicKeyToken=b03f5f7f11d50a3a(ubicación: C:\Program Files\dotnet\shared\Microsoft.NETCore.App\10.0.10\System.Runtime.Numerics.dll, MVID: 1825e3b2-b31a-4d4d-8d82-46b728049442, AssemblyLoadContext: Default)
         Ensamblado cargado durante TaskRun (NuGet.Build.Tasks.RestoreTask): System.Text.Encodings.Web, Version=10.0.0.0, Culture=neutral, PublicKeyToken=cc7b13ffcd2ddd51(ubicación: C:\Program Files\dotnet\shared\Microsoft.NETCore.App\10.0.10\System.Text.Encodings.Web.dll, MVID: 43a68aa8-997d-4335-b4e7-46670437a748, AssemblyLoadContext: Default)
         Las entradas de restauración de "ERP.Api" no han cambiado. No se necesitan más acciones para finalizar la restauración.
         Ejecutando restauración...
         El archivo de recursos no ha cambiado, así que se omitirá su escritura. Ruta de acceso: D:\TEXNICA\ERP-API\ERP.Api\obj\project.assets.json
         No hay ninguna operación de restauración. La caché no se actualizará. Ruta de acceso: D:\TEXNICA\ERP-API\ERP.Api\obj\project.nuget.cache
         Ensamblado cargado durante TaskRun (NuGet.Build.Tasks.RestoreTask): NuGet.Common.resources, Version=7.6.0.0, Culture=es, PublicKeyToken=31bf3856ad364e35(ubicación: C:\Program Files\dotnet\sdk\10.0.302\es\NuGet.Common.resources.dll, MVID: 8574d526-c5f1-45a6-b49c-86f05708ae14, AssemblyLoadContext: MSBuild plugin C:\Program Files\dotnet\sdk\10.0.302\NuGet.Build.Tasks.dll)
         Se ha restaurado D:\TEXNICA\ERP-API\ERP.Api\ERP.Api.csproj (en 109 ms).
         
         Archivos de NuGet Config usados:
             C:\Users\rm619\AppData\Roaming\NuGet\NuGet.Config
             C:\Program Files (x86)\NuGet\Config\DevExpress 23.1.config
             C:\Program Files (x86)\NuGet\Config\Microsoft.VisualStudio.FallbackLocation.config
             C:\Program Files (x86)\NuGet\Config\Microsoft.VisualStudio.Offline.config
         
         Fuentes usadas:
             https://api.nuget.org/v3/index.json
             C:\Program Files\DevExpress 23.1\Components\System\Components\Packages
             C:\Program Files (x86)\Microsoft SDKs\NuGetPackages\
             C:\Program Files\dotnet\library-packs
         Todos los proyectos están actualizados para la restauración.
       Ejecución de la tarea "RestoreTask" terminada.
     1>Compilación terminada del destino "Restore" en el proyecto "ERP.Api.sln".
     1>Compilación del proyecto terminada "D:\TEXNICA\ERP-API\ERP.Api.sln" (Restore destinos).
     0>D:\TEXNICA\ERP-API\ERP.Api.sln.metaproj : message : Propiedad "MSBuildExtensionsPath" con el valor "C:\Program Files\dotnet\sdk\10.0.302\" expandido desde el entorno.
       La propiedad "NuGetInteractive" es global y no se puede modificar.
       C:\Program Files\dotnet\sdk\10.0.302\NuGet.targets(125,5): message : Reasignación de propiedad: $(_GenerateRestoreGraphProjectEntryInputProperties)="
       C:\Program Files\dotnet\sdk\10.0.302\NuGet.targets(125,5): message :       ExcludeRestorePackageImports=true;
       C:\Program Files\dotnet\sdk\10.0.302\NuGet.targets(125,5): message :       _RestoreSolutionFileUsed=true;
       C:\Program Files\dotnet\sdk\10.0.302\NuGet.targets(125,5): message :       SolutionDir=D:\TEXNICA\ERP-API\;
       C:\Program Files\dotnet\sdk\10.0.302\NuGet.targets(125,5): message :       SolutionName=ERP.Api;
       C:\Program Files\dotnet\sdk\10.0.302\NuGet.targets(125,5): message :       SolutionFileName=ERP.Api.sln;
       C:\Program Files\dotnet\sdk\10.0.302\NuGet.targets(125,5): message :       SolutionPath=D:\TEXNICA\ERP-API\ERP.Api.sln;
       C:\Program Files\dotnet\sdk\10.0.302\NuGet.targets(125,5): message :       SolutionExt=.sln;
       C:\Program Files\dotnet\sdk\10.0.302\NuGet.targets(125,5): message :     " (valor anterior: "ExcludeRestorePackageImports=true") en C:\Program Files\dotnet\sdk\10.0.302\NuGet.targets (125,5)
       El destino "_MTPBuild" que aparece en un atributo BeforeTargets en "C:\Program Files\dotnet\sdk\10.0.302\Current\SolutionFile\ImportAfter\Microsoft.NET.Sdk.Solution.targets (24,11)" no existe en el proyecto y se omitirá.
       El destino "Store" que aparece en un atributo BeforeTargets en "C:\Program Files\dotnet\sdk\10.0.302\Current\SolutionFile\ImportAfter\Microsoft.NET.Sdk.Solution.targets (33,11)" no existe en el proyecto y se omitirá.
       El destino "VSTest" que aparece en un atributo BeforeTargets en "C:\Program Files\dotnet\sdk\10.0.302\Current\SolutionFile\ImportAfter\Microsoft.NET.Sdk.Solution.targets (33,11)" no existe en el proyecto y se omitirá.
       El destino "_MTPBuild" que aparece en un atributo BeforeTargets en "C:\Program Files\dotnet\sdk\10.0.302\Current\SolutionFile\ImportAfter\Microsoft.NET.Sdk.Solution.targets (33,11)" no existe en el proyecto y se omitirá.
       El destino "_CheckForInvalidConfigurationAndPlatform" que aparece en un atributo BeforeTargets en "C:\Program Files\dotnet\sdk\10.0.302\NuGet.targets (705,11)" no existe en el proyecto y se omitirá.
   1:2>Proyecto "D:\TEXNICA\ERP-API\ERP.Api.sln" en nodo 1 (destinos predeterminados).
   1:2>Destino "ValidateSolutionConfiguration" en el archivo "D:\TEXNICA\ERP-API\ERP.Api.sln.metaproj" del proyecto "D:\TEXNICA\ERP-API\ERP.Api.sln" (punto de entrada):
   1:2>Usando la tarea "Message" del ensamblado "Microsoft.Build.Tasks.Core, Version=15.1.0.0, Culture=neutral, PublicKeyToken=b03f5f7f11d50a3a".
       Tarea "Message"
         Compilando la configuración de soluciones "Debug|Any CPU".
       Ejecución de la tarea "Message" terminada.
   1:2>Compilación terminada del destino "ValidateSolutionConfiguration" en el proyecto "ERP.Api.sln".
   1:2>Destino "ValidateToolsVersions" en el archivo "D:\TEXNICA\ERP-API\ERP.Api.sln.metaproj" del proyecto "D:\TEXNICA\ERP-API\ERP.Api.sln" (punto de entrada):
   1:2>Compilación terminada del destino "ValidateToolsVersions" en el proyecto "ERP.Api.sln".
   1:2>Destino "ValidateProjects" en el archivo "D:\TEXNICA\ERP-API\ERP.Api.sln.metaproj" del proyecto "D:\TEXNICA\ERP-API\ERP.Api.sln" (punto de entrada):
   1:2>Compilación terminada del destino "ValidateProjects" en el proyecto "ERP.Api.sln".
   1:2>Destino "Build" en el archivo "D:\TEXNICA\ERP-API\ERP.Api.sln.metaproj" del proyecto "D:\TEXNICA\ERP-API\ERP.Api.sln" (punto de entrada):
       Usando la tarea "MSBuild" del ensamblado "Microsoft.Build.Tasks.Core, Version=15.1.0.0, Culture=neutral, PublicKeyToken=b03f5f7f11d50a3a".
       Tarea "MSBuild"
         Propiedades globales:
           BuildingSolutionFile=true
           CurrentSolutionConfigurationContents=<SolutionConfiguration>
           <ProjectConfiguration Project="{8E3D317F-10BC-44C0-8610-D20BBE5ABCD5}" AbsolutePath="D:\TEXNICA\ERP-API\ERP.Api\ERP.Api.csproj" BuildProjectInSolution="True">Debug|AnyCPU</ProjectConfiguration>
         </SolutionConfiguration>
           SolutionDir=D:\TEXNICA\ERP-API\
           SolutionExt=.sln
           SolutionFileName=ERP.Api.sln
           SolutionName=ERP.Api
           SolutionPath=D:\TEXNICA\ERP-API\ERP.Api.sln
         Propiedades adicionales del proyecto "D:\TEXNICA\ERP-API\ERP.Api\ERP.Api.csproj":
           Configuration=Debug
           Platform=AnyCPU
     0>El SDK "Microsoft.NET.Sdk.Web" se resolvió correctamente mediante el resolvedor "DefaultSdkResolver" a la ubicación "C:\Program Files\dotnet\sdk\10.0.302\Sdks\Microsoft.NET.Sdk.Web\Sdk" y la versión "".
       El SDK "Microsoft.NET.Sdk" se resolvió correctamente mediante el resolvedor "DefaultSdkResolver" a la ubicación "C:\Program Files\dotnet\sdk\10.0.302\Sdks\Microsoft.NET.Sdk\Sdk" y la versión "".
       C:\Program Files\dotnet\sdk\10.0.302\Sdks\Microsoft.NET.Sdk\Sdk\Sdk.props(49,11): message : Propiedad "MSBuildExtensionsPath" con el valor "C:\Program Files\dotnet\sdk\10.0.302\" expandido desde el entorno.
       C:\Program Files\dotnet\sdk\10.0.302\Current\Microsoft.Common.props(60,5): message : Reasignación de propiedad: $(MSBuildProjectExtensionsPath)="D:\TEXNICA\ERP-API\ERP.Api\obj\" (valor anterior: "obj\") en C:\Program Files\dotnet\sdk\10.0.302\Current\Microsoft.Common.props (60,5)
       D:\TEXNICA\ERP-API\ERP.Api\obj\ERP.Api.csproj.nuget.g.props(7,5): message : Propiedad "USERPROFILE" con el valor "C:\Users\rm619" expandido desde el entorno.
       C:\Users\rm619\.nuget\packages\swashbuckle.aspnetcore\8.0.0\build\Swashbuckle.AspNetCore.props(3,5): message : Reasignación de propiedad: $(OpenApiGenerateDocumentsOnBuild)="false" (valor anterior: "") en C:\Users\rm619\.nuget\packages\swashbuckle.aspnetcore\8.0.0\build\Swashbuckle.AspNetCore.props (3,5)
       C:\Program Files\dotnet\sdk\10.0.302\Current\Microsoft.Common.props(84,119): message : Propiedad "MSBuildUserExtensionsPath" con el valor "C:\Users\rm619\AppData\Local\Microsoft\MSBuild" expandido desde el entorno.
       La propiedad "Configuration" es global y no se puede modificar.
       La propiedad "Platform" es global y no se puede modificar.
       La propiedad "Configuration" es global y no se puede modificar.
       La propiedad "Platform" es global y no se puede modificar.
       C:\Program Files\dotnet\sdk\10.0.302\Sdks\Microsoft.NET.Sdk\targets\Microsoft.NET.Sdk.props(90,5): message : Reasignación de propiedad: $(AssemblySearchPaths)="{CandidateAssemblyFiles};{HintPathFromItem}" (valor anterior: "{CandidateAssemblyFiles}") en C:\Program Files\dotnet\sdk\10.0.302\Sdks\Microsoft.NET.Sdk\targets\Microsoft.NET.Sdk.props (90,5)
       C:\Program Files\dotnet\sdk\10.0.302\Sdks\Microsoft.NET.Sdk\targets\Microsoft.NET.Sdk.props(91,5): message : Reasignación de propiedad: $(AssemblySearchPaths)="{CandidateAssemblyFiles};{HintPathFromItem};{TargetFrameworkDirectory}" (valor anterior: "{CandidateAssemblyFiles};{HintPathFromItem}") en C:\Program Files\dotnet\sdk\10.0.302\Sdks\Microsoft.NET.Sdk\targets\Microsoft.NET.Sdk.props (91,5)
       C:\Program Files\dotnet\sdk\10.0.302\Sdks\Microsoft.NET.Sdk\targets\Microsoft.NET.Sdk.props(92,5): message : Reasignación de propiedad: $(AssemblySearchPaths)="{CandidateAssemblyFiles};{HintPathFromItem};{TargetFrameworkDirectory};{RawFileName}" (valor anterior: "{CandidateAssemblyFiles};{HintPathFromItem};{TargetFrameworkDirectory}") en C:\Program Files\dotnet\sdk\10.0.302\Sdks\Microsoft.NET.Sdk\targets\Microsoft.NET.Sdk.props (92,5)
       El resolvedor "DefaultSdkResolver" intentó resolver el SDK "Microsoft.NET.SDK.WorkloadAutoImportPropsLocator".
       Advertencias: null
       Errores: MSB4276: La resolución predeterminada del SDK no pudo resolver el SDK "Microsoft.NET.SDK.WorkloadAutoImportPropsLocator" porque el directorio "C:\Program Files\dotnet\sdk\10.0.302\Sdks\Microsoft.NET.SDK.WorkloadAutoImportPropsLocator\Sdk" no existía.
       El SDK "Microsoft.NET.SDK.WorkloadAutoImportPropsLocator" se resolvió correctamente mediante el resolvedor "Microsoft.DotNet.MSBuildWorkloadSdkResolver" a la ubicación "C:\Program Files\dotnet\packs\Microsoft.iOS.Sdk.net9.0_18.0\18.0.9617\Sdk" y la versión "null".
       El SDK "Microsoft.NET.Sdk.Razor" se resolvió correctamente mediante el resolvedor "DefaultSdkResolver" a la ubicación "C:\Program Files\dotnet\sdk\10.0.302\Sdks\Microsoft.NET.Sdk.Razor\Sdk" y la versión "".
       El SDK "Microsoft.NET.Sdk.StaticWebAssets" se resolvió correctamente mediante el resolvedor "DefaultSdkResolver" a la ubicación "C:\Program Files\dotnet\sdk\10.0.302\Sdks\Microsoft.NET.Sdk.StaticWebAssets\Sdk" y la versión "".
       C:\Program Files\dotnet\sdk\10.0.302\Sdks\Microsoft.NET.Sdk.StaticWebAssets\Sdk\Sdk.StaticWebAssets.StaticAssets.ProjectSystem.props(23,5): message : Reasignación de propiedad: $(DefaultItemExcludes)=";**\node_modules\**;node_modules\**;**\jspm_packages\**;jspm_packages\**" (valor anterior: ";**\node_modules\**;node_modules\**") en C:\Program Files\dotnet\sdk\10.0.302\Sdks\Microsoft.NET.Sdk.StaticWebAssets\Sdk\Sdk.StaticWebAssets.StaticAssets.ProjectSystem.props (23,5)
       C:\Program Files\dotnet\sdk\10.0.302\Sdks\Microsoft.NET.Sdk.StaticWebAssets\Sdk\Sdk.StaticWebAssets.StaticAssets.ProjectSystem.props(24,5): message : Reasignación de propiedad: $(DefaultItemExcludes)=";**\node_modules\**;node_modules\**;**\jspm_packages\**;jspm_packages\**;**\bower_components\**;bower_components\**" (valor anterior: ";**\node_modules\**;node_modules\**;**\jspm_packages\**;jspm_packages\**") en C:\Program Files\dotnet\sdk\10.0.302\Sdks\Microsoft.NET.Sdk.StaticWebAssets\Sdk\Sdk.StaticWebAssets.StaticAssets.ProjectSystem.props (24,5)
       C:\Program Files\dotnet\sdk\10.0.302\Sdks\Microsoft.NET.Sdk.StaticWebAssets\Sdk\Sdk.StaticWebAssets.StaticAssets.ProjectSystem.props(25,5): message : Reasignación de propiedad: $(DefaultItemExcludes)=";**\node_modules\**;node_modules\**;**\jspm_packages\**;jspm_packages\**;**\bower_components\**;bower_components\**;**\packages.lock.json" (valor anterior: ";**\node_modules\**;node_modules\**;**\jspm_packages\**;jspm_packages\**;**\bower_components\**;bower_components\**") en C:\Program Files\dotnet\sdk\10.0.302\Sdks\Microsoft.NET.Sdk.StaticWebAssets\Sdk\Sdk.StaticWebAssets.StaticAssets.ProjectSystem.props (25,5)
       El SDK "Microsoft.NET.Sdk.Web.ProjectSystem" se resolvió correctamente mediante el resolvedor "DefaultSdkResolver" a la ubicación "C:\Program Files\dotnet\sdk\10.0.302\Sdks\Microsoft.NET.Sdk.Web.ProjectSystem\Sdk" y la versión "".
       C:\Program Files\dotnet\sdk\10.0.302\Sdks\Microsoft.NET.Sdk.Web.ProjectSystem\targets\Microsoft.NET.Sdk.Web.ProjectSystem.props(16,5): message : Reasignación de propiedad: $(OutputType)="Exe" (valor anterior: "Library") en C:\Program Files\dotnet\sdk\10.0.302\Sdks\Microsoft.NET.Sdk.Web.ProjectSystem\targets\Microsoft.NET.Sdk.Web.ProjectSystem.props (16,5)
       El SDK "Microsoft.NET.Sdk.Publish" se resolvió correctamente mediante el resolvedor "DefaultSdkResolver" a la ubicación "C:\Program Files\dotnet\sdk\10.0.302\Sdks\Microsoft.NET.Sdk.Publish\Sdk" y la versión "".
       La propiedad "Configuration" es global y no se puede modificar.
       La propiedad "Platform" es global y no se puede modificar.
       C:\Program Files\dotnet\sdk\10.0.302\Sdks\Microsoft.NET.Sdk\targets\Microsoft.NET.Sdk.ImportPublishProfile.targets(28,5): message : Reasignación de propiedad: $(PublishProfileImported)="false" (valor anterior: "true") en C:\Program Files\dotnet\sdk\10.0.302\Sdks\Microsoft.NET.Sdk\targets\Microsoft.NET.Sdk.ImportPublishProfile.targets (28,5)
       C:\Program Files\dotnet\sdk\10.0.302\Sdks\Microsoft.NET.Sdk\targets\Microsoft.NET.TargetFrameworkInference.targets(81,5): message : Reasignación de propiedad: $(TargetPlatformVersion)="" (valor anterior: "0.0") en C:\Program Files\dotnet\sdk\10.0.302\Sdks\Microsoft.NET.Sdk\targets\Microsoft.NET.TargetFrameworkInference.targets (81,5)
       C:\Program Files\dotnet\sdk\10.0.302\Sdks\Microsoft.NET.Sdk\targets\Microsoft.NET.DefaultOutputPaths.targets(126,5): message : Reasignación de propiedad: $(DefaultItemExcludes)=";**\node_modules\**;node_modules\**;**\jspm_packages\**;jspm_packages\**;**\bower_components\**;bower_components\**;**\packages.lock.json;bin\Debug\/**" (valor anterior: ";**\node_modules\**;node_modules\**;**\jspm_packages\**;jspm_packages\**;**\bower_components\**;bower_components\**;**\packages.lock.json") en C:\Program Files\dotnet\sdk\10.0.302\Sdks\Microsoft.NET.Sdk\targets\Microsoft.NET.DefaultOutputPaths.targets (126,5)
       C:\Program Files\dotnet\sdk\10.0.302\Sdks\Microsoft.NET.Sdk\targets\Microsoft.NET.DefaultOutputPaths.targets(127,5): message : Reasignación de propiedad: $(DefaultItemExcludes)=";**\node_modules\**;node_modules\**;**\jspm_packages\**;jspm_packages\**;**\bower_components\**;bower_components\**;**\packages.lock.json;bin\Debug\/**;obj\Debug\/**" (valor anterior: ";**\node_modules\**;node_modules\**;**\jspm_packages\**;jspm_packages\**;**\bower_components\**;bower_components\**;**\packages.lock.json;bin\Debug\/**") en C:\Program Files\dotnet\sdk\10.0.302\Sdks\Microsoft.NET.Sdk\targets\Microsoft.NET.DefaultOutputPaths.targets (127,5)
       C:\Program Files\dotnet\sdk\10.0.302\Sdks\Microsoft.NET.Sdk\targets\Microsoft.NET.DefaultOutputPaths.targets(142,5): message : Reasignación de propiedad: $(OutputPath)="bin\Debug\net9.0\" (valor anterior: "bin\Debug\") en C:\Program Files\dotnet\sdk\10.0.302\Sdks\Microsoft.NET.Sdk\targets\Microsoft.NET.DefaultOutputPaths.targets (142,5)
       C:\Program Files\dotnet\sdk\10.0.302\Sdks\Microsoft.NET.Sdk\targets\Microsoft.NET.DefaultOutputPaths.targets(147,5): message : Reasignación de propiedad: $(IntermediateOutputPath)="obj\Debug\net9.0\" (valor anterior: "obj\Debug\") en C:\Program Files\dotnet\sdk\10.0.302\Sdks\Microsoft.NET.Sdk\targets\Microsoft.NET.DefaultOutputPaths.targets (147,5)
       El resolvedor "DefaultSdkResolver" intentó resolver el SDK "Microsoft.NET.SDK.WorkloadManifestTargetsLocator".
       Advertencias: null
       Errores: MSB4276: La resolución predeterminada del SDK no pudo resolver el SDK "Microsoft.NET.SDK.WorkloadManifestTargetsLocator" porque el directorio "C:\Program Files\dotnet\sdk\10.0.302\Sdks\Microsoft.NET.SDK.WorkloadManifestTargetsLocator\Sdk" no existía.
       El SDK "Microsoft.NET.SDK.WorkloadManifestTargetsLocator" se resolvió correctamente mediante el resolvedor "Microsoft.DotNet.MSBuildWorkloadSdkResolver" a la ubicación "C:\Program Files\dotnet\sdk-manifests\10.0.100\microsoft.net.sdk.android\36.1.2" y la versión "null".
       C:\Program Files\dotnet\sdk\10.0.302\Sdks\Microsoft.NET.Sdk\targets\Microsoft.NET.Sdk.BeforeCommon.targets(379,5): message : Reasignación de propiedad: $(RoslynTargetsPath)="C:\Program Files\dotnet\sdk\10.0.302\Sdks\Microsoft.NET.Sdk\targets\..\..\..\Roslyn" (valor anterior: "C:\Program Files\dotnet\sdk\10.0.302\Roslyn") en C:\Program Files\dotnet\sdk\10.0.302\Sdks\Microsoft.NET.Sdk\targets\Microsoft.NET.Sdk.BeforeCommon.targets (379,5)
       C:\Program Files\dotnet\sdk\10.0.302\Roslyn\Microsoft.Managed.Core.targets(6,5): message : Reasignación de propiedad: $(_BuildTasksDirectory)="C:\Program Files\dotnet\sdk\10.0.302\Sdks\Microsoft.NET.Sdk\targets\..\..\..\Roslyn\" (valor anterior: "C:\Program Files\dotnet\sdk\10.0.302\Roslyn\") en C:\Program Files\dotnet\sdk\10.0.302\Roslyn\Microsoft.Managed.Core.targets (6,5)
       C:\Program Files\dotnet\sdk\10.0.302\Roslyn\Microsoft.CSharp.Core.targets(213,5): message : Reasignación de propiedad: $(CommandLineArgsForDesignTimeEvaluation)="-langversion:13.0 -define:TRACE" (valor anterior: "-langversion:13.0") en C:\Program Files\dotnet\sdk\10.0.302\Roslyn\Microsoft.CSharp.Core.targets (213,5)
       La propiedad "Platform" es global y no se puede modificar.
       La propiedad "Configuration" es global y no se puede modificar.
       C:\Program Files\dotnet\sdk\10.0.302\Microsoft.Common.CurrentVersion.targets(175,5): message : Reasignación de propiedad: $(_DebugSymbolsProduced)="true" (valor anterior: "false") en C:\Program Files\dotnet\sdk\10.0.302\Microsoft.Common.CurrentVersion.targets (175,5)
       C:\Program Files\dotnet\sdk\10.0.302\Microsoft.Common.CurrentVersion.targets(185,5): message : Reasignación de propiedad: $(_DocumentationFileProduced)="false" (valor anterior: "true") en C:\Program Files\dotnet\sdk\10.0.302\Microsoft.Common.CurrentVersion.targets (185,5)
       La propiedad "SolutionName" es global y no se puede modificar.
       La propiedad "SolutionFileName" es global y no se puede modificar.
       La propiedad "SolutionPath" es global y no se puede modificar.
       La propiedad "SolutionDir" es global y no se puede modificar.
       La propiedad "SolutionExt" es global y no se puede modificar.
       C:\Program Files\dotnet\sdk\10.0.302\Microsoft.Common.CurrentVersion.targets(393,5): message : Reasignación de propiedad: $(MSBuildCopyMarkerName)="ERP.Api.csproj.Up2Date" (valor anterior: "ERP.Api.csproj") en C:\Program Files\dotnet\sdk\10.0.302\Microsoft.Common.CurrentVersion.targets (393,5)
       C:\Program Files\dotnet\sdk\10.0.302\Microsoft.Common.CurrentVersion.targets(541,5): message : Reasignación de propiedad: $(ProcessorArchitecture)="msil" (valor anterior: "") en C:\Program Files\dotnet\sdk\10.0.302\Microsoft.Common.CurrentVersion.targets (541,5)
       C:\Program Files\dotnet\sdk\10.0.302\Microsoft.Common.CurrentVersion.targets(580,5): message : Reasignación de propiedad: $(DelaySign)="" (valor anterior: "false") en C:\Program Files\dotnet\sdk\10.0.302\Microsoft.Common.CurrentVersion.targets (580,5)
       C:\Program Files\dotnet\sdk\10.0.302\Microsoft.Common.CurrentVersion.targets(2622,5): message : Propiedad "LOCALAPPDATA" con el valor "C:\Users\rm619\AppData\Local" expandido desde el entorno.
       C:\Program Files\dotnet\sdk\10.0.302\Microsoft.Common.CurrentVersion.targets(3950,5): message : Reasignación de propiedad: $(_SGenGenerateSerializationAssembliesConfig)="Auto" (valor anterior: "") en C:\Program Files\dotnet\sdk\10.0.302\Microsoft.Common.CurrentVersion.targets (3950,5)
       C:\Program Files\dotnet\sdk\10.0.302\Microsoft.Common.CurrentVersion.targets(3951,5): message : Reasignación de propiedad: $(_SGenGenerateSerializationAssembliesConfig)="Off" (valor anterior: "Auto") en C:\Program Files\dotnet\sdk\10.0.302\Microsoft.Common.CurrentVersion.targets (3951,5)
       C:\Program Files\dotnet\sdk\10.0.302\Microsoft.Common.CurrentVersion.targets(5162,5): message : Reasignación de propiedad: $(_TargetsThatPrepareProjectReferences)="
       C:\Program Files\dotnet\sdk\10.0.302\Microsoft.Common.CurrentVersion.targets(5162,5): message :       AssignProjectConfiguration;
       C:\Program Files\dotnet\sdk\10.0.302\Microsoft.Common.CurrentVersion.targets(5162,5): message :       _SplitProjectReferencesByFileExistence
       C:\Program Files\dotnet\sdk\10.0.302\Microsoft.Common.CurrentVersion.targets(5162,5): message :     " (valor anterior: "_SplitProjectReferencesByFileExistence") en C:\Program Files\dotnet\sdk\10.0.302\Microsoft.Common.CurrentVersion.targets (5162,5)
       C:\Program Files\dotnet\sdk\10.0.302\Microsoft.Common.CurrentVersion.targets(6975,5): message : Propiedad "MSBuildExtensionsPath32" con el valor "C:\Program Files\dotnet\sdk\10.0.302" expandido desde el entorno.
       La propiedad "NuGetInteractive" es global y no se puede modificar.
       C:\Users\rm619\.nuget\packages\microsoft.extensions.apidescription.server\6.0.5\build\Microsoft.Extensions.ApiDescription.Server.targets(9,5): message : Reasignación de propiedad: $(OpenApiGenerateDocuments)="true" (valor anterior: "") en C:\Users\rm619\.nuget\packages\microsoft.extensions.apidescription.server\6.0.5\build\Microsoft.Extensions.ApiDescription.Server.targets (9,5)
       C:\Program Files\dotnet\sdk\10.0.302\Sdks\Microsoft.NET.Sdk\targets\Microsoft.PackageDependencyResolution.targets(29,5): message : Reasignación de propiedad: $(ProjectAssetsCacheFile)="D:\TEXNICA\ERP-API\ERP.Api\obj\Debug\net9.0\ERP.Api.assets.cache" (valor anterior: "obj\Debug\net9.0\ERP.Api.assets.cache") en C:\Program Files\dotnet\sdk\10.0.302\Sdks\Microsoft.NET.Sdk\targets\Microsoft.PackageDependencyResolution.targets (29,5)
       C:\Program Files\dotnet\sdk\10.0.302\Sdks\Microsoft.NET.Sdk\targets\Microsoft.PackageDependencyResolution.targets(80,5): message : Reasignación de propiedad: $(ResolveAssemblyReferencesDependsOn)="
       C:\Program Files\dotnet\sdk\10.0.302\Sdks\Microsoft.NET.Sdk\targets\Microsoft.PackageDependencyResolution.targets(80,5): message :       
       C:\Program Files\dotnet\sdk\10.0.302\Sdks\Microsoft.NET.Sdk\targets\Microsoft.PackageDependencyResolution.targets(80,5): message :       ResolveProjectReferences;
       C:\Program Files\dotnet\sdk\10.0.302\Sdks\Microsoft.NET.Sdk\targets\Microsoft.PackageDependencyResolution.targets(80,5): message :       FindInvalidProjectReferences;
       C:\Program Files\dotnet\sdk\10.0.302\Sdks\Microsoft.NET.Sdk\targets\Microsoft.PackageDependencyResolution.targets(80,5): message :       GetFrameworkPaths;
       C:\Program Files\dotnet\sdk\10.0.302\Sdks\Microsoft.NET.Sdk\targets\Microsoft.PackageDependencyResolution.targets(80,5): message :       GetReferenceAssemblyPaths;
       C:\Program Files\dotnet\sdk\10.0.302\Sdks\Microsoft.NET.Sdk\targets\Microsoft.PackageDependencyResolution.targets(80,5): message :       PrepareForBuild;
       C:\Program Files\dotnet\sdk\10.0.302\Sdks\Microsoft.NET.Sdk\targets\Microsoft.PackageDependencyResolution.targets(80,5): message :       ResolveSDKReferences;
       C:\Program Files\dotnet\sdk\10.0.302\Sdks\Microsoft.NET.Sdk\targets\Microsoft.PackageDependencyResolution.targets(80,5): message :       ExpandSDKReferences;
       C:\Program Files\dotnet\sdk\10.0.302\Sdks\Microsoft.NET.Sdk\targets\Microsoft.PackageDependencyResolution.targets(80,5): message :     ;
       C:\Program Files\dotnet\sdk\10.0.302\Sdks\Microsoft.NET.Sdk\targets\Microsoft.PackageDependencyResolution.targets(80,5): message :       ResolvePackageDependenciesForBuild;
       C:\Program Files\dotnet\sdk\10.0.302\Sdks\Microsoft.NET.Sdk\targets\Microsoft.PackageDependencyResolution.targets(80,5): message :       _HandlePackageFileConflicts;
       C:\Program Files\dotnet\sdk\10.0.302\Sdks\Microsoft.NET.Sdk\targets\Microsoft.PackageDependencyResolution.targets(80,5): message :     " (valor anterior: "
       C:\Program Files\dotnet\sdk\10.0.302\Sdks\Microsoft.NET.Sdk\targets\Microsoft.PackageDependencyResolution.targets(80,5): message :       ResolveProjectReferences;
       C:\Program Files\dotnet\sdk\10.0.302\Sdks\Microsoft.NET.Sdk\targets\Microsoft.PackageDependencyResolution.targets(80,5): message :       FindInvalidProjectReferences;
       C:\Program Files\dotnet\sdk\10.0.302\Sdks\Microsoft.NET.Sdk\targets\Microsoft.PackageDependencyResolution.targets(80,5): message :       GetFrameworkPaths;
       C:\Program Files\dotnet\sdk\10.0.302\Sdks\Microsoft.NET.Sdk\targets\Microsoft.PackageDependencyResolution.targets(80,5): message :       GetReferenceAssemblyPaths;
       C:\Program Files\dotnet\sdk\10.0.302\Sdks\Microsoft.NET.Sdk\targets\Microsoft.PackageDependencyResolution.targets(80,5): message :       PrepareForBuild;
       C:\Program Files\dotnet\sdk\10.0.302\Sdks\Microsoft.NET.Sdk\targets\Microsoft.PackageDependencyResolution.targets(80,5): message :       ResolveSDKReferences;
       C:\Program Files\dotnet\sdk\10.0.302\Sdks\Microsoft.NET.Sdk\targets\Microsoft.PackageDependencyResolution.targets(80,5): message :       ExpandSDKReferences;
       C:\Program Files\dotnet\sdk\10.0.302\Sdks\Microsoft.NET.Sdk\targets\Microsoft.PackageDependencyResolution.targets(80,5): message :     ") en C:\Program Files\dotnet\sdk\10.0.302\Sdks\Microsoft.NET.Sdk\targets\Microsoft.PackageDependencyResolution.targets (80,5)
       C:\Program Files\dotnet\sdk\10.0.302\Sdks\Microsoft.NET.Sdk\targets\Microsoft.PackageDependencyResolution.targets(86,5): message : Reasignación de propiedad: $(PrepareResourcesDependsOn)="
       C:\Program Files\dotnet\sdk\10.0.302\Sdks\Microsoft.NET.Sdk\targets\Microsoft.PackageDependencyResolution.targets(86,5): message :       ResolvePackageDependenciesForBuild;
       C:\Program Files\dotnet\sdk\10.0.302\Sdks\Microsoft.NET.Sdk\targets\Microsoft.PackageDependencyResolution.targets(86,5): message :       _HandlePackageFileConflicts;
       C:\Program Files\dotnet\sdk\10.0.302\Sdks\Microsoft.NET.Sdk\targets\Microsoft.PackageDependencyResolution.targets(86,5): message :       
       C:\Program Files\dotnet\sdk\10.0.302\Sdks\Microsoft.NET.Sdk\targets\Microsoft.PackageDependencyResolution.targets(86,5): message :       ;
       C:\Program Files\dotnet\sdk\10.0.302\Sdks\Microsoft.NET.Sdk\targets\Microsoft.PackageDependencyResolution.targets(86,5): message :       PrepareResourceNames;
       C:\Program Files\dotnet\sdk\10.0.302\Sdks\Microsoft.NET.Sdk\targets\Microsoft.PackageDependencyResolution.targets(86,5): message :       ResGen;
       C:\Program Files\dotnet\sdk\10.0.302\Sdks\Microsoft.NET.Sdk\targets\Microsoft.PackageDependencyResolution.targets(86,5): message :       CompileLicxFiles
       C:\Program Files\dotnet\sdk\10.0.302\Sdks\Microsoft.NET.Sdk\targets\Microsoft.PackageDependencyResolution.targets(86,5): message :     
       C:\Program Files\dotnet\sdk\10.0.302\Sdks\Microsoft.NET.Sdk\targets\Microsoft.PackageDependencyResolution.targets(86,5): message :     " (valor anterior: "
       C:\Program Files\dotnet\sdk\10.0.302\Sdks\Microsoft.NET.Sdk\targets\Microsoft.PackageDependencyResolution.targets(86,5): message :       ;
       C:\Program Files\dotnet\sdk\10.0.302\Sdks\Microsoft.NET.Sdk\targets\Microsoft.PackageDependencyResolution.targets(86,5): message :       PrepareResourceNames;
       C:\Program Files\dotnet\sdk\10.0.302\Sdks\Microsoft.NET.Sdk\targets\Microsoft.PackageDependencyResolution.targets(86,5): message :       ResGen;
       C:\Program Files\dotnet\sdk\10.0.302\Sdks\Microsoft.NET.Sdk\targets\Microsoft.PackageDependencyResolution.targets(86,5): message :       CompileLicxFiles
       C:\Program Files\dotnet\sdk\10.0.302\Sdks\Microsoft.NET.Sdk\targets\Microsoft.PackageDependencyResolution.targets(86,5): message :     ") en C:\Program Files\dotnet\sdk\10.0.302\Sdks\Microsoft.NET.Sdk\targets\Microsoft.PackageDependencyResolution.targets (86,5)
       C:\Program Files\dotnet\sdk\10.0.302\Sdks\Microsoft.NET.Sdk\targets\Microsoft.NET.Sdk.DefaultItems.targets(35,5): message : Reasignación de propiedad: $(DefaultItemExcludes)=";**\node_modules\**;node_modules\**;**\jspm_packages\**;jspm_packages\**;**\bower_components\**;bower_components\**;**\packages.lock.json;bin\Debug\/**;obj\Debug\/**;bin\/**" (valor anterior: ";**\node_modules\**;node_modules\**;**\jspm_packages\**;jspm_packages\**;**\bower_components\**;bower_components\**;**\packages.lock.json;bin\Debug\/**;obj\Debug\/**") en C:\Program Files\dotnet\sdk\10.0.302\Sdks\Microsoft.NET.Sdk\targets\Microsoft.NET.Sdk.DefaultItems.targets (35,5)
       C:\Program Files\dotnet\sdk\10.0.302\Sdks\Microsoft.NET.Sdk\targets\Microsoft.NET.Sdk.DefaultItems.targets(37,5): message : Reasignación de propiedad: $(DefaultItemExcludes)=";**\node_modules\**;node_modules\**;**\jspm_packages\**;jspm_packages\**;**\bower_components\**;bower_components\**;**\packages.lock.json;bin\Debug\/**;obj\Debug\/**;bin\/**;obj\/**" (valor anterior: ";**\node_modules\**;node_modules\**;**\jspm_packages\**;jspm_packages\**;**\bower_components\**;bower_components\**;**\packages.lock.json;bin\Debug\/**;obj\Debug\/**;bin\/**") en C:\Program Files\dotnet\sdk\10.0.302\Sdks\Microsoft.NET.Sdk\targets\Microsoft.NET.Sdk.DefaultItems.targets (37,5)
       C:\Program Files\dotnet\sdk\10.0.302\Sdks\Microsoft.NET.Sdk\targets\Microsoft.NET.Sdk.DefaultItems.targets(41,5): message : Reasignación de propiedad: $(DefaultItemExcludes)=";**\node_modules\**;node_modules\**;**\jspm_packages\**;jspm_packages\**;**\bower_components\**;bower_components\**;**\packages.lock.json;bin\Debug\/**;obj\Debug\/**;bin\/**;obj\/**;bin\Debug\net9.0\publish\/**" (valor anterior: ";**\node_modules\**;node_modules\**;**\jspm_packages\**;jspm_packages\**;**\bower_components\**;bower_components\**;**\packages.lock.json;bin\Debug\/**;obj\Debug\/**;bin\/**;obj\/**") en C:\Program Files\dotnet\sdk\10.0.302\Sdks\Microsoft.NET.Sdk\targets\Microsoft.NET.Sdk.DefaultItems.targets (41,5)
       C:\Program Files\dotnet\sdk\10.0.302\Sdks\Microsoft.NET.Sdk\targets\Microsoft.NET.Sdk.DefaultItems.targets(44,5): message : Reasignación de propiedad: $(DefaultItemExcludes)=";**\node_modules\**;node_modules\**;**\jspm_packages\**;jspm_packages\**;**\bower_components\**;bower_components\**;**\packages.lock.json;bin\Debug\/**;obj\Debug\/**;bin\/**;obj\/**;bin\Debug\net9.0\publish\/**;**/*.user" (valor anterior: ";**\node_modules\**;node_modules\**;**\jspm_packages\**;jspm_packages\**;**\bower_components\**;bower_components\**;**\packages.lock.json;bin\Debug\/**;obj\Debug\/**;bin\/**;obj\/**;bin\Debug\net9.0\publish\/**") en C:\Program Files\dotnet\sdk\10.0.302\Sdks\Microsoft.NET.Sdk\targets\Microsoft.NET.Sdk.DefaultItems.targets (44,5)
       C:\Program Files\dotnet\sdk\10.0.302\Sdks\Microsoft.NET.Sdk\targets\Microsoft.NET.Sdk.DefaultItems.targets(45,5): message : Reasignación de propiedad: $(DefaultItemExcludes)=";**\node_modules\**;node_modules\**;**\jspm_packages\**;jspm_packages\**;**\bower_components\**;bower_components\**;**\packages.lock.json;bin\Debug\/**;obj\Debug\/**;bin\/**;obj\/**;bin\Debug\net9.0\publish\/**;**/*.user;**/*.*proj" (valor anterior: ";**\node_modules\**;node_modules\**;**\jspm_packages\**;jspm_packages\**;**\bower_components\**;bower_components\**;**\packages.lock.json;bin\Debug\/**;obj\Debug\/**;bin\/**;obj\/**;bin\Debug\net9.0\publish\/**;**/*.user") en C:\Program Files\dotnet\sdk\10.0.302\Sdks\Microsoft.NET.Sdk\targets\Microsoft.NET.Sdk.DefaultItems.targets (45,5)
       C:\Program Files\dotnet\sdk\10.0.302\Sdks\Microsoft.NET.Sdk\targets\Microsoft.NET.Sdk.DefaultItems.targets(46,5): message : Reasignación de propiedad: $(DefaultItemExcludes)=";**\node_modules\**;node_modules\**;**\jspm_packages\**;jspm_packages\**;**\bower_components\**;bower_components\**;**\packages.lock.json;bin\Debug\/**;obj\Debug\/**;bin\/**;obj\/**;bin\Debug\net9.0\publish\/**;**/*.user;**/*.*proj;**/*.sln" (valor anterior: ";**\node_modules\**;node_modules\**;**\jspm_packages\**;jspm_packages\**;**\bower_components\**;bower_components\**;**\packages.lock.json;bin\Debug\/**;obj\Debug\/**;bin\/**;obj\/**;bin\Debug\net9.0\publish\/**;**/*.user;**/*.*proj") en C:\Program Files\dotnet\sdk\10.0.302\Sdks\Microsoft.NET.Sdk\targets\Microsoft.NET.Sdk.DefaultItems.targets (46,5)
       C:\Program Files\dotnet\sdk\10.0.302\Sdks\Microsoft.NET.Sdk\targets\Microsoft.NET.Sdk.DefaultItems.targets(47,5): message : Reasignación de propiedad: $(DefaultItemExcludes)=";**\node_modules\**;node_modules\**;**\jspm_packages\**;jspm_packages\**;**\bower_components\**;bower_components\**;**\packages.lock.json;bin\Debug\/**;obj\Debug\/**;bin\/**;obj\/**;bin\Debug\net9.0\publish\/**;**/*.user;**/*.*proj;**/*.sln;**/*.slnx" (valor anterior: ";**\node_modules\**;node_modules\**;**\jspm_packages\**;jspm_packages\**;**\bower_components\**;bower_components\**;**\packages.lock.json;bin\Debug\/**;obj\Debug\/**;bin\/**;obj\/**;bin\Debug\net9.0\publish\/**;**/*.user;**/*.*proj;**/*.sln") en C:\Program Files\dotnet\sdk\10.0.302\Sdks\Microsoft.NET.Sdk\targets\Microsoft.NET.Sdk.DefaultItems.targets (47,5)
       C:\Program Files\dotnet\sdk\10.0.302\Sdks\Microsoft.NET.Sdk\targets\Microsoft.NET.Sdk.DefaultItems.targets(48,5): message : Reasignación de propiedad: $(DefaultItemExcludes)=";**\node_modules\**;node_modules\**;**\jspm_packages\**;jspm_packages\**;**\bower_components\**;bower_components\**;**\packages.lock.json;bin\Debug\/**;obj\Debug\/**;bin\/**;obj\/**;bin\Debug\net9.0\publish\/**;**/*.user;**/*.*proj;**/*.sln;**/*.slnx;**/*.vssscc" (valor anterior: ";**\node_modules\**;node_modules\**;**\jspm_packages\**;jspm_packages\**;**\bower_components\**;bower_components\**;**\packages.lock.json;bin\Debug\/**;obj\Debug\/**;bin\/**;obj\/**;bin\Debug\net9.0\publish\/**;**/*.user;**/*.*proj;**/*.sln;**/*.slnx") en C:\Program Files\dotnet\sdk\10.0.302\Sdks\Microsoft.NET.Sdk\targets\Microsoft.NET.Sdk.DefaultItems.targets (48,5)
       C:\Program Files\dotnet\sdk\10.0.302\Sdks\Microsoft.NET.Sdk\targets\Microsoft.NET.Sdk.DefaultItems.targets(49,5): message : Reasignación de propiedad: $(DefaultItemExcludes)=";**\node_modules\**;node_modules\**;**\jspm_packages\**;jspm_packages\**;**\bower_components\**;bower_components\**;**\packages.lock.json;bin\Debug\/**;obj\Debug\/**;bin\/**;obj\/**;bin\Debug\net9.0\publish\/**;**/*.user;**/*.*proj;**/*.sln;**/*.slnx;**/*.vssscc;**/.DS_Store" (valor anterior: ";**\node_modules\**;node_modules\**;**\jspm_packages\**;jspm_packages\**;**\bower_components\**;bower_components\**;**\packages.lock.json;bin\Debug\/**;obj\Debug\/**;bin\/**;obj\/**;bin\Debug\net9.0\publish\/**;**/*.user;**/*.*proj;**/*.sln;**/*.slnx;**/*.vssscc") en C:\Program Files\dotnet\sdk\10.0.302\Sdks\Microsoft.NET.Sdk\targets\Microsoft.NET.Sdk.DefaultItems.targets (49,5)
       C:\Program Files\dotnet\sdk\10.0.302\Sdks\Microsoft.NET.Sdk\targets\Microsoft.NET.Sdk.FrameworkReferenceResolution.targets(14,5): message : Reasignación de propiedad: $(ResolveAssemblyReferencesDependsOn)="
       C:\Program Files\dotnet\sdk\10.0.302\Sdks\Microsoft.NET.Sdk\targets\Microsoft.NET.Sdk.FrameworkReferenceResolution.targets(14,5): message :       
       C:\Program Files\dotnet\sdk\10.0.302\Sdks\Microsoft.NET.Sdk\targets\Microsoft.NET.Sdk.FrameworkReferenceResolution.targets(14,5): message :       
       C:\Program Files\dotnet\sdk\10.0.302\Sdks\Microsoft.NET.Sdk\targets\Microsoft.NET.Sdk.FrameworkReferenceResolution.targets(14,5): message :       ResolveProjectReferences;
       C:\Program Files\dotnet\sdk\10.0.302\Sdks\Microsoft.NET.Sdk\targets\Microsoft.NET.Sdk.FrameworkReferenceResolution.targets(14,5): message :       FindInvalidProjectReferences;
       C:\Program Files\dotnet\sdk\10.0.302\Sdks\Microsoft.NET.Sdk\targets\Microsoft.NET.Sdk.FrameworkReferenceResolution.targets(14,5): message :       GetFrameworkPaths;
       C:\Program Files\dotnet\sdk\10.0.302\Sdks\Microsoft.NET.Sdk\targets\Microsoft.NET.Sdk.FrameworkReferenceResolution.targets(14,5): message :       GetReferenceAssemblyPaths;
       C:\Program Files\dotnet\sdk\10.0.302\Sdks\Microsoft.NET.Sdk\targets\Microsoft.NET.Sdk.FrameworkReferenceResolution.targets(14,5): message :       PrepareForBuild;
       C:\Program Files\dotnet\sdk\10.0.302\Sdks\Microsoft.NET.Sdk\targets\Microsoft.NET.Sdk.FrameworkReferenceResolution.targets(14,5): message :       ResolveSDKReferences;
       C:\Program Files\dotnet\sdk\10.0.302\Sdks\Microsoft.NET.Sdk\targets\Microsoft.NET.Sdk.FrameworkReferenceResolution.targets(14,5): message :       ExpandSDKReferences;
       C:\Program Files\dotnet\sdk\10.0.302\Sdks\Microsoft.NET.Sdk\targets\Microsoft.NET.Sdk.FrameworkReferenceResolution.targets(14,5): message :     ;
       C:\Program Files\dotnet\sdk\10.0.302\Sdks\Microsoft.NET.Sdk\targets\Microsoft.NET.Sdk.FrameworkReferenceResolution.targets(14,5): message :       ResolvePackageDependenciesForBuild;
       C:\Program Files\dotnet\sdk\10.0.302\Sdks\Microsoft.NET.Sdk\targets\Microsoft.NET.Sdk.FrameworkReferenceResolution.targets(14,5): message :       _HandlePackageFileConflicts;
       C:\Program Files\dotnet\sdk\10.0.302\Sdks\Microsoft.NET.Sdk\targets\Microsoft.NET.Sdk.FrameworkReferenceResolution.targets(14,5): message :     ;
       C:\Program Files\dotnet\sdk\10.0.302\Sdks\Microsoft.NET.Sdk\targets\Microsoft.NET.Sdk.FrameworkReferenceResolution.targets(14,5): message :       ResolveTargetingPackAssets;
       C:\Program Files\dotnet\sdk\10.0.302\Sdks\Microsoft.NET.Sdk\targets\Microsoft.NET.Sdk.FrameworkReferenceResolution.targets(14,5): message :     " (valor anterior: "
       C:\Program Files\dotnet\sdk\10.0.302\Sdks\Microsoft.NET.Sdk\targets\Microsoft.NET.Sdk.FrameworkReferenceResolution.targets(14,5): message :       
       C:\Program Files\dotnet\sdk\10.0.302\Sdks\Microsoft.NET.Sdk\targets\Microsoft.NET.Sdk.FrameworkReferenceResolution.targets(14,5): message :       ResolveProjectReferences;
       C:\Program Files\dotnet\sdk\10.0.302\Sdks\Microsoft.NET.Sdk\targets\Microsoft.NET.Sdk.FrameworkReferenceResolution.targets(14,5): message :       FindInvalidProjectReferences;
       C:\Program Files\dotnet\sdk\10.0.302\Sdks\Microsoft.NET.Sdk\targets\Microsoft.NET.Sdk.FrameworkReferenceResolution.targets(14,5): message :       GetFrameworkPaths;
       C:\Program Files\dotnet\sdk\10.0.302\Sdks\Microsoft.NET.Sdk\targets\Microsoft.NET.Sdk.FrameworkReferenceResolution.targets(14,5): message :       GetReferenceAssemblyPaths;
       C:\Program Files\dotnet\sdk\10.0.302\Sdks\Microsoft.NET.Sdk\targets\Microsoft.NET.Sdk.FrameworkReferenceResolution.targets(14,5): message :       PrepareForBuild;
       C:\Program Files\dotnet\sdk\10.0.302\Sdks\Microsoft.NET.Sdk\targets\Microsoft.NET.Sdk.FrameworkReferenceResolution.targets(14,5): message :       ResolveSDKReferences;
       C:\Program Files\dotnet\sdk\10.0.302\Sdks\Microsoft.NET.Sdk\targets\Microsoft.NET.Sdk.FrameworkReferenceResolution.targets(14,5): message :       ExpandSDKReferences;
       C:\Program Files\dotnet\sdk\10.0.302\Sdks\Microsoft.NET.Sdk\targets\Microsoft.NET.Sdk.FrameworkReferenceResolution.targets(14,5): message :     ;
       C:\Program Files\dotnet\sdk\10.0.302\Sdks\Microsoft.NET.Sdk\targets\Microsoft.NET.Sdk.FrameworkReferenceResolution.targets(14,5): message :       ResolvePackageDependenciesForBuild;
       C:\Program Files\dotnet\sdk\10.0.302\Sdks\Microsoft.NET.Sdk\targets\Microsoft.NET.Sdk.FrameworkReferenceResolution.targets(14,5): message :       _HandlePackageFileConflicts;
       C:\Program Files\dotnet\sdk\10.0.302\Sdks\Microsoft.NET.Sdk\targets\Microsoft.NET.Sdk.FrameworkReferenceResolution.targets(14,5): message :     ") en C:\Program Files\dotnet\sdk\10.0.302\Sdks\Microsoft.NET.Sdk\targets\Microsoft.NET.Sdk.FrameworkReferenceResolution.targets (14,5)
       C:\Program Files\dotnet\sdk\10.0.302\Sdks\Microsoft.NET.Sdk\targets\Microsoft.NET.Sdk.targets(44,5): message : Reasignación de propiedad: $(_GenerateRuntimeConfigurationPropertyInputsCache)="D:\TEXNICA\ERP-API\ERP.Api\obj\Debug\net9.0\ERP.Api.genruntimeconfig.cache" (valor anterior: "obj\Debug\net9.0\ERP.Api.genruntimeconfig.cache") en C:\Program Files\dotnet\sdk\10.0.302\Sdks\Microsoft.NET.Sdk\targets\Microsoft.NET.Sdk.targets (44,5)
       C:\Program Files\dotnet\sdk\10.0.302\Sdks\Microsoft.NET.Sdk\targets\Microsoft.NET.Sdk.targets(46,5): message : Reasignación de propiedad: $(_GeneratePublishDependencyFilePropertyInputsCache)="D:\TEXNICA\ERP-API\ERP.Api\obj\Debug\net9.0\ERP.Api.genpublishdeps.cache" (valor anterior: "obj\Debug\net9.0\ERP.Api.genpublishdeps.cache") en C:\Program Files\dotnet\sdk\10.0.302\Sdks\Microsoft.NET.Sdk\targets\Microsoft.NET.Sdk.targets (46,5)
       C:\Program Files\dotnet\sdk\10.0.302\Sdks\Microsoft.NET.Sdk\targets\Microsoft.NET.Sdk.targets(48,5): message : Reasignación de propiedad: $(_GenerateSingleFileBundlePropertyInputsCache)="D:\TEXNICA\ERP-API\ERP.Api\obj\Debug\net9.0\ERP.Api.genbundle.cache" (valor anterior: "obj\Debug\net9.0\ERP.Api.genbundle.cache") en C:\Program Files\dotnet\sdk\10.0.302\Sdks\Microsoft.NET.Sdk\targets\Microsoft.NET.Sdk.targets (48,5)
       C:\Program Files\dotnet\sdk\10.0.302\Sdks\Microsoft.NET.Sdk\targets\Microsoft.NET.Sdk.targets(81,5): message : Reasignación de propiedad: $(GenerateRuntimeConfigDevFile)="false" (valor anterior: "true") en C:\Program Files\dotnet\sdk\10.0.302\Sdks\Microsoft.NET.Sdk\targets\Microsoft.NET.Sdk.targets (81,5)
       C:\Program Files\dotnet\sdk\10.0.302\Sdks\Microsoft.NET.Sdk\targets\Microsoft.NET.Sdk.targets(98,5): message : Reasignación de propiedad: $(_DefaultUserProfileRuntimeStorePath)="C:\Users\rm619" (valor anterior: "") en C:\Program Files\dotnet\sdk\10.0.302\Sdks\Microsoft.NET.Sdk\targets\Microsoft.NET.Sdk.targets (98,5)
       C:\Program Files\dotnet\sdk\10.0.302\Sdks\Microsoft.NET.Sdk\targets\Microsoft.NET.Sdk.targets(99,5): message : Reasignación de propiedad: $(_DefaultUserProfileRuntimeStorePath)="C:\Users\rm619\.dotnet\store" (valor anterior: "C:\Users\rm619") en C:\Program Files\dotnet\sdk\10.0.302\Sdks\Microsoft.NET.Sdk\targets\Microsoft.NET.Sdk.targets (99,5)
       C:\Program Files\dotnet\sdk\10.0.302\Sdks\Microsoft.NET.Sdk\targets\Microsoft.NET.Sdk.targets(144,5): message : Reasignación de propiedad: $(AvailablePlatforms)="Any CPU,x86,x64,ARM32" (valor anterior: "Any CPU,x86,x64") en C:\Program Files\dotnet\sdk\10.0.302\Sdks\Microsoft.NET.Sdk\targets\Microsoft.NET.Sdk.targets (144,5)
       C:\Program Files\dotnet\sdk\10.0.302\Sdks\Microsoft.NET.Sdk\targets\Microsoft.NET.Sdk.targets(148,5): message : Reasignación de propiedad: $(AvailablePlatforms)="Any CPU,x86,x64,ARM32,ARM64" (valor anterior: "Any CPU,x86,x64,ARM32") en C:\Program Files\dotnet\sdk\10.0.302\Sdks\Microsoft.NET.Sdk\targets\Microsoft.NET.Sdk.targets (148,5)
       C:\Program Files\dotnet\sdk\10.0.302\Sdks\Microsoft.NET.Sdk\targets\Microsoft.NET.Sdk.targets(204,5): message : Reasignación de propiedad: $(CoreBuildDependsOn)="
       C:\Program Files\dotnet\sdk\10.0.302\Sdks\Microsoft.NET.Sdk\targets\Microsoft.NET.Sdk.targets(204,5): message :       _CheckForBuildWithNoBuild;
       C:\Program Files\dotnet\sdk\10.0.302\Sdks\Microsoft.NET.Sdk\targets\Microsoft.NET.Sdk.targets(204,5): message :       
       C:\Program Files\dotnet\sdk\10.0.302\Sdks\Microsoft.NET.Sdk\targets\Microsoft.NET.Sdk.targets(204,5): message :       BuildOnlySettings;
       C:\Program Files\dotnet\sdk\10.0.302\Sdks\Microsoft.NET.Sdk\targets\Microsoft.NET.Sdk.targets(204,5): message :       PrepareForBuild;
       C:\Program Files\dotnet\sdk\10.0.302\Sdks\Microsoft.NET.Sdk\targets\Microsoft.NET.Sdk.targets(204,5): message :       PreBuildEvent;
       C:\Program Files\dotnet\sdk\10.0.302\Sdks\Microsoft.NET.Sdk\targets\Microsoft.NET.Sdk.targets(204,5): message :       ResolveReferences;
       C:\Program Files\dotnet\sdk\10.0.302\Sdks\Microsoft.NET.Sdk\targets\Microsoft.NET.Sdk.targets(204,5): message :       PrepareResources;
       C:\Program Files\dotnet\sdk\10.0.302\Sdks\Microsoft.NET.Sdk\targets\Microsoft.NET.Sdk.targets(204,5): message :       ResolveKeySource;
       C:\Program Files\dotnet\sdk\10.0.302\Sdks\Microsoft.NET.Sdk\targets\Microsoft.NET.Sdk.targets(204,5): message :       Compile;
       C:\Program Files\dotnet\sdk\10.0.302\Sdks\Microsoft.NET.Sdk\targets\Microsoft.NET.Sdk.targets(204,5): message :       ExportWindowsMDFile;
       C:\Program Files\dotnet\sdk\10.0.302\Sdks\Microsoft.NET.Sdk\targets\Microsoft.NET.Sdk.targets(204,5): message :       UnmanagedUnregistration;
       C:\Program Files\dotnet\sdk\10.0.302\Sdks\Microsoft.NET.Sdk\targets\Microsoft.NET.Sdk.targets(204,5): message :       GenerateSerializationAssemblies;
       C:\Program Files\dotnet\sdk\10.0.302\Sdks\Microsoft.NET.Sdk\targets\Microsoft.NET.Sdk.targets(204,5): message :       CreateSatelliteAssemblies;
       C:\Program Files\dotnet\sdk\10.0.302\Sdks\Microsoft.NET.Sdk\targets\Microsoft.NET.Sdk.targets(204,5): message :       GenerateManifests;
       C:\Program Files\dotnet\sdk\10.0.302\Sdks\Microsoft.NET.Sdk\targets\Microsoft.NET.Sdk.targets(204,5): message :       GetTargetPath;
       C:\Program Files\dotnet\sdk\10.0.302\Sdks\Microsoft.NET.Sdk\targets\Microsoft.NET.Sdk.targets(204,5): message :       PrepareForRun;
       C:\Program Files\dotnet\sdk\10.0.302\Sdks\Microsoft.NET.Sdk\targets\Microsoft.NET.Sdk.targets(204,5): message :       UnmanagedRegistration;
       C:\Program Files\dotnet\sdk\10.0.302\Sdks\Microsoft.NET.Sdk\targets\Microsoft.NET.Sdk.targets(204,5): message :       IncrementalClean;
       C:\Program Files\dotnet\sdk\10.0.302\Sdks\Microsoft.NET.Sdk\targets\Microsoft.NET.Sdk.targets(204,5): message :       PostBuildEvent
       C:\Program Files\dotnet\sdk\10.0.302\Sdks\Microsoft.NET.Sdk\targets\Microsoft.NET.Sdk.targets(204,5): message :     ;
       C:\Program Files\dotnet\sdk\10.0.302\Sdks\Microsoft.NET.Sdk\targets\Microsoft.NET.Sdk.targets(204,5): message :       GenerateBuildDependencyFile;
       C:\Program Files\dotnet\sdk\10.0.302\Sdks\Microsoft.NET.Sdk\targets\Microsoft.NET.Sdk.targets(204,5): message :       GenerateBuildRuntimeConfigurationFiles
       C:\Program Files\dotnet\sdk\10.0.302\Sdks\Microsoft.NET.Sdk\targets\Microsoft.NET.Sdk.targets(204,5): message :     " (valor anterior: "
       C:\Program Files\dotnet\sdk\10.0.302\Sdks\Microsoft.NET.Sdk\targets\Microsoft.NET.Sdk.targets(204,5): message :       BuildOnlySettings;
       C:\Program Files\dotnet\sdk\10.0.302\Sdks\Microsoft.NET.Sdk\targets\Microsoft.NET.Sdk.targets(204,5): message :       PrepareForBuild;
       C:\Program Files\dotnet\sdk\10.0.302\Sdks\Microsoft.NET.Sdk\targets\Microsoft.NET.Sdk.targets(204,5): message :       PreBuildEvent;
       C:\Program Files\dotnet\sdk\10.0.302\Sdks\Microsoft.NET.Sdk\targets\Microsoft.NET.Sdk.targets(204,5): message :       ResolveReferences;
       C:\Program Files\dotnet\sdk\10.0.302\Sdks\Microsoft.NET.Sdk\targets\Microsoft.NET.Sdk.targets(204,5): message :       PrepareResources;
       C:\Program Files\dotnet\sdk\10.0.302\Sdks\Microsoft.NET.Sdk\targets\Microsoft.NET.Sdk.targets(204,5): message :       ResolveKeySource;
       C:\Program Files\dotnet\sdk\10.0.302\Sdks\Microsoft.NET.Sdk\targets\Microsoft.NET.Sdk.targets(204,5): message :       Compile;
       C:\Program Files\dotnet\sdk\10.0.302\Sdks\Microsoft.NET.Sdk\targets\Microsoft.NET.Sdk.targets(204,5): message :       ExportWindowsMDFile;
       C:\Program Files\dotnet\sdk\10.0.302\Sdks\Microsoft.NET.Sdk\targets\Microsoft.NET.Sdk.targets(204,5): message :       UnmanagedUnregistration;
       C:\Program Files\dotnet\sdk\10.0.302\Sdks\Microsoft.NET.Sdk\targets\Microsoft.NET.Sdk.targets(204,5): message :       GenerateSerializationAssemblies;
       C:\Program Files\dotnet\sdk\10.0.302\Sdks\Microsoft.NET.Sdk\targets\Microsoft.NET.Sdk.targets(204,5): message :       CreateSatelliteAssemblies;
       C:\Program Files\dotnet\sdk\10.0.302\Sdks\Microsoft.NET.Sdk\targets\Microsoft.NET.Sdk.targets(204,5): message :       GenerateManifests;
       C:\Program Files\dotnet\sdk\10.0.302\Sdks\Microsoft.NET.Sdk\targets\Microsoft.NET.Sdk.targets(204,5): message :       GetTargetPath;
       C:\Program Files\dotnet\sdk\10.0.302\Sdks\Microsoft.NET.Sdk\targets\Microsoft.NET.Sdk.targets(204,5): message :       PrepareForRun;
       C:\Program Files\dotnet\sdk\10.0.302\Sdks\Microsoft.NET.Sdk\targets\Microsoft.NET.Sdk.targets(204,5): message :       UnmanagedRegistration;
       C:\Program Files\dotnet\sdk\10.0.302\Sdks\Microsoft.NET.Sdk\targets\Microsoft.NET.Sdk.targets(204,5): message :       IncrementalClean;
       C:\Program Files\dotnet\sdk\10.0.302\Sdks\Microsoft.NET.Sdk\targets\Microsoft.NET.Sdk.targets(204,5): message :       PostBuildEvent
       C:\Program Files\dotnet\sdk\10.0.302\Sdks\Microsoft.NET.Sdk\targets\Microsoft.NET.Sdk.targets(204,5): message :     ") en C:\Program Files\dotnet\sdk\10.0.302\Sdks\Microsoft.NET.Sdk\targets\Microsoft.NET.Sdk.targets (204,5)
       C:\Program Files\dotnet\sdk\10.0.302\Sdks\Microsoft.NET.Sdk\targets\Microsoft.NET.Sdk.targets(213,5): message : Reasignación de propiedad: $(CoreCleanDependsOn)="
       C:\Program Files\dotnet\sdk\10.0.302\Sdks\Microsoft.NET.Sdk\targets\Microsoft.NET.Sdk.targets(213,5): message :       _SdkBeforeClean;
       C:\Program Files\dotnet\sdk\10.0.302\Sdks\Microsoft.NET.Sdk\targets\Microsoft.NET.Sdk.targets(213,5): message :       
       C:\Program Files\dotnet\sdk\10.0.302\Sdks\Microsoft.NET.Sdk\targets\Microsoft.NET.Sdk.targets(213,5): message :     " (valor anterior: "") en C:\Program Files\dotnet\sdk\10.0.302\Sdks\Microsoft.NET.Sdk\targets\Microsoft.NET.Sdk.targets (213,5)
       C:\Program Files\dotnet\sdk\10.0.302\Sdks\Microsoft.NET.Sdk\targets\Microsoft.NET.Sdk.targets(220,5): message : Reasignación de propiedad: $(RebuildDependsOn)="
       C:\Program Files\dotnet\sdk\10.0.302\Sdks\Microsoft.NET.Sdk\targets\Microsoft.NET.Sdk.targets(220,5): message :       _SdkBeforeRebuild;
       C:\Program Files\dotnet\sdk\10.0.302\Sdks\Microsoft.NET.Sdk\targets\Microsoft.NET.Sdk.targets(220,5): message :       
       C:\Program Files\dotnet\sdk\10.0.302\Sdks\Microsoft.NET.Sdk\targets\Microsoft.NET.Sdk.targets(220,5): message :       BeforeRebuild;
       C:\Program Files\dotnet\sdk\10.0.302\Sdks\Microsoft.NET.Sdk\targets\Microsoft.NET.Sdk.targets(220,5): message :       Clean;
       C:\Program Files\dotnet\sdk\10.0.302\Sdks\Microsoft.NET.Sdk\targets\Microsoft.NET.Sdk.targets(220,5): message :       Build;
       C:\Program Files\dotnet\sdk\10.0.302\Sdks\Microsoft.NET.Sdk\targets\Microsoft.NET.Sdk.targets(220,5): message :       AfterRebuild;
       C:\Program Files\dotnet\sdk\10.0.302\Sdks\Microsoft.NET.Sdk\targets\Microsoft.NET.Sdk.targets(220,5): message :     
       C:\Program Files\dotnet\sdk\10.0.302\Sdks\Microsoft.NET.Sdk\targets\Microsoft.NET.Sdk.targets(220,5): message :     " (valor anterior: "
       C:\Program Files\dotnet\sdk\10.0.302\Sdks\Microsoft.NET.Sdk\targets\Microsoft.NET.Sdk.targets(220,5): message :       BeforeRebuild;
       C:\Program Files\dotnet\sdk\10.0.302\Sdks\Microsoft.NET.Sdk\targets\Microsoft.NET.Sdk.targets(220,5): message :       Clean;
       C:\Program Files\dotnet\sdk\10.0.302\Sdks\Microsoft.NET.Sdk\targets\Microsoft.NET.Sdk.targets(220,5): message :       Build;
       C:\Program Files\dotnet\sdk\10.0.302\Sdks\Microsoft.NET.Sdk\targets\Microsoft.NET.Sdk.targets(220,5): message :       AfterRebuild;
       C:\Program Files\dotnet\sdk\10.0.302\Sdks\Microsoft.NET.Sdk\targets\Microsoft.NET.Sdk.targets(220,5): message :     ") en C:\Program Files\dotnet\sdk\10.0.302\Sdks\Microsoft.NET.Sdk\targets\Microsoft.NET.Sdk.targets (220,5)
       C:\Program Files\dotnet\sdk\10.0.302\Sdks\Microsoft.NET.Sdk\targets\Microsoft.NET.Sdk.targets(799,5): message : Reasignación de propiedad: $(CompileDependsOn)="
       C:\Program Files\dotnet\sdk\10.0.302\Sdks\Microsoft.NET.Sdk\targets\Microsoft.NET.Sdk.targets(799,5): message :       
       C:\Program Files\dotnet\sdk\10.0.302\Sdks\Microsoft.NET.Sdk\targets\Microsoft.NET.Sdk.targets(799,5): message :       ResolveReferences;
       C:\Program Files\dotnet\sdk\10.0.302\Sdks\Microsoft.NET.Sdk\targets\Microsoft.NET.Sdk.targets(799,5): message :       ResolveKeySource;
       C:\Program Files\dotnet\sdk\10.0.302\Sdks\Microsoft.NET.Sdk\targets\Microsoft.NET.Sdk.targets(799,5): message :       SetWin32ManifestProperties;
       C:\Program Files\dotnet\sdk\10.0.302\Sdks\Microsoft.NET.Sdk\targets\Microsoft.NET.Sdk.targets(799,5): message :       _SetPreferNativeArm64Win32ManifestProperties;
       C:\Program Files\dotnet\sdk\10.0.302\Sdks\Microsoft.NET.Sdk\targets\Microsoft.NET.Sdk.targets(799,5): message :       FindReferenceAssembliesForReferences;
       C:\Program Files\dotnet\sdk\10.0.302\Sdks\Microsoft.NET.Sdk\targets\Microsoft.NET.Sdk.targets(799,5): message :       _GenerateCompileInputs;
       C:\Program Files\dotnet\sdk\10.0.302\Sdks\Microsoft.NET.Sdk\targets\Microsoft.NET.Sdk.targets(799,5): message :       BeforeCompile;
       C:\Program Files\dotnet\sdk\10.0.302\Sdks\Microsoft.NET.Sdk\targets\Microsoft.NET.Sdk.targets(799,5): message :       _TimeStampBeforeCompile;
       C:\Program Files\dotnet\sdk\10.0.302\Sdks\Microsoft.NET.Sdk\targets\Microsoft.NET.Sdk.targets(799,5): message :       _GenerateCompileDependencyCache;
       C:\Program Files\dotnet\sdk\10.0.302\Sdks\Microsoft.NET.Sdk\targets\Microsoft.NET.Sdk.targets(799,5): message :       CoreCompile;
       C:\Program Files\dotnet\sdk\10.0.302\Sdks\Microsoft.NET.Sdk\targets\Microsoft.NET.Sdk.targets(799,5): message :       _TimeStampAfterCompile;
       C:\Program Files\dotnet\sdk\10.0.302\Sdks\Microsoft.NET.Sdk\targets\Microsoft.NET.Sdk.targets(799,5): message :       AfterCompile;
       C:\Program Files\dotnet\sdk\10.0.302\Sdks\Microsoft.NET.Sdk\targets\Microsoft.NET.Sdk.targets(799,5): message :     ;
       C:\Program Files\dotnet\sdk\10.0.302\Sdks\Microsoft.NET.Sdk\targets\Microsoft.NET.Sdk.targets(799,5): message :       _CreateAppHost;
       C:\Program Files\dotnet\sdk\10.0.302\Sdks\Microsoft.NET.Sdk\targets\Microsoft.NET.Sdk.targets(799,5): message :       _CreateComHost;
       C:\Program Files\dotnet\sdk\10.0.302\Sdks\Microsoft.NET.Sdk\targets\Microsoft.NET.Sdk.targets(799,5): message :       _GetIjwHostPaths;
       C:\Program Files\dotnet\sdk\10.0.302\Sdks\Microsoft.NET.Sdk\targets\Microsoft.NET.Sdk.targets(799,5): message :     " (valor anterior: "
       C:\Program Files\dotnet\sdk\10.0.302\Sdks\Microsoft.NET.Sdk\targets\Microsoft.NET.Sdk.targets(799,5): message :       ResolveReferences;
       C:\Program Files\dotnet\sdk\10.0.302\Sdks\Microsoft.NET.Sdk\targets\Microsoft.NET.Sdk.targets(799,5): message :       ResolveKeySource;
       C:\Program Files\dotnet\sdk\10.0.302\Sdks\Microsoft.NET.Sdk\targets\Microsoft.NET.Sdk.targets(799,5): message :       SetWin32ManifestProperties;
       C:\Program Files\dotnet\sdk\10.0.302\Sdks\Microsoft.NET.Sdk\targets\Microsoft.NET.Sdk.targets(799,5): message :       _SetPreferNativeArm64Win32ManifestProperties;
       C:\Program Files\dotnet\sdk\10.0.302\Sdks\Microsoft.NET.Sdk\targets\Microsoft.NET.Sdk.targets(799,5): message :       FindReferenceAssembliesForReferences;
       C:\Program Files\dotnet\sdk\10.0.302\Sdks\Microsoft.NET.Sdk\targets\Microsoft.NET.Sdk.targets(799,5): message :       _GenerateCompileInputs;
       C:\Program Files\dotnet\sdk\10.0.302\Sdks\Microsoft.NET.Sdk\targets\Microsoft.NET.Sdk.targets(799,5): message :       BeforeCompile;
       C:\Program Files\dotnet\sdk\10.0.302\Sdks\Microsoft.NET.Sdk\targets\Microsoft.NET.Sdk.targets(799,5): message :       _TimeStampBeforeCompile;
       C:\Program Files\dotnet\sdk\10.0.302\Sdks\Microsoft.NET.Sdk\targets\Microsoft.NET.Sdk.targets(799,5): message :       _GenerateCompileDependencyCache;
       C:\Program Files\dotnet\sdk\10.0.302\Sdks\Microsoft.NET.Sdk\targets\Microsoft.NET.Sdk.targets(799,5): message :       CoreCompile;
       C:\Program Files\dotnet\sdk\10.0.302\Sdks\Microsoft.NET.Sdk\targets\Microsoft.NET.Sdk.targets(799,5): message :       _TimeStampAfterCompile;
       C:\Program Files\dotnet\sdk\10.0.302\Sdks\Microsoft.NET.Sdk\targets\Microsoft.NET.Sdk.targets(799,5): message :       AfterCompile;
       C:\Program Files\dotnet\sdk\10.0.302\Sdks\Microsoft.NET.Sdk\targets\Microsoft.NET.Sdk.targets(799,5): message :     ") en C:\Program Files\dotnet\sdk\10.0.302\Sdks\Microsoft.NET.Sdk\targets\Microsoft.NET.Sdk.targets (799,5)
       C:\Program Files\dotnet\sdk\10.0.302\Sdks\Microsoft.NET.Sdk\targets\Microsoft.NET.Sdk.targets(1131,5): message : Reasignación de propiedad: $(CreateSatelliteAssembliesDependsOn)="
       C:\Program Files\dotnet\sdk\10.0.302\Sdks\Microsoft.NET.Sdk\targets\Microsoft.NET.Sdk.targets(1131,5): message :       
       C:\Program Files\dotnet\sdk\10.0.302\Sdks\Microsoft.NET.Sdk\targets\Microsoft.NET.Sdk.targets(1131,5): message :       ;
       C:\Program Files\dotnet\sdk\10.0.302\Sdks\Microsoft.NET.Sdk\targets\Microsoft.NET.Sdk.targets(1131,5): message :       _GenerateSatelliteAssemblyInputs;
       C:\Program Files\dotnet\sdk\10.0.302\Sdks\Microsoft.NET.Sdk\targets\Microsoft.NET.Sdk.targets(1131,5): message :       ComputeIntermediateSatelliteAssemblies;
       C:\Program Files\dotnet\sdk\10.0.302\Sdks\Microsoft.NET.Sdk\targets\Microsoft.NET.Sdk.targets(1131,5): message :       GenerateSatelliteAssemblies
       C:\Program Files\dotnet\sdk\10.0.302\Sdks\Microsoft.NET.Sdk\targets\Microsoft.NET.Sdk.targets(1131,5): message :     ;
       C:\Program Files\dotnet\sdk\10.0.302\Sdks\Microsoft.NET.Sdk\targets\Microsoft.NET.Sdk.targets(1131,5): message :       CoreGenerateSatelliteAssemblies
       C:\Program Files\dotnet\sdk\10.0.302\Sdks\Microsoft.NET.Sdk\targets\Microsoft.NET.Sdk.targets(1131,5): message :     " (valor anterior: "
       C:\Program Files\dotnet\sdk\10.0.302\Sdks\Microsoft.NET.Sdk\targets\Microsoft.NET.Sdk.targets(1131,5): message :       ;
       C:\Program Files\dotnet\sdk\10.0.302\Sdks\Microsoft.NET.Sdk\targets\Microsoft.NET.Sdk.targets(1131,5): message :       _GenerateSatelliteAssemblyInputs;
       C:\Program Files\dotnet\sdk\10.0.302\Sdks\Microsoft.NET.Sdk\targets\Microsoft.NET.Sdk.targets(1131,5): message :       ComputeIntermediateSatelliteAssemblies;
       C:\Program Files\dotnet\sdk\10.0.302\Sdks\Microsoft.NET.Sdk\targets\Microsoft.NET.Sdk.targets(1131,5): message :       GenerateSatelliteAssemblies
       C:\Program Files\dotnet\sdk\10.0.302\Sdks\Microsoft.NET.Sdk\targets\Microsoft.NET.Sdk.targets(1131,5): message :     ") en C:\Program Files\dotnet\sdk\10.0.302\Sdks\Microsoft.NET.Sdk\targets\Microsoft.NET.Sdk.targets (1131,5)
       C:\Program Files\dotnet\sdk\10.0.302\Sdks\Microsoft.SourceLink.GitLab\build\Microsoft.SourceLink.GitLab.targets(12,5): message : Reasignación de propiedad: $(SourceLinkUrlInitializerTargets)=";_InitializeGitHubSourceLinkUrl;_InitializeGitLabSourceLinkUrl" (valor anterior: ";_InitializeGitHubSourceLinkUrl") en C:\Program Files\dotnet\sdk\10.0.302\Sdks\Microsoft.SourceLink.GitLab\build\Microsoft.SourceLink.GitLab.targets (12,5)
       C:\Program Files\dotnet\sdk\10.0.302\Sdks\Microsoft.SourceLink.GitLab\build\Microsoft.SourceLink.GitLab.targets(13,5): message : Reasignación de propiedad: $(SourceControlManagerUrlTranslationTargets)=";TranslateGitHubUrlsInSourceControlInformation;TranslateGitLabUrlsInSourceControlInformation" (valor anterior: ";TranslateGitHubUrlsInSourceControlInformation") en C:\Program Files\dotnet\sdk\10.0.302\Sdks\Microsoft.SourceLink.GitLab\build\Microsoft.SourceLink.GitLab.targets (13,5)
       C:\Program Files\dotnet\sdk\10.0.302\Sdks\Microsoft.SourceLink.AzureRepos.Git\build\Microsoft.SourceLink.AzureRepos.Git.targets(12,5): message : Reasignación de propiedad: $(SourceLinkUrlInitializerTargets)=";_InitializeGitHubSourceLinkUrl;_InitializeGitLabSourceLinkUrl;_InitializeAzureReposGitSourceLinkUrl" (valor anterior: ";_InitializeGitHubSourceLinkUrl;_InitializeGitLabSourceLinkUrl") en C:\Program Files\dotnet\sdk\10.0.302\Sdks\Microsoft.SourceLink.AzureRepos.Git\build\Microsoft.SourceLink.AzureRepos.Git.targets (12,5)
       C:\Program Files\dotnet\sdk\10.0.302\Sdks\Microsoft.SourceLink.AzureRepos.Git\build\Microsoft.SourceLink.AzureRepos.Git.targets(13,5): message : Reasignación de propiedad: $(SourceControlManagerUrlTranslationTargets)=";TranslateGitHubUrlsInSourceControlInformation;TranslateGitLabUrlsInSourceControlInformation;TranslateAzureReposGitUrlsInSourceControlInformation" (valor anterior: ";TranslateGitHubUrlsInSourceControlInformation;TranslateGitLabUrlsInSourceControlInformation") en C:\Program Files\dotnet\sdk\10.0.302\Sdks\Microsoft.SourceLink.AzureRepos.Git\build\Microsoft.SourceLink.AzureRepos.Git.targets (13,5)
       C:\Program Files\dotnet\sdk\10.0.302\Sdks\Microsoft.SourceLink.Bitbucket.Git\build\Microsoft.SourceLink.Bitbucket.Git.targets(12,5): message : Reasignación de propiedad: $(SourceLinkUrlInitializerTargets)=";_InitializeGitHubSourceLinkUrl;_InitializeGitLabSourceLinkUrl;_InitializeAzureReposGitSourceLinkUrl;_InitializeBitbucketGitSourceLinkUrl" (valor anterior: ";_InitializeGitHubSourceLinkUrl;_InitializeGitLabSourceLinkUrl;_InitializeAzureReposGitSourceLinkUrl") en C:\Program Files\dotnet\sdk\10.0.302\Sdks\Microsoft.SourceLink.Bitbucket.Git\build\Microsoft.SourceLink.Bitbucket.Git.targets (12,5)
       C:\Program Files\dotnet\sdk\10.0.302\Sdks\Microsoft.SourceLink.Bitbucket.Git\build\Microsoft.SourceLink.Bitbucket.Git.targets(13,5): message : Reasignación de propiedad: $(SourceControlManagerUrlTranslationTargets)=";TranslateGitHubUrlsInSourceControlInformation;TranslateGitLabUrlsInSourceControlInformation;TranslateAzureReposGitUrlsInSourceControlInformation;TranslateBitbucketGitUrlsInSourceControlInformation" (valor anterior: ";TranslateGitHubUrlsInSourceControlInformation;TranslateGitLabUrlsInSourceControlInformation;TranslateAzureReposGitUrlsInSourceControlInformation") en C:\Program Files\dotnet\sdk\10.0.302\Sdks\Microsoft.SourceLink.Bitbucket.Git\build\Microsoft.SourceLink.Bitbucket.Git.targets (13,5)
       C:\Program Files\dotnet\sdk\10.0.302\Sdks\Microsoft.NET.Sdk\targets\Microsoft.NET.DesignerSupport.targets(21,5): message : Reasignación de propiedad: $(DesignerRuntimeImplementationProjectOutputGroupDependsOn)="
       C:\Program Files\dotnet\sdk\10.0.302\Sdks\Microsoft.NET.Sdk\targets\Microsoft.NET.DesignerSupport.targets(21,5): message :       
       C:\Program Files\dotnet\sdk\10.0.302\Sdks\Microsoft.NET.Sdk\targets\Microsoft.NET.DesignerSupport.targets(21,5): message :       ;
       C:\Program Files\dotnet\sdk\10.0.302\Sdks\Microsoft.NET.Sdk\targets\Microsoft.NET.DesignerSupport.targets(21,5): message :       
       C:\Program Files\dotnet\sdk\10.0.302\Sdks\Microsoft.NET.Sdk\targets\Microsoft.NET.DesignerSupport.targets(21,5): message :       ;
       C:\Program Files\dotnet\sdk\10.0.302\Sdks\Microsoft.NET.Sdk\targets\Microsoft.NET.DesignerSupport.targets(21,5): message :       BuildOnlySettings;
       C:\Program Files\dotnet\sdk\10.0.302\Sdks\Microsoft.NET.Sdk\targets\Microsoft.NET.DesignerSupport.targets(21,5): message :       PrepareForBuild;
       C:\Program Files\dotnet\sdk\10.0.302\Sdks\Microsoft.NET.Sdk\targets\Microsoft.NET.DesignerSupport.targets(21,5): message :       AssignTargetPaths;
       C:\Program Files\dotnet\sdk\10.0.302\Sdks\Microsoft.NET.Sdk\targets\Microsoft.NET.DesignerSupport.targets(21,5): message :       ResolveReferences
       C:\Program Files\dotnet\sdk\10.0.302\Sdks\Microsoft.NET.Sdk\targets\Microsoft.NET.DesignerSupport.targets(21,5): message :     
       C:\Program Files\dotnet\sdk\10.0.302\Sdks\Microsoft.NET.Sdk\targets\Microsoft.NET.DesignerSupport.targets(21,5): message :     ;
       C:\Program Files\dotnet\sdk\10.0.302\Sdks\Microsoft.NET.Sdk\targets\Microsoft.NET.DesignerSupport.targets(21,5): message :       _GenerateDesignerDepsFile;
       C:\Program Files\dotnet\sdk\10.0.302\Sdks\Microsoft.NET.Sdk\targets\Microsoft.NET.DesignerSupport.targets(21,5): message :       _GenerateDesignerRuntimeConfigFile;
       C:\Program Files\dotnet\sdk\10.0.302\Sdks\Microsoft.NET.Sdk\targets\Microsoft.NET.DesignerSupport.targets(21,5): message :       GetCopyToOutputDirectoryItems;
       C:\Program Files\dotnet\sdk\10.0.302\Sdks\Microsoft.NET.Sdk\targets\Microsoft.NET.DesignerSupport.targets(21,5): message :       _GatherDesignerShadowCopyFiles;
       C:\Program Files\dotnet\sdk\10.0.302\Sdks\Microsoft.NET.Sdk\targets\Microsoft.NET.DesignerSupport.targets(21,5): message :     " (valor anterior: "
       C:\Program Files\dotnet\sdk\10.0.302\Sdks\Microsoft.NET.Sdk\targets\Microsoft.NET.DesignerSupport.targets(21,5): message :       ;
       C:\Program Files\dotnet\sdk\10.0.302\Sdks\Microsoft.NET.Sdk\targets\Microsoft.NET.DesignerSupport.targets(21,5): message :       
       C:\Program Files\dotnet\sdk\10.0.302\Sdks\Microsoft.NET.Sdk\targets\Microsoft.NET.DesignerSupport.targets(21,5): message :       ;
       C:\Program Files\dotnet\sdk\10.0.302\Sdks\Microsoft.NET.Sdk\targets\Microsoft.NET.DesignerSupport.targets(21,5): message :       BuildOnlySettings;
       C:\Program Files\dotnet\sdk\10.0.302\Sdks\Microsoft.NET.Sdk\targets\Microsoft.NET.DesignerSupport.targets(21,5): message :       PrepareForBuild;
       C:\Program Files\dotnet\sdk\10.0.302\Sdks\Microsoft.NET.Sdk\targets\Microsoft.NET.DesignerSupport.targets(21,5): message :       AssignTargetPaths;
       C:\Program Files\dotnet\sdk\10.0.302\Sdks\Microsoft.NET.Sdk\targets\Microsoft.NET.DesignerSupport.targets(21,5): message :       ResolveReferences
       C:\Program Files\dotnet\sdk\10.0.302\Sdks\Microsoft.NET.Sdk\targets\Microsoft.NET.DesignerSupport.targets(21,5): message :     
       C:\Program Files\dotnet\sdk\10.0.302\Sdks\Microsoft.NET.Sdk\targets\Microsoft.NET.DesignerSupport.targets(21,5): message :     ") en C:\Program Files\dotnet\sdk\10.0.302\Sdks\Microsoft.NET.Sdk\targets\Microsoft.NET.DesignerSupport.targets (21,5)
       C:\Program Files\dotnet\sdk\10.0.302\Sdks\Microsoft.NET.Sdk\targets\Microsoft.NET.Sdk.CSharp.targets(31,5): message : Reasignación de propiedad: $(DefineConstants)="TRACE;DEBUG" (valor anterior: "TRACE") en C:\Program Files\dotnet\sdk\10.0.302\Sdks\Microsoft.NET.Sdk\targets\Microsoft.NET.Sdk.CSharp.targets (31,5)
       C:\Program Files\dotnet\sdk\10.0.302\Sdks\Microsoft.NET.Sdk\targets\Microsoft.NET.Sdk.CSharp.targets(45,5): message : Reasignación de propiedad: $(WarningsAsErrors)=";NU1605;SYSLIB0011" (valor anterior: ";NU1605") en C:\Program Files\dotnet\sdk\10.0.302\Sdks\Microsoft.NET.Sdk\targets\Microsoft.NET.Sdk.CSharp.targets (45,5)
       C:\Program Files\dotnet\sdk\10.0.302\NuGet.Build.Tasks.Pack.targets(34,5): message : Reasignación de propiedad: $(PackageDescription)="Package Description" (valor anterior: "") en C:\Program Files\dotnet\sdk\10.0.302\NuGet.Build.Tasks.Pack.targets (34,5)
       C:\Program Files\dotnet\sdk\10.0.302\NuGet.Build.Tasks.Pack.targets(59,5): message : Reasignación de propiedad: $(GenerateNuspecDependsOn)="Build;_LoadPackInputItems; _GetTargetFrameworksOutput; _WalkEachTargetPerFramework; _GetPackageFiles; " (valor anterior: "_LoadPackInputItems; _GetTargetFrameworksOutput; _WalkEachTargetPerFramework; _GetPackageFiles; ") en C:\Program Files\dotnet\sdk\10.0.302\NuGet.Build.Tasks.Pack.targets (59,5)
       C:\Program Files\dotnet\sdk\10.0.302\Sdks\Microsoft.NET.Sdk\Sdk\Sdk.targets(59,5): message : Reasignación de propiedad: $(_IsNotSetContainersTargetsDir)="true" (valor anterior: "false") en C:\Program Files\dotnet\sdk\10.0.302\Sdks\Microsoft.NET.Sdk\Sdk\Sdk.targets (59,5)
       C:\Program Files\dotnet\sdk\10.0.302\Containers\build\Microsoft.NET.Build.Containers.targets(5,5): message : Reasignación de propiedad: $(_IsSDKContainerAllowedVersion)="true" (valor anterior: "false") en C:\Program Files\dotnet\sdk\10.0.302\Containers\build\Microsoft.NET.Build.Containers.targets (5,5)
       C:\Program Files\dotnet\sdk\10.0.302\Containers\build\Microsoft.NET.Build.Containers.targets(15,5): message : Reasignación de propiedad: $(_ContainerIsTargetingNet8TFM)="true" (valor anterior: "false") en C:\Program Files\dotnet\sdk\10.0.302\Containers\build\Microsoft.NET.Build.Containers.targets (15,5)
       C:\Program Files\dotnet\sdk\10.0.302\Sdks\Microsoft.NET.Sdk.StaticWebAssets\targets\Sdk.StaticWebAssets.CurrentVersion.targets(37,18): message : Propiedad "DOTNET_HOST_PATH" con el valor "C:\Program Files\dotnet\dotnet.exe" expandido desde el entorno.
       C:\Program Files\dotnet\sdk\10.0.302\Sdks\Microsoft.NET.Sdk.StaticWebAssets\targets\Microsoft.NET.Sdk.StaticWebAssets.targets(286,5): message : Reasignación de propiedad: $(PrepareForRunDependsOn)="StaticWebAssetsPrepareForRun;
       C:\Program Files\dotnet\sdk\10.0.302\Sdks\Microsoft.NET.Sdk.StaticWebAssets\targets\Microsoft.NET.Sdk.StaticWebAssets.targets(286,5): message :       CopyFilesToOutputDirectory
       C:\Program Files\dotnet\sdk\10.0.302\Sdks\Microsoft.NET.Sdk.StaticWebAssets\targets\Microsoft.NET.Sdk.StaticWebAssets.targets(286,5): message :     " (valor anterior: "
       C:\Program Files\dotnet\sdk\10.0.302\Sdks\Microsoft.NET.Sdk.StaticWebAssets\targets\Microsoft.NET.Sdk.StaticWebAssets.targets(286,5): message :       CopyFilesToOutputDirectory
       C:\Program Files\dotnet\sdk\10.0.302\Sdks\Microsoft.NET.Sdk.StaticWebAssets\targets\Microsoft.NET.Sdk.StaticWebAssets.targets(286,5): message :     ") en C:\Program Files\dotnet\sdk\10.0.302\Sdks\Microsoft.NET.Sdk.StaticWebAssets\targets\Microsoft.NET.Sdk.StaticWebAssets.targets (286,5)
       C:\Program Files\dotnet\sdk\10.0.302\Sdks\Microsoft.NET.Sdk.StaticWebAssets\targets\Microsoft.NET.Sdk.StaticWebAssets.targets(323,5): message : Reasignación de propiedad: $(GetCopyToOutputDirectoryItemsDependsOn)="
       C:\Program Files\dotnet\sdk\10.0.302\Sdks\Microsoft.NET.Sdk.StaticWebAssets\targets\Microsoft.NET.Sdk.StaticWebAssets.targets(323,5): message :       AssignTargetPaths;
       C:\Program Files\dotnet\sdk\10.0.302\Sdks\Microsoft.NET.Sdk.StaticWebAssets\targets\Microsoft.NET.Sdk.StaticWebAssets.targets(323,5): message :       
       C:\Program Files\dotnet\sdk\10.0.302\Sdks\Microsoft.NET.Sdk.StaticWebAssets\targets\Microsoft.NET.Sdk.StaticWebAssets.targets(323,5): message :       AssignProjectConfiguration;
       C:\Program Files\dotnet\sdk\10.0.302\Sdks\Microsoft.NET.Sdk.StaticWebAssets\targets\Microsoft.NET.Sdk.StaticWebAssets.targets(323,5): message :       _SplitProjectReferencesByFileExistence
       C:\Program Files\dotnet\sdk\10.0.302\Sdks\Microsoft.NET.Sdk.StaticWebAssets\targets\Microsoft.NET.Sdk.StaticWebAssets.targets(323,5): message :     ;
       C:\Program Files\dotnet\sdk\10.0.302\Sdks\Microsoft.NET.Sdk.StaticWebAssets\targets\Microsoft.NET.Sdk.StaticWebAssets.targets(323,5): message :       _GetProjectReferenceTargetFrameworkProperties;
       C:\Program Files\dotnet\sdk\10.0.302\Sdks\Microsoft.NET.Sdk.StaticWebAssets\targets\Microsoft.NET.Sdk.StaticWebAssets.targets(323,5): message :       _PopulateCommonStateForGetCopyToOutputDirectoryItems
       C:\Program Files\dotnet\sdk\10.0.302\Sdks\Microsoft.NET.Sdk.StaticWebAssets\targets\Microsoft.NET.Sdk.StaticWebAssets.targets(323,5): message :     ;AddStaticWebAssetsManifest;AddStaticWebAssetEndpointsBuildManifest" (valor anterior: "
       C:\Program Files\dotnet\sdk\10.0.302\Sdks\Microsoft.NET.Sdk.StaticWebAssets\targets\Microsoft.NET.Sdk.StaticWebAssets.targets(323,5): message :       AssignTargetPaths;
       C:\Program Files\dotnet\sdk\10.0.302\Sdks\Microsoft.NET.Sdk.StaticWebAssets\targets\Microsoft.NET.Sdk.StaticWebAssets.targets(323,5): message :       
       C:\Program Files\dotnet\sdk\10.0.302\Sdks\Microsoft.NET.Sdk.StaticWebAssets\targets\Microsoft.NET.Sdk.StaticWebAssets.targets(323,5): message :       AssignProjectConfiguration;
       C:\Program Files\dotnet\sdk\10.0.302\Sdks\Microsoft.NET.Sdk.StaticWebAssets\targets\Microsoft.NET.Sdk.StaticWebAssets.targets(323,5): message :       _SplitProjectReferencesByFileExistence
       C:\Program Files\dotnet\sdk\10.0.302\Sdks\Microsoft.NET.Sdk.StaticWebAssets\targets\Microsoft.NET.Sdk.StaticWebAssets.targets(323,5): message :     ;
       C:\Program Files\dotnet\sdk\10.0.302\Sdks\Microsoft.NET.Sdk.StaticWebAssets\targets\Microsoft.NET.Sdk.StaticWebAssets.targets(323,5): message :       _GetProjectReferenceTargetFrameworkProperties;
       C:\Program Files\dotnet\sdk\10.0.302\Sdks\Microsoft.NET.Sdk.StaticWebAssets\targets\Microsoft.NET.Sdk.StaticWebAssets.targets(323,5): message :       _PopulateCommonStateForGetCopyToOutputDirectoryItems
       C:\Program Files\dotnet\sdk\10.0.302\Sdks\Microsoft.NET.Sdk.StaticWebAssets\targets\Microsoft.NET.Sdk.StaticWebAssets.targets(323,5): message :     ") en C:\Program Files\dotnet\sdk\10.0.302\Sdks\Microsoft.NET.Sdk.StaticWebAssets\targets\Microsoft.NET.Sdk.StaticWebAssets.targets (323,5)
       C:\Program Files\dotnet\sdk\10.0.302\Sdks\Microsoft.NET.Sdk.StaticWebAssets\targets\Microsoft.NET.Sdk.StaticWebAssets.Pack.targets(46,5): message : Reasignación de propiedad: $(GenerateNuspecDependsOn)="
       C:\Program Files\dotnet\sdk\10.0.302\Sdks\Microsoft.NET.Sdk.StaticWebAssets\targets\Microsoft.NET.Sdk.StaticWebAssets.Pack.targets(46,5): message :       IncludeStaticWebAssetsPackItems;
       C:\Program Files\dotnet\sdk\10.0.302\Sdks\Microsoft.NET.Sdk.StaticWebAssets\targets\Microsoft.NET.Sdk.StaticWebAssets.Pack.targets(46,5): message :       Build;_LoadPackInputItems; _GetTargetFrameworksOutput; _WalkEachTargetPerFramework; _GetPackageFiles; ;
       C:\Program Files\dotnet\sdk\10.0.302\Sdks\Microsoft.NET.Sdk.StaticWebAssets\targets\Microsoft.NET.Sdk.StaticWebAssets.Pack.targets(46,5): message :     " (valor anterior: "Build;_LoadPackInputItems; _GetTargetFrameworksOutput; _WalkEachTargetPerFramework; _GetPackageFiles; ") en C:\Program Files\dotnet\sdk\10.0.302\Sdks\Microsoft.NET.Sdk.StaticWebAssets\targets\Microsoft.NET.Sdk.StaticWebAssets.Pack.targets (46,5)
       C:\Program Files\dotnet\sdk\10.0.302\Sdks\Microsoft.NET.Sdk.StaticWebAssets\targets\Microsoft.NET.Sdk.StaticWebAssets.Pack.targets(55,5): message : Reasignación de propiedad: $(IncludeStaticWebAssetsPackItemsDependsOn)="
       C:\Program Files\dotnet\sdk\10.0.302\Sdks\Microsoft.NET.Sdk.StaticWebAssets\targets\Microsoft.NET.Sdk.StaticWebAssets.Pack.targets(55,5): message :       Build;
       C:\Program Files\dotnet\sdk\10.0.302\Sdks\Microsoft.NET.Sdk.StaticWebAssets\targets\Microsoft.NET.Sdk.StaticWebAssets.Pack.targets(55,5): message :       ResolveStaticWebAssetsConfiguration;LoadStaticWebAssetsBuildManifest
       C:\Program Files\dotnet\sdk\10.0.302\Sdks\Microsoft.NET.Sdk.StaticWebAssets\targets\Microsoft.NET.Sdk.StaticWebAssets.Pack.targets(55,5): message :     ;
       C:\Program Files\dotnet\sdk\10.0.302\Sdks\Microsoft.NET.Sdk.StaticWebAssets\targets\Microsoft.NET.Sdk.StaticWebAssets.Pack.targets(55,5): message :     " (valor anterior: "
       C:\Program Files\dotnet\sdk\10.0.302\Sdks\Microsoft.NET.Sdk.StaticWebAssets\targets\Microsoft.NET.Sdk.StaticWebAssets.Pack.targets(55,5): message :       ResolveStaticWebAssetsConfiguration;LoadStaticWebAssetsBuildManifest
       C:\Program Files\dotnet\sdk\10.0.302\Sdks\Microsoft.NET.Sdk.StaticWebAssets\targets\Microsoft.NET.Sdk.StaticWebAssets.Pack.targets(55,5): message :     ") en C:\Program Files\dotnet\sdk\10.0.302\Sdks\Microsoft.NET.Sdk.StaticWebAssets\targets\Microsoft.NET.Sdk.StaticWebAssets.Pack.targets (55,5)
       C:\Program Files\dotnet\sdk\10.0.302\Sdks\Microsoft.NET.Sdk.StaticWebAssets\targets\Microsoft.NET.Sdk.StaticWebAssets.ScopedCss.targets(55,3): message : Reasignación de propiedad: $(ResolveStaticWebAssetsInputsDependsOn)="
       C:\Program Files\dotnet\sdk\10.0.302\Sdks\Microsoft.NET.Sdk.StaticWebAssets\targets\Microsoft.NET.Sdk.StaticWebAssets.ScopedCss.targets(55,3): message :     
       C:\Program Files\dotnet\sdk\10.0.302\Sdks\Microsoft.NET.Sdk.StaticWebAssets\targets\Microsoft.NET.Sdk.StaticWebAssets.ScopedCss.targets(55,3): message :       ResolveCoreStaticWebAssets;
       C:\Program Files\dotnet\sdk\10.0.302\Sdks\Microsoft.NET.Sdk.StaticWebAssets\targets\Microsoft.NET.Sdk.StaticWebAssets.ScopedCss.targets(55,3): message :       GenerateComputedBuildStaticWebAssets;
       C:\Program Files\dotnet\sdk\10.0.302\Sdks\Microsoft.NET.Sdk.StaticWebAssets\targets\Microsoft.NET.Sdk.StaticWebAssets.ScopedCss.targets(55,3): message :       
       C:\Program Files\dotnet\sdk\10.0.302\Sdks\Microsoft.NET.Sdk.StaticWebAssets\targets\Microsoft.NET.Sdk.StaticWebAssets.ScopedCss.targets(55,3): message :     ;
       C:\Program Files\dotnet\sdk\10.0.302\Sdks\Microsoft.NET.Sdk.StaticWebAssets\targets\Microsoft.NET.Sdk.StaticWebAssets.ScopedCss.targets(55,3): message :     ResolveScopedCssAssets;
       C:\Program Files\dotnet\sdk\10.0.302\Sdks\Microsoft.NET.Sdk.StaticWebAssets\targets\Microsoft.NET.Sdk.StaticWebAssets.ScopedCss.targets(55,3): message :   " (valor anterior: "
       C:\Program Files\dotnet\sdk\10.0.302\Sdks\Microsoft.NET.Sdk.StaticWebAssets\targets\Microsoft.NET.Sdk.StaticWebAssets.ScopedCss.targets(55,3): message :       ResolveCoreStaticWebAssets;
       C:\Program Files\dotnet\sdk\10.0.302\Sdks\Microsoft.NET.Sdk.StaticWebAssets\targets\Microsoft.NET.Sdk.StaticWebAssets.ScopedCss.targets(55,3): message :       GenerateComputedBuildStaticWebAssets;
       C:\Program Files\dotnet\sdk\10.0.302\Sdks\Microsoft.NET.Sdk.StaticWebAssets\targets\Microsoft.NET.Sdk.StaticWebAssets.ScopedCss.targets(55,3): message :       
       C:\Program Files\dotnet\sdk\10.0.302\Sdks\Microsoft.NET.Sdk.StaticWebAssets\targets\Microsoft.NET.Sdk.StaticWebAssets.ScopedCss.targets(55,3): message :     ") en C:\Program Files\dotnet\sdk\10.0.302\Sdks\Microsoft.NET.Sdk.StaticWebAssets\targets\Microsoft.NET.Sdk.StaticWebAssets.ScopedCss.targets (55,3)
       C:\Program Files\dotnet\sdk\10.0.302\Sdks\Microsoft.NET.Sdk.StaticWebAssets\targets\Microsoft.NET.Sdk.StaticWebAssets.ScopedCss.targets(88,3): message : Reasignación de propiedad: $(GenerateComputedBuildStaticWebAssetsDependsOn)="
       C:\Program Files\dotnet\sdk\10.0.302\Sdks\Microsoft.NET.Sdk.StaticWebAssets\targets\Microsoft.NET.Sdk.StaticWebAssets.ScopedCss.targets(88,3): message :     ResolveCoreStaticWebAssets;;
       C:\Program Files\dotnet\sdk\10.0.302\Sdks\Microsoft.NET.Sdk.StaticWebAssets\targets\Microsoft.NET.Sdk.StaticWebAssets.ScopedCss.targets(88,3): message :     BundleScopedCssFiles;
       C:\Program Files\dotnet\sdk\10.0.302\Sdks\Microsoft.NET.Sdk.StaticWebAssets\targets\Microsoft.NET.Sdk.StaticWebAssets.ScopedCss.targets(88,3): message :   " (valor anterior: "ResolveCoreStaticWebAssets;") en C:\Program Files\dotnet\sdk\10.0.302\Sdks\Microsoft.NET.Sdk.StaticWebAssets\targets\Microsoft.NET.Sdk.StaticWebAssets.ScopedCss.targets (88,3)
       C:\Program Files\dotnet\sdk\10.0.302\Sdks\Microsoft.NET.Sdk.StaticWebAssets\targets\Microsoft.NET.Sdk.StaticWebAssets.JSModules.targets(37,5): message : Reasignación de propiedad: $(ResolveCoreStaticWebAssetsDependsOn)="
       C:\Program Files\dotnet\sdk\10.0.302\Sdks\Microsoft.NET.Sdk.StaticWebAssets\targets\Microsoft.NET.Sdk.StaticWebAssets.JSModules.targets(37,5): message :       
       C:\Program Files\dotnet\sdk\10.0.302\Sdks\Microsoft.NET.Sdk.StaticWebAssets\targets\Microsoft.NET.Sdk.StaticWebAssets.JSModules.targets(37,5): message :       UpdateExistingPackageStaticWebAssets;
       C:\Program Files\dotnet\sdk\10.0.302\Sdks\Microsoft.NET.Sdk.StaticWebAssets\targets\Microsoft.NET.Sdk.StaticWebAssets.JSModules.targets(37,5): message :       ResolveProjectStaticWebAssets;
       C:\Program Files\dotnet\sdk\10.0.302\Sdks\Microsoft.NET.Sdk.StaticWebAssets\targets\Microsoft.NET.Sdk.StaticWebAssets.JSModules.targets(37,5): message :       ResolveEmbeddedProjectsStaticWebAssets;
       C:\Program Files\dotnet\sdk\10.0.302\Sdks\Microsoft.NET.Sdk.StaticWebAssets\targets\Microsoft.NET.Sdk.StaticWebAssets.JSModules.targets(37,5): message :       ResolveReferencedProjectsStaticWebAssets;
       C:\Program Files\dotnet\sdk\10.0.302\Sdks\Microsoft.NET.Sdk.StaticWebAssets\targets\Microsoft.NET.Sdk.StaticWebAssets.JSModules.targets(37,5): message :       ;
       C:\Program Files\dotnet\sdk\10.0.302\Sdks\Microsoft.NET.Sdk.StaticWebAssets\targets\Microsoft.NET.Sdk.StaticWebAssets.JSModules.targets(37,5): message :     ;
       C:\Program Files\dotnet\sdk\10.0.302\Sdks\Microsoft.NET.Sdk.StaticWebAssets\targets\Microsoft.NET.Sdk.StaticWebAssets.JSModules.targets(37,5): message :       ResolveJsInitializerModuleStaticWebAssets;
       C:\Program Files\dotnet\sdk\10.0.302\Sdks\Microsoft.NET.Sdk.StaticWebAssets\targets\Microsoft.NET.Sdk.StaticWebAssets.JSModules.targets(37,5): message :     " (valor anterior: "
       C:\Program Files\dotnet\sdk\10.0.302\Sdks\Microsoft.NET.Sdk.StaticWebAssets\targets\Microsoft.NET.Sdk.StaticWebAssets.JSModules.targets(37,5): message :       UpdateExistingPackageStaticWebAssets;
       C:\Program Files\dotnet\sdk\10.0.302\Sdks\Microsoft.NET.Sdk.StaticWebAssets\targets\Microsoft.NET.Sdk.StaticWebAssets.JSModules.targets(37,5): message :       ResolveProjectStaticWebAssets;
       C:\Program Files\dotnet\sdk\10.0.302\Sdks\Microsoft.NET.Sdk.StaticWebAssets\targets\Microsoft.NET.Sdk.StaticWebAssets.JSModules.targets(37,5): message :       ResolveEmbeddedProjectsStaticWebAssets;
       C:\Program Files\dotnet\sdk\10.0.302\Sdks\Microsoft.NET.Sdk.StaticWebAssets\targets\Microsoft.NET.Sdk.StaticWebAssets.JSModules.targets(37,5): message :       ResolveReferencedProjectsStaticWebAssets;
       C:\Program Files\dotnet\sdk\10.0.302\Sdks\Microsoft.NET.Sdk.StaticWebAssets\targets\Microsoft.NET.Sdk.StaticWebAssets.JSModules.targets(37,5): message :       ;
       C:\Program Files\dotnet\sdk\10.0.302\Sdks\Microsoft.NET.Sdk.StaticWebAssets\targets\Microsoft.NET.Sdk.StaticWebAssets.JSModules.targets(37,5): message :     ") en C:\Program Files\dotnet\sdk\10.0.302\Sdks\Microsoft.NET.Sdk.StaticWebAssets\targets\Microsoft.NET.Sdk.StaticWebAssets.JSModules.targets (37,5)
       C:\Program Files\dotnet\sdk\10.0.302\Sdks\Microsoft.NET.Sdk.StaticWebAssets\targets\Microsoft.NET.Sdk.StaticWebAssets.JSModules.targets(42,5): message : Reasignación de propiedad: $(ResolveCoreStaticWebAssetsDependsOn)="
       C:\Program Files\dotnet\sdk\10.0.302\Sdks\Microsoft.NET.Sdk.StaticWebAssets\targets\Microsoft.NET.Sdk.StaticWebAssets.JSModules.targets(42,5): message :       
       C:\Program Files\dotnet\sdk\10.0.302\Sdks\Microsoft.NET.Sdk.StaticWebAssets\targets\Microsoft.NET.Sdk.StaticWebAssets.JSModules.targets(42,5): message :       
       C:\Program Files\dotnet\sdk\10.0.302\Sdks\Microsoft.NET.Sdk.StaticWebAssets\targets\Microsoft.NET.Sdk.StaticWebAssets.JSModules.targets(42,5): message :       UpdateExistingPackageStaticWebAssets;
       C:\Program Files\dotnet\sdk\10.0.302\Sdks\Microsoft.NET.Sdk.StaticWebAssets\targets\Microsoft.NET.Sdk.StaticWebAssets.JSModules.targets(42,5): message :       ResolveProjectStaticWebAssets;
       C:\Program Files\dotnet\sdk\10.0.302\Sdks\Microsoft.NET.Sdk.StaticWebAssets\targets\Microsoft.NET.Sdk.StaticWebAssets.JSModules.targets(42,5): message :       ResolveEmbeddedProjectsStaticWebAssets;
       C:\Program Files\dotnet\sdk\10.0.302\Sdks\Microsoft.NET.Sdk.StaticWebAssets\targets\Microsoft.NET.Sdk.StaticWebAssets.JSModules.targets(42,5): message :       ResolveReferencedProjectsStaticWebAssets;
       C:\Program Files\dotnet\sdk\10.0.302\Sdks\Microsoft.NET.Sdk.StaticWebAssets\targets\Microsoft.NET.Sdk.StaticWebAssets.JSModules.targets(42,5): message :       ;
       C:\Program Files\dotnet\sdk\10.0.302\Sdks\Microsoft.NET.Sdk.StaticWebAssets\targets\Microsoft.NET.Sdk.StaticWebAssets.JSModules.targets(42,5): message :     ;
       C:\Program Files\dotnet\sdk\10.0.302\Sdks\Microsoft.NET.Sdk.StaticWebAssets\targets\Microsoft.NET.Sdk.StaticWebAssets.JSModules.targets(42,5): message :       ResolveJsInitializerModuleStaticWebAssets;
       C:\Program Files\dotnet\sdk\10.0.302\Sdks\Microsoft.NET.Sdk.StaticWebAssets\targets\Microsoft.NET.Sdk.StaticWebAssets.JSModules.targets(42,5): message :     ;
       C:\Program Files\dotnet\sdk\10.0.302\Sdks\Microsoft.NET.Sdk.StaticWebAssets\targets\Microsoft.NET.Sdk.StaticWebAssets.JSModules.targets(42,5): message :       ResolveJSModuleStaticWebAssets;
       C:\Program Files\dotnet\sdk\10.0.302\Sdks\Microsoft.NET.Sdk.StaticWebAssets\targets\Microsoft.NET.Sdk.StaticWebAssets.JSModules.targets(42,5): message :     " (valor anterior: "
       C:\Program Files\dotnet\sdk\10.0.302\Sdks\Microsoft.NET.Sdk.StaticWebAssets\targets\Microsoft.NET.Sdk.StaticWebAssets.JSModules.targets(42,5): message :       
       C:\Program Files\dotnet\sdk\10.0.302\Sdks\Microsoft.NET.Sdk.StaticWebAssets\targets\Microsoft.NET.Sdk.StaticWebAssets.JSModules.targets(42,5): message :       UpdateExistingPackageStaticWebAssets;
       C:\Program Files\dotnet\sdk\10.0.302\Sdks\Microsoft.NET.Sdk.StaticWebAssets\targets\Microsoft.NET.Sdk.StaticWebAssets.JSModules.targets(42,5): message :       ResolveProjectStaticWebAssets;
       C:\Program Files\dotnet\sdk\10.0.302\Sdks\Microsoft.NET.Sdk.StaticWebAssets\targets\Microsoft.NET.Sdk.StaticWebAssets.JSModules.targets(42,5): message :       ResolveEmbeddedProjectsStaticWebAssets;
       C:\Program Files\dotnet\sdk\10.0.302\Sdks\Microsoft.NET.Sdk.StaticWebAssets\targets\Microsoft.NET.Sdk.StaticWebAssets.JSModules.targets(42,5): message :       ResolveReferencedProjectsStaticWebAssets;
       C:\Program Files\dotnet\sdk\10.0.302\Sdks\Microsoft.NET.Sdk.StaticWebAssets\targets\Microsoft.NET.Sdk.StaticWebAssets.JSModules.targets(42,5): message :       ;
       C:\Program Files\dotnet\sdk\10.0.302\Sdks\Microsoft.NET.Sdk.StaticWebAssets\targets\Microsoft.NET.Sdk.StaticWebAssets.JSModules.targets(42,5): message :     ;
       C:\Program Files\dotnet\sdk\10.0.302\Sdks\Microsoft.NET.Sdk.StaticWebAssets\targets\Microsoft.NET.Sdk.StaticWebAssets.JSModules.targets(42,5): message :       ResolveJsInitializerModuleStaticWebAssets;
       C:\Program Files\dotnet\sdk\10.0.302\Sdks\Microsoft.NET.Sdk.StaticWebAssets\targets\Microsoft.NET.Sdk.StaticWebAssets.JSModules.targets(42,5): message :     ") en C:\Program Files\dotnet\sdk\10.0.302\Sdks\Microsoft.NET.Sdk.StaticWebAssets\targets\Microsoft.NET.Sdk.StaticWebAssets.JSModules.targets (42,5)
       C:\Program Files\dotnet\sdk\10.0.302\Sdks\Microsoft.NET.Sdk.StaticWebAssets\targets\Microsoft.NET.Sdk.StaticWebAssets.JSModules.targets(57,5): message : Reasignación de propiedad: $(ResolveStaticWebAssetsInputsDependsOn)="
       C:\Program Files\dotnet\sdk\10.0.302\Sdks\Microsoft.NET.Sdk.StaticWebAssets\targets\Microsoft.NET.Sdk.StaticWebAssets.JSModules.targets(57,5): message :       ResolveJSModuleManifestBuildStaticWebAssets;
       C:\Program Files\dotnet\sdk\10.0.302\Sdks\Microsoft.NET.Sdk.StaticWebAssets\targets\Microsoft.NET.Sdk.StaticWebAssets.JSModules.targets(57,5): message :       
       C:\Program Files\dotnet\sdk\10.0.302\Sdks\Microsoft.NET.Sdk.StaticWebAssets\targets\Microsoft.NET.Sdk.StaticWebAssets.JSModules.targets(57,5): message :     
       C:\Program Files\dotnet\sdk\10.0.302\Sdks\Microsoft.NET.Sdk.StaticWebAssets\targets\Microsoft.NET.Sdk.StaticWebAssets.JSModules.targets(57,5): message :       ResolveCoreStaticWebAssets;
       C:\Program Files\dotnet\sdk\10.0.302\Sdks\Microsoft.NET.Sdk.StaticWebAssets\targets\Microsoft.NET.Sdk.StaticWebAssets.JSModules.targets(57,5): message :       GenerateComputedBuildStaticWebAssets;
       C:\Program Files\dotnet\sdk\10.0.302\Sdks\Microsoft.NET.Sdk.StaticWebAssets\targets\Microsoft.NET.Sdk.StaticWebAssets.JSModules.targets(57,5): message :       
       C:\Program Files\dotnet\sdk\10.0.302\Sdks\Microsoft.NET.Sdk.StaticWebAssets\targets\Microsoft.NET.Sdk.StaticWebAssets.JSModules.targets(57,5): message :     ;
       C:\Program Files\dotnet\sdk\10.0.302\Sdks\Microsoft.NET.Sdk.StaticWebAssets\targets\Microsoft.NET.Sdk.StaticWebAssets.JSModules.targets(57,5): message :     ResolveScopedCssAssets;
       C:\Program Files\dotnet\sdk\10.0.302\Sdks\Microsoft.NET.Sdk.StaticWebAssets\targets\Microsoft.NET.Sdk.StaticWebAssets.JSModules.targets(57,5): message :   
       C:\Program Files\dotnet\sdk\10.0.302\Sdks\Microsoft.NET.Sdk.StaticWebAssets\targets\Microsoft.NET.Sdk.StaticWebAssets.JSModules.targets(57,5): message :     " (valor anterior: "
       C:\Program Files\dotnet\sdk\10.0.302\Sdks\Microsoft.NET.Sdk.StaticWebAssets\targets\Microsoft.NET.Sdk.StaticWebAssets.JSModules.targets(57,5): message :     
       C:\Program Files\dotnet\sdk\10.0.302\Sdks\Microsoft.NET.Sdk.StaticWebAssets\targets\Microsoft.NET.Sdk.StaticWebAssets.JSModules.targets(57,5): message :       ResolveCoreStaticWebAssets;
       C:\Program Files\dotnet\sdk\10.0.302\Sdks\Microsoft.NET.Sdk.StaticWebAssets\targets\Microsoft.NET.Sdk.StaticWebAssets.JSModules.targets(57,5): message :       GenerateComputedBuildStaticWebAssets;
       C:\Program Files\dotnet\sdk\10.0.302\Sdks\Microsoft.NET.Sdk.StaticWebAssets\targets\Microsoft.NET.Sdk.StaticWebAssets.JSModules.targets(57,5): message :       
       C:\Program Files\dotnet\sdk\10.0.302\Sdks\Microsoft.NET.Sdk.StaticWebAssets\targets\Microsoft.NET.Sdk.StaticWebAssets.JSModules.targets(57,5): message :     ;
       C:\Program Files\dotnet\sdk\10.0.302\Sdks\Microsoft.NET.Sdk.StaticWebAssets\targets\Microsoft.NET.Sdk.StaticWebAssets.JSModules.targets(57,5): message :     ResolveScopedCssAssets;
       C:\Program Files\dotnet\sdk\10.0.302\Sdks\Microsoft.NET.Sdk.StaticWebAssets\targets\Microsoft.NET.Sdk.StaticWebAssets.JSModules.targets(57,5): message :   ") en C:\Program Files\dotnet\sdk\10.0.302\Sdks\Microsoft.NET.Sdk.StaticWebAssets\targets\Microsoft.NET.Sdk.StaticWebAssets.JSModules.targets (57,5)
       C:\Program Files\dotnet\sdk\10.0.302\Sdks\Microsoft.NET.Sdk.StaticWebAssets\targets\Microsoft.NET.Sdk.StaticWebAssets.JSModules.targets(76,5): message : Reasignación de propiedad: $(ResolvePublishStaticWebAssetsDependsOn)="
       C:\Program Files\dotnet\sdk\10.0.302\Sdks\Microsoft.NET.Sdk.StaticWebAssets\targets\Microsoft.NET.Sdk.StaticWebAssets.JSModules.targets(76,5): message :       ResolveJSModuleManifestPublishStaticWebAssets;
       C:\Program Files\dotnet\sdk\10.0.302\Sdks\Microsoft.NET.Sdk.StaticWebAssets\targets\Microsoft.NET.Sdk.StaticWebAssets.JSModules.targets(76,5): message :       
       C:\Program Files\dotnet\sdk\10.0.302\Sdks\Microsoft.NET.Sdk.StaticWebAssets\targets\Microsoft.NET.Sdk.StaticWebAssets.JSModules.targets(76,5): message :       ResolveCorePublishStaticWebAssets;
       C:\Program Files\dotnet\sdk\10.0.302\Sdks\Microsoft.NET.Sdk.StaticWebAssets\targets\Microsoft.NET.Sdk.StaticWebAssets.JSModules.targets(76,5): message :       GenerateComputedPublishStaticWebAssets;
       C:\Program Files\dotnet\sdk\10.0.302\Sdks\Microsoft.NET.Sdk.StaticWebAssets\targets\Microsoft.NET.Sdk.StaticWebAssets.JSModules.targets(76,5): message :       ;
       C:\Program Files\dotnet\sdk\10.0.302\Sdks\Microsoft.NET.Sdk.StaticWebAssets\targets\Microsoft.NET.Sdk.StaticWebAssets.JSModules.targets(76,5): message :     
       C:\Program Files\dotnet\sdk\10.0.302\Sdks\Microsoft.NET.Sdk.StaticWebAssets\targets\Microsoft.NET.Sdk.StaticWebAssets.JSModules.targets(76,5): message :     " (valor anterior: "
       C:\Program Files\dotnet\sdk\10.0.302\Sdks\Microsoft.NET.Sdk.StaticWebAssets\targets\Microsoft.NET.Sdk.StaticWebAssets.JSModules.targets(76,5): message :       ResolveCorePublishStaticWebAssets;
       C:\Program Files\dotnet\sdk\10.0.302\Sdks\Microsoft.NET.Sdk.StaticWebAssets\targets\Microsoft.NET.Sdk.StaticWebAssets.JSModules.targets(76,5): message :       GenerateComputedPublishStaticWebAssets;
       C:\Program Files\dotnet\sdk\10.0.302\Sdks\Microsoft.NET.Sdk.StaticWebAssets\targets\Microsoft.NET.Sdk.StaticWebAssets.JSModules.targets(76,5): message :       ;
       C:\Program Files\dotnet\sdk\10.0.302\Sdks\Microsoft.NET.Sdk.StaticWebAssets\targets\Microsoft.NET.Sdk.StaticWebAssets.JSModules.targets(76,5): message :     ") en C:\Program Files\dotnet\sdk\10.0.302\Sdks\Microsoft.NET.Sdk.StaticWebAssets\targets\Microsoft.NET.Sdk.StaticWebAssets.JSModules.targets (76,5)
       C:\Program Files\dotnet\sdk\10.0.302\Sdks\Microsoft.NET.Sdk.StaticWebAssets\targets\Microsoft.NET.Sdk.StaticWebAssets.Compression.targets(185,5): message : Reasignación de propiedad: $(ResolveBuildRelatedStaticWebAssetsDependsOn)="
       C:\Program Files\dotnet\sdk\10.0.302\Sdks\Microsoft.NET.Sdk.StaticWebAssets\targets\Microsoft.NET.Sdk.StaticWebAssets.Compression.targets(185,5): message :       ResolveBuildCompressedStaticWebAssets;
       C:\Program Files\dotnet\sdk\10.0.302\Sdks\Microsoft.NET.Sdk.StaticWebAssets\targets\Microsoft.NET.Sdk.StaticWebAssets.Compression.targets(185,5): message :       
       C:\Program Files\dotnet\sdk\10.0.302\Sdks\Microsoft.NET.Sdk.StaticWebAssets\targets\Microsoft.NET.Sdk.StaticWebAssets.Compression.targets(185,5): message :       ResolveStaticWebAssetsInputs;
       C:\Program Files\dotnet\sdk\10.0.302\Sdks\Microsoft.NET.Sdk.StaticWebAssets\targets\Microsoft.NET.Sdk.StaticWebAssets.Compression.targets(185,5): message :       
       C:\Program Files\dotnet\sdk\10.0.302\Sdks\Microsoft.NET.Sdk.StaticWebAssets\targets\Microsoft.NET.Sdk.StaticWebAssets.Compression.targets(185,5): message :     
       C:\Program Files\dotnet\sdk\10.0.302\Sdks\Microsoft.NET.Sdk.StaticWebAssets\targets\Microsoft.NET.Sdk.StaticWebAssets.Compression.targets(185,5): message :     " (valor anterior: "
       C:\Program Files\dotnet\sdk\10.0.302\Sdks\Microsoft.NET.Sdk.StaticWebAssets\targets\Microsoft.NET.Sdk.StaticWebAssets.Compression.targets(185,5): message :       ResolveStaticWebAssetsInputs;
       C:\Program Files\dotnet\sdk\10.0.302\Sdks\Microsoft.NET.Sdk.StaticWebAssets\targets\Microsoft.NET.Sdk.StaticWebAssets.Compression.targets(185,5): message :       
       C:\Program Files\dotnet\sdk\10.0.302\Sdks\Microsoft.NET.Sdk.StaticWebAssets\targets\Microsoft.NET.Sdk.StaticWebAssets.Compression.targets(185,5): message :     ") en C:\Program Files\dotnet\sdk\10.0.302\Sdks\Microsoft.NET.Sdk.StaticWebAssets\targets\Microsoft.NET.Sdk.StaticWebAssets.Compression.targets (185,5)
       C:\Program Files\dotnet\sdk\10.0.302\Sdks\Microsoft.NET.Sdk.StaticWebAssets\targets\Microsoft.NET.Sdk.StaticWebAssets.Compression.targets(204,5): message : Reasignación de propiedad: $(ResolvePublishRelatedStaticWebAssetsDependsOn)="
       C:\Program Files\dotnet\sdk\10.0.302\Sdks\Microsoft.NET.Sdk.StaticWebAssets\targets\Microsoft.NET.Sdk.StaticWebAssets.Compression.targets(204,5): message :       ResolvePublishCompressedStaticWebAssets;
       C:\Program Files\dotnet\sdk\10.0.302\Sdks\Microsoft.NET.Sdk.StaticWebAssets\targets\Microsoft.NET.Sdk.StaticWebAssets.Compression.targets(204,5): message :       
       C:\Program Files\dotnet\sdk\10.0.302\Sdks\Microsoft.NET.Sdk.StaticWebAssets\targets\Microsoft.NET.Sdk.StaticWebAssets.Compression.targets(204,5): message :     " (valor anterior: "") en C:\Program Files\dotnet\sdk\10.0.302\Sdks\Microsoft.NET.Sdk.StaticWebAssets\targets\Microsoft.NET.Sdk.StaticWebAssets.Compression.targets (204,5)
       C:\Program Files\dotnet\sdk\10.0.302\Sdks\Microsoft.NET.Sdk.Razor\targets\Sdk.Razor.CurrentVersion.targets(220,5): message : Reasignación de propiedad: $(DebugSymbolsProjectOutputGroupDependsOn)="
       C:\Program Files\dotnet\sdk\10.0.302\Sdks\Microsoft.NET.Sdk.Razor\targets\Sdk.Razor.CurrentVersion.targets(220,5): message :       ;
       C:\Program Files\dotnet\sdk\10.0.302\Sdks\Microsoft.NET.Sdk.Razor\targets\Sdk.Razor.CurrentVersion.targets(220,5): message :       _RazorAddDebugSymbolsProjectOutputGroupOutput
       C:\Program Files\dotnet\sdk\10.0.302\Sdks\Microsoft.NET.Sdk.Razor\targets\Sdk.Razor.CurrentVersion.targets(220,5): message :     " (valor anterior: "") en C:\Program Files\dotnet\sdk\10.0.302\Sdks\Microsoft.NET.Sdk.Razor\targets\Sdk.Razor.CurrentVersion.targets (220,5)
       C:\Program Files\dotnet\sdk\10.0.302\Sdks\Microsoft.NET.Sdk.Razor\targets\Sdk.Razor.CurrentVersion.targets(225,5): message : Reasignación de propiedad: $(PrepareForBuildDependsOn)="
       C:\Program Files\dotnet\sdk\10.0.302\Sdks\Microsoft.NET.Sdk.Razor\targets\Sdk.Razor.CurrentVersion.targets(225,5): message :       ;GetFrameworkPaths;GetReferenceAssemblyPaths;AssignLinkMetadata;
       C:\Program Files\dotnet\sdk\10.0.302\Sdks\Microsoft.NET.Sdk.Razor\targets\Sdk.Razor.CurrentVersion.targets(225,5): message :       ResolveRazorGenerateInputs
       C:\Program Files\dotnet\sdk\10.0.302\Sdks\Microsoft.NET.Sdk.Razor\targets\Sdk.Razor.CurrentVersion.targets(225,5): message :     " (valor anterior: ";GetFrameworkPaths;GetReferenceAssemblyPaths;AssignLinkMetadata") en C:\Program Files\dotnet\sdk\10.0.302\Sdks\Microsoft.NET.Sdk.Razor\targets\Sdk.Razor.CurrentVersion.targets (225,5)
       C:\Program Files\dotnet\sdk\10.0.302\Sdks\Microsoft.NET.Sdk.Razor\targets\Sdk.Razor.CurrentVersion.targets(230,5): message : Reasignación de propiedad: $(GenerateNuspecDependsOn)="
       C:\Program Files\dotnet\sdk\10.0.302\Sdks\Microsoft.NET.Sdk.Razor\targets\Sdk.Razor.CurrentVersion.targets(230,5): message :       ResolveRazorGenerateInputs;
       C:\Program Files\dotnet\sdk\10.0.302\Sdks\Microsoft.NET.Sdk.Razor\targets\Sdk.Razor.CurrentVersion.targets(230,5): message :       
       C:\Program Files\dotnet\sdk\10.0.302\Sdks\Microsoft.NET.Sdk.Razor\targets\Sdk.Razor.CurrentVersion.targets(230,5): message :       IncludeStaticWebAssetsPackItems;
       C:\Program Files\dotnet\sdk\10.0.302\Sdks\Microsoft.NET.Sdk.Razor\targets\Sdk.Razor.CurrentVersion.targets(230,5): message :       Build;_LoadPackInputItems; _GetTargetFrameworksOutput; _WalkEachTargetPerFramework; _GetPackageFiles; ;
       C:\Program Files\dotnet\sdk\10.0.302\Sdks\Microsoft.NET.Sdk.Razor\targets\Sdk.Razor.CurrentVersion.targets(230,5): message :     
       C:\Program Files\dotnet\sdk\10.0.302\Sdks\Microsoft.NET.Sdk.Razor\targets\Sdk.Razor.CurrentVersion.targets(230,5): message :     " (valor anterior: "
       C:\Program Files\dotnet\sdk\10.0.302\Sdks\Microsoft.NET.Sdk.Razor\targets\Sdk.Razor.CurrentVersion.targets(230,5): message :       IncludeStaticWebAssetsPackItems;
       C:\Program Files\dotnet\sdk\10.0.302\Sdks\Microsoft.NET.Sdk.Razor\targets\Sdk.Razor.CurrentVersion.targets(230,5): message :       Build;_LoadPackInputItems; _GetTargetFrameworksOutput; _WalkEachTargetPerFramework; _GetPackageFiles; ;
       C:\Program Files\dotnet\sdk\10.0.302\Sdks\Microsoft.NET.Sdk.Razor\targets\Sdk.Razor.CurrentVersion.targets(230,5): message :     ") en C:\Program Files\dotnet\sdk\10.0.302\Sdks\Microsoft.NET.Sdk.Razor\targets\Sdk.Razor.CurrentVersion.targets (230,5)
       C:\Program Files\dotnet\sdk\10.0.302\Sdks\Microsoft.NET.Sdk.Razor\targets\Sdk.Razor.CurrentVersion.targets(235,5): message : Reasignación de propiedad: $(PrepareForRunDependsOn)="
       C:\Program Files\dotnet\sdk\10.0.302\Sdks\Microsoft.NET.Sdk.Razor\targets\Sdk.Razor.CurrentVersion.targets(235,5): message :       _RazorPrepareForRun;
       C:\Program Files\dotnet\sdk\10.0.302\Sdks\Microsoft.NET.Sdk.Razor\targets\Sdk.Razor.CurrentVersion.targets(235,5): message :       StaticWebAssetsPrepareForRun;
       C:\Program Files\dotnet\sdk\10.0.302\Sdks\Microsoft.NET.Sdk.Razor\targets\Sdk.Razor.CurrentVersion.targets(235,5): message :       CopyFilesToOutputDirectory
       C:\Program Files\dotnet\sdk\10.0.302\Sdks\Microsoft.NET.Sdk.Razor\targets\Sdk.Razor.CurrentVersion.targets(235,5): message :     
       C:\Program Files\dotnet\sdk\10.0.302\Sdks\Microsoft.NET.Sdk.Razor\targets\Sdk.Razor.CurrentVersion.targets(235,5): message :     " (valor anterior: "StaticWebAssetsPrepareForRun;
       C:\Program Files\dotnet\sdk\10.0.302\Sdks\Microsoft.NET.Sdk.Razor\targets\Sdk.Razor.CurrentVersion.targets(235,5): message :       CopyFilesToOutputDirectory
       C:\Program Files\dotnet\sdk\10.0.302\Sdks\Microsoft.NET.Sdk.Razor\targets\Sdk.Razor.CurrentVersion.targets(235,5): message :     ") en C:\Program Files\dotnet\sdk\10.0.302\Sdks\Microsoft.NET.Sdk.Razor\targets\Sdk.Razor.CurrentVersion.targets (235,5)
       C:\Program Files\dotnet\sdk\10.0.302\Sdks\Microsoft.NET.Sdk.Razor\targets\Sdk.Razor.CurrentVersion.targets(326,5): message : Reasignación de propiedad: $(UseRazorBuildServer)="true" (valor anterior: "") en C:\Program Files\dotnet\sdk\10.0.302\Sdks\Microsoft.NET.Sdk.Razor\targets\Sdk.Razor.CurrentVersion.targets (326,5)
       C:\Program Files\dotnet\sdk\10.0.302\Sdks\Microsoft.NET.Sdk.Razor\targets\Sdk.Razor.CurrentVersion.targets(332,5): message : Reasignación de propiedad: $(_RazorDebugSymbolsProduced)="true" (valor anterior: "false") en C:\Program Files\dotnet\sdk\10.0.302\Sdks\Microsoft.NET.Sdk.Razor\targets\Sdk.Razor.CurrentVersion.targets (332,5)
       C:\Program Files\dotnet\sdk\10.0.302\Sdks\Microsoft.NET.Sdk.Razor\targets\Microsoft.NET.Sdk.Razor.GenerateAssemblyInfo.targets(36,5): message : Reasignación de propiedad: $(GenerateRazorTargetAssemblyInfoDependsOn)="
       C:\Program Files\dotnet\sdk\10.0.302\Sdks\Microsoft.NET.Sdk.Razor\targets\Microsoft.NET.Sdk.Razor.GenerateAssemblyInfo.targets(36,5): message :       _ResolveMvcAssemblyAttributes;
       C:\Program Files\dotnet\sdk\10.0.302\Sdks\Microsoft.NET.Sdk.Razor\targets\Microsoft.NET.Sdk.Razor.GenerateAssemblyInfo.targets(36,5): message :       
       C:\Program Files\dotnet\sdk\10.0.302\Sdks\Microsoft.NET.Sdk.Razor\targets\Microsoft.NET.Sdk.Razor.GenerateAssemblyInfo.targets(36,5): message :       GetRazorTargetAssemblyAttributes;
       C:\Program Files\dotnet\sdk\10.0.302\Sdks\Microsoft.NET.Sdk.Razor\targets\Microsoft.NET.Sdk.Razor.GenerateAssemblyInfo.targets(36,5): message :       _CreateRazorTargetAssemblyInfoInputsCacheFile;
       C:\Program Files\dotnet\sdk\10.0.302\Sdks\Microsoft.NET.Sdk.Razor\targets\Microsoft.NET.Sdk.Razor.GenerateAssemblyInfo.targets(36,5): message :       CoreGenerateRazorTargetAssemblyInfo
       C:\Program Files\dotnet\sdk\10.0.302\Sdks\Microsoft.NET.Sdk.Razor\targets\Microsoft.NET.Sdk.Razor.GenerateAssemblyInfo.targets(36,5): message :     
       C:\Program Files\dotnet\sdk\10.0.302\Sdks\Microsoft.NET.Sdk.Razor\targets\Microsoft.NET.Sdk.Razor.GenerateAssemblyInfo.targets(36,5): message :     " (valor anterior: "
       C:\Program Files\dotnet\sdk\10.0.302\Sdks\Microsoft.NET.Sdk.Razor\targets\Microsoft.NET.Sdk.Razor.GenerateAssemblyInfo.targets(36,5): message :       GetRazorTargetAssemblyAttributes;
       C:\Program Files\dotnet\sdk\10.0.302\Sdks\Microsoft.NET.Sdk.Razor\targets\Microsoft.NET.Sdk.Razor.GenerateAssemblyInfo.targets(36,5): message :       _CreateRazorTargetAssemblyInfoInputsCacheFile;
       C:\Program Files\dotnet\sdk\10.0.302\Sdks\Microsoft.NET.Sdk.Razor\targets\Microsoft.NET.Sdk.Razor.GenerateAssemblyInfo.targets(36,5): message :       CoreGenerateRazorTargetAssemblyInfo
       C:\Program Files\dotnet\sdk\10.0.302\Sdks\Microsoft.NET.Sdk.Razor\targets\Microsoft.NET.Sdk.Razor.GenerateAssemblyInfo.targets(36,5): message :     ") en C:\Program Files\dotnet\sdk\10.0.302\Sdks\Microsoft.NET.Sdk.Razor\targets\Microsoft.NET.Sdk.Razor.GenerateAssemblyInfo.targets (36,5)
       C:\Program Files\dotnet\sdk\10.0.302\Sdks\Microsoft.NET.Sdk.Razor\targets\Microsoft.NET.Sdk.Razor.GenerateAssemblyInfo.targets(181,5): message : Reasignación de propiedad: $(CoreCompileDependsOn)="
       C:\Program Files\dotnet\sdk\10.0.302\Sdks\Microsoft.NET.Sdk.Razor\targets\Microsoft.NET.Sdk.Razor.GenerateAssemblyInfo.targets(181,5): message :       ;_ComputeNonExistentFileProperty;ResolveCodeAnalysisRuleSet;
       C:\Program Files\dotnet\sdk\10.0.302\Sdks\Microsoft.NET.Sdk.Razor\targets\Microsoft.NET.Sdk.Razor.GenerateAssemblyInfo.targets(181,5): message :       _GenerateRazorAssemblyInfo
       C:\Program Files\dotnet\sdk\10.0.302\Sdks\Microsoft.NET.Sdk.Razor\targets\Microsoft.NET.Sdk.Razor.GenerateAssemblyInfo.targets(181,5): message :     " (valor anterior: ";_ComputeNonExistentFileProperty;ResolveCodeAnalysisRuleSet") en C:\Program Files\dotnet\sdk\10.0.302\Sdks\Microsoft.NET.Sdk.Razor\targets\Microsoft.NET.Sdk.Razor.GenerateAssemblyInfo.targets (181,5)
       C:\Program Files\dotnet\sdk\10.0.302\Sdks\Microsoft.NET.Sdk.Razor\targets\Microsoft.NET.Sdk.Razor.GenerateAssemblyInfo.targets(189,5): message : Reasignación de propiedad: $(_GenerateRazorAssemblyInfoDependsOn)="
       C:\Program Files\dotnet\sdk\10.0.302\Sdks\Microsoft.NET.Sdk.Razor\targets\Microsoft.NET.Sdk.Razor.GenerateAssemblyInfo.targets(189,5): message :       _ResolveMvcAssemblyAttributes;
       C:\Program Files\dotnet\sdk\10.0.302\Sdks\Microsoft.NET.Sdk.Razor\targets\Microsoft.NET.Sdk.Razor.GenerateAssemblyInfo.targets(189,5): message :       RazorGetAssemblyAttributes;PrepareForBuild;_CoreGenerateRazorAssemblyInfo;
       C:\Program Files\dotnet\sdk\10.0.302\Sdks\Microsoft.NET.Sdk.Razor\targets\Microsoft.NET.Sdk.Razor.GenerateAssemblyInfo.targets(189,5): message :     " (valor anterior: "RazorGetAssemblyAttributes;PrepareForBuild;_CoreGenerateRazorAssemblyInfo") en C:\Program Files\dotnet\sdk\10.0.302\Sdks\Microsoft.NET.Sdk.Razor\targets\Microsoft.NET.Sdk.Razor.GenerateAssemblyInfo.targets (189,5)
       C:\Program Files\dotnet\sdk\10.0.302\Sdks\Microsoft.NET.Sdk.Razor\targets\Microsoft.NET.Sdk.Razor.MvcApplicationPartsDiscovery.targets(22,5): message : Reasignación de propiedad: $(CoreCompileDependsOn)="
       C:\Program Files\dotnet\sdk\10.0.302\Sdks\Microsoft.NET.Sdk.Razor\targets\Microsoft.NET.Sdk.Razor.MvcApplicationPartsDiscovery.targets(22,5): message :       _DiscoverMvcApplicationParts;
       C:\Program Files\dotnet\sdk\10.0.302\Sdks\Microsoft.NET.Sdk.Razor\targets\Microsoft.NET.Sdk.Razor.MvcApplicationPartsDiscovery.targets(22,5): message :       
       C:\Program Files\dotnet\sdk\10.0.302\Sdks\Microsoft.NET.Sdk.Razor\targets\Microsoft.NET.Sdk.Razor.MvcApplicationPartsDiscovery.targets(22,5): message :       ;_ComputeNonExistentFileProperty;ResolveCodeAnalysisRuleSet;
       C:\Program Files\dotnet\sdk\10.0.302\Sdks\Microsoft.NET.Sdk.Razor\targets\Microsoft.NET.Sdk.Razor.MvcApplicationPartsDiscovery.targets(22,5): message :       _GenerateRazorAssemblyInfo
       C:\Program Files\dotnet\sdk\10.0.302\Sdks\Microsoft.NET.Sdk.Razor\targets\Microsoft.NET.Sdk.Razor.MvcApplicationPartsDiscovery.targets(22,5): message :     ;
       C:\Program Files\dotnet\sdk\10.0.302\Sdks\Microsoft.NET.Sdk.Razor\targets\Microsoft.NET.Sdk.Razor.MvcApplicationPartsDiscovery.targets(22,5): message :     " (valor anterior: "
       C:\Program Files\dotnet\sdk\10.0.302\Sdks\Microsoft.NET.Sdk.Razor\targets\Microsoft.NET.Sdk.Razor.MvcApplicationPartsDiscovery.targets(22,5): message :       ;_ComputeNonExistentFileProperty;ResolveCodeAnalysisRuleSet;
       C:\Program Files\dotnet\sdk\10.0.302\Sdks\Microsoft.NET.Sdk.Razor\targets\Microsoft.NET.Sdk.Razor.MvcApplicationPartsDiscovery.targets(22,5): message :       _GenerateRazorAssemblyInfo
       C:\Program Files\dotnet\sdk\10.0.302\Sdks\Microsoft.NET.Sdk.Razor\targets\Microsoft.NET.Sdk.Razor.MvcApplicationPartsDiscovery.targets(22,5): message :     ") en C:\Program Files\dotnet\sdk\10.0.302\Sdks\Microsoft.NET.Sdk.Razor\targets\Microsoft.NET.Sdk.Razor.MvcApplicationPartsDiscovery.targets (22,5)
       C:\Program Files\dotnet\sdk\10.0.302\Sdks\Microsoft.NET.Sdk.Razor\targets\Sdk.Razor.CurrentVersion.targets(884,5): message : Reasignación de propiedad: $(RazorDesignTimeTargets)="C:\Program Files\dotnet\sdk\10.0.302\Sdks\Microsoft.NET.Sdk.Razor\targets\Microsoft.NET.Sdk.Razor.DesignTime.targets" (valor anterior: "C:\Program Files\dotnet\sdk\10.0.302\\Microsoft\VisualStudio\Razor\Microsoft.NET.Sdk.Razor.DesignTime.targets") en C:\Program Files\dotnet\sdk\10.0.302\Sdks\Microsoft.NET.Sdk.Razor\targets\Sdk.Razor.CurrentVersion.targets (884,5)
       C:\Program Files\dotnet\sdk\10.0.302\Sdks\Microsoft.NET.Sdk.Web.ProjectSystem\targets\Microsoft.NET.Sdk.Web.ProjectSystem.targets(21,5): message : Reasignación de propiedad: $(RunWorkingDirectory)="D:\TEXNICA\ERP-API\ERP.Api" (valor anterior: "") en C:\Program Files\dotnet\sdk\10.0.302\Sdks\Microsoft.NET.Sdk.Web.ProjectSystem\targets\Microsoft.NET.Sdk.Web.ProjectSystem.targets (21,5)
       C:\Program Files\dotnet\sdk\10.0.302\Sdks\Microsoft.NET.Sdk.Publish\targets\Microsoft.NET.Sdk.Publish.targets(66,5): message : Reasignación de propiedad: $(PublishProfileImported)="true" (valor anterior: "false") en C:\Program Files\dotnet\sdk\10.0.302\Sdks\Microsoft.NET.Sdk.Publish\targets\Microsoft.NET.Sdk.Publish.targets (66,5)
       C:\Program Files\dotnet\sdk\10.0.302\Sdks\Microsoft.NET.Sdk.Publish\targets\Microsoft.NET.Sdk.Publish.targets(87,5): message : Reasignación de propiedad: $(PublishConfiguration)="Debug" (valor anterior: "") en C:\Program Files\dotnet\sdk\10.0.302\Sdks\Microsoft.NET.Sdk.Publish\targets\Microsoft.NET.Sdk.Publish.targets (87,5)
       C:\Program Files\dotnet\sdk\10.0.302\Sdks\Microsoft.NET.Sdk.Publish\targets\Microsoft.NET.Sdk.Publish.targets(93,5): message : Reasignación de propiedad: $(BaseIntermediateOutputPath)="D:\TEXNICA\ERP-API\ERP.Api\obj\" (valor anterior: "obj\") en C:\Program Files\dotnet\sdk\10.0.302\Sdks\Microsoft.NET.Sdk.Publish\targets\Microsoft.NET.Sdk.Publish.targets (93,5)
       Invalidando el destino "ResolveFrameworkReferences" del proyecto"C:\Program Files\dotnet\sdk\10.0.302\Microsoft.Common.CurrentVersion.targets" con el destino "ResolveFrameworkReferences" del proyecto "C:\Program Files\dotnet\sdk\10.0.302\Sdks\Microsoft.NET.Sdk\targets\Microsoft.NET.Sdk.FrameworkReferenceResolution.targets".
       Invalidando el destino "GenerateSupportedTargetFrameworkAlias" del proyecto"C:\Program Files\dotnet\sdk\10.0.302\Microsoft.Common.CurrentVersion.targets" con el destino "GenerateSupportedTargetFrameworkAlias" del proyecto "C:\Program Files\dotnet\sdk\10.0.302\Sdks\Microsoft.NET.Sdk\targets\Microsoft.NET.Sdk.targets".
       Invalidando el destino "GetReferenceAssemblyPaths" del proyecto"C:\Program Files\dotnet\sdk\10.0.302\Microsoft.Common.CurrentVersion.targets" con el destino "GetReferenceAssemblyPaths" del proyecto "C:\Program Files\dotnet\sdk\10.0.302\Sdks\Microsoft.NET.Sdk\targets\Microsoft.NET.DisableStandardFrameworkResolution.targets".
       Invalidando el destino "GetFrameworkPaths" del proyecto"C:\Program Files\dotnet\sdk\10.0.302\Microsoft.Common.CurrentVersion.targets" con el destino "GetFrameworkPaths" del proyecto "C:\Program Files\dotnet\sdk\10.0.302\Sdks\Microsoft.NET.Sdk\targets\Microsoft.NET.DisableStandardFrameworkResolution.targets".
       Invalidando el destino "DesignerRuntimeImplementationProjectOutputGroup" del proyecto"C:\Program Files\dotnet\sdk\10.0.302\Microsoft.Common.CurrentVersion.targets" con el destino "DesignerRuntimeImplementationProjectOutputGroup" del proyecto "C:\Program Files\dotnet\sdk\10.0.302\Sdks\Microsoft.NET.Sdk\targets\Microsoft.NET.DesignerSupport.targets".
       Invalidando el destino "Publish" del proyecto"C:\Program Files\dotnet\sdk\10.0.302\Microsoft.Common.CurrentVersion.targets" con el destino "Publish" del proyecto "C:\Program Files\dotnet\sdk\10.0.302\Sdks\Microsoft.NET.Sdk\targets\Microsoft.NET.Publish.targets".
       Invalidando el destino "ResolveReadyToRunCompilers" del proyecto"C:\Program Files\dotnet\sdk\10.0.302\Sdks\Microsoft.NET.Sdk\targets\Microsoft.NET.CrossGen.targets" con el destino "ResolveReadyToRunCompilers" del proyecto "C:\Program Files\dotnet\sdk\10.0.302\Sdks\Microsoft.NET.Sdk\targets\Microsoft.NET.Publish.targets".
       Invalidando el destino "GetCopyToPublishDirectoryItems" del proyecto"C:\Program Files\dotnet\sdk\10.0.302\Microsoft.Common.CurrentVersion.targets" con el destino "GetCopyToPublishDirectoryItems" del proyecto "C:\Program Files\dotnet\sdk\10.0.302\Sdks\Microsoft.NET.Sdk\targets\Microsoft.NET.Publish.targets".
       Invalidando el destino "Run" del proyecto"C:\Program Files\dotnet\sdk\10.0.302\Microsoft.Common.CurrentVersion.targets" con el destino "Run" del proyecto "C:\Program Files\dotnet\sdk\10.0.302\Sdks\Microsoft.NET.Sdk\targets\Microsoft.NET.Sdk.targets".
       Invalidando el destino "BeforePublish" del proyecto"C:\Program Files\dotnet\sdk\10.0.302\Microsoft.Common.CurrentVersion.targets" con el destino "BeforePublish" del proyecto "C:\Program Files\dotnet\sdk\10.0.302\Sdks\Microsoft.NET.Sdk.Publish\targets\Microsoft.NET.Sdk.Publish.targets".
       Invalidando el destino "AfterPublish" del proyecto"C:\Program Files\dotnet\sdk\10.0.302\Microsoft.Common.CurrentVersion.targets" con el destino "AfterPublish" del proyecto "C:\Program Files\dotnet\sdk\10.0.302\Sdks\Microsoft.NET.Sdk.Publish\targets\Microsoft.NET.Sdk.Publish.targets".
       El destino "ResolveNuGetPackageAssets" que aparece en un atributo AfterTargets en "C:\Users\rm619\.nuget\packages\system.text.json\9.0.10\buildTransitive\net8.0\System.Text.Json.targets (11,11)" no existe en el proyecto y se omitirá.
       El destino "ResolveNuGetPackageAssets" que aparece en un atributo AfterTargets en "C:\Users\rm619\.nuget\packages\system.text.json\9.0.10\buildTransitive\net8.0\System.Text.Json.targets (23,11)" no existe en el proyecto y se omitirá.
       El destino "ResolveNuGetPackageAssets" que aparece en un atributo AfterTargets en "C:\Users\rm619\.nuget\packages\microsoft.extensions.logging.abstractions\9.0.10\buildTransitive\net8.0\Microsoft.Extensions.Logging.Abstractions.targets (11,11)" no existe en el proyecto y se omitirá.
       El destino "ResolveNuGetPackageAssets" que aparece en un atributo AfterTargets en "C:\Users\rm619\.nuget\packages\microsoft.extensions.logging.abstractions\9.0.10\buildTransitive\net8.0\Microsoft.Extensions.Logging.Abstractions.targets (23,11)" no existe en el proyecto y se omitirá.
       El destino "ResolveNuGetPackageAssets" que aparece en un atributo AfterTargets en "C:\Users\rm619\.nuget\packages\microsoft.extensions.options\9.0.10\buildTransitive\net8.0\Microsoft.Extensions.Options.targets (11,11)" no existe en el proyecto y se omitirá.
       El destino "ResolveNuGetPackageAssets" que aparece en un atributo AfterTargets en "C:\Users\rm619\.nuget\packages\microsoft.extensions.options\9.0.10\buildTransitive\net8.0\Microsoft.Extensions.Options.targets (23,11)" no existe en el proyecto y se omitirá.
       El destino "CollectUpToDateCheckInputDesignTime" que aparece en un atributo BeforeTargets en "C:\Program Files\dotnet\sdk\10.0.302\Sdks\Microsoft.NET.Sdk.StaticWebAssets\targets\Microsoft.NET.Sdk.StaticWebAssets.ScopedCss.targets (171,5)" no existe en el proyecto y se omitirá.
       El destino "CollectUpToDateCheckBuiltDesignTime" que aparece en un atributo BeforeTargets en "C:\Program Files\dotnet\sdk\10.0.302\Sdks\Microsoft.NET.Sdk.StaticWebAssets\targets\Microsoft.NET.Sdk.StaticWebAssets.ScopedCss.targets (171,5)" no existe en el proyecto y se omitirá.
       El destino "RazorGenerateComponentDeclaration" que aparece en un atributo AfterTargets en "C:\Program Files\dotnet\sdk\10.0.302\Sdks\Microsoft.NET.Sdk.Razor\targets\Microsoft.NET.Sdk.Razor.DesignTime.targets (55,53)" no existe en el proyecto y se omitirá.
   1:2>El proyecto "D:\TEXNICA\ERP-API\ERP.Api.sln" (1:2) está compilando "D:\TEXNICA\ERP-API\ERP.Api\ERP.Api.csproj" (2:6) en el nodo 1 (destinos predeterminados).
   2:6>Destino "NETStandardCompatError_Mono_TextTemplating_net6_0" en el archivo "C:\Users\rm619\.nuget\packages\mono.texttemplating\3.0.0\buildTransitive\Mono.TextTemplating.targets" del proyecto "D:\TEXNICA\ERP-API\ERP.Api\ERP.Api.csproj" (punto de entrada):
   2:6>Compilación terminada del destino "NETStandardCompatError_Mono_TextTemplating_net6_0" en el proyecto "ERP.Api.csproj".
   2:6>Destino "_CollectTargetFrameworkForTelemetry" en el archivo "C:\Program Files\dotnet\sdk\10.0.302\Sdks\Microsoft.NET.Sdk\targets\Microsoft.NET.TargetFrameworkInference.targets" del proyecto "D:\TEXNICA\ERP-API\ERP.Api\ERP.Api.csproj" (el destino "_CheckForInvalidConfigurationAndPlatform" depende de él):
       Usando la tarea "AllowEmptyTelemetry" del ensamblado "C:\Program Files\dotnet\sdk\10.0.302\Sdks\Microsoft.NET.Sdk\targets\..\tools\net10.0\Microsoft.NET.Build.Tasks.dll".
       Tarea "AllowEmptyTelemetry"
       Ejecución de la tarea "AllowEmptyTelemetry" terminada.
   2:6>Compilación terminada del destino "_CollectTargetFrameworkForTelemetry" en el proyecto "ERP.Api.csproj".
   2:6>Destino "_CheckForUnsupportedNETCoreVersion" en el archivo "C:\Program Files\dotnet\sdk\10.0.302\Sdks\Microsoft.NET.Sdk\targets\Microsoft.NET.TargetFrameworkInference.targets" del proyecto "D:\TEXNICA\ERP-API\ERP.Api\ERP.Api.csproj" (el destino "_CheckForInvalidConfigurationAndPlatform" depende de él):
   2:6>Compilación terminada del destino "_CheckForUnsupportedNETCoreVersion" en el proyecto "ERP.Api.csproj".
   2:6>Destino "_CheckForUnsupportedCppNETCoreVersion" en el archivo "C:\Program Files\dotnet\sdk\10.0.302\Sdks\Microsoft.NET.Sdk\targets\Microsoft.NET.TargetFrameworkInference.targets" del proyecto "D:\TEXNICA\ERP-API\ERP.Api\ERP.Api.csproj" (el destino "_CheckForInvalidConfigurationAndPlatform" depende de él):
   2:6>Compilación terminada del destino "_CheckForUnsupportedCppNETCoreVersion" en el proyecto "ERP.Api.csproj".
   2:6>Destino "_CheckForUnsupportedArtifactsPath" en el archivo "C:\Program Files\dotnet\sdk\10.0.302\Sdks\Microsoft.NET.Sdk\targets\Microsoft.NET.DefaultOutputPaths.targets" del proyecto "D:\TEXNICA\ERP-API\ERP.Api\ERP.Api.csproj" (el destino "_CheckForInvalidConfigurationAndPlatform" depende de él):
   2:6>Compilación terminada del destino "_CheckForUnsupportedArtifactsPath" en el proyecto "ERP.Api.csproj".
   2:6>Destino "_CheckRIDAsserts" en el archivo "C:\Program Files\dotnet\sdk\10.0.302\Sdks\Microsoft.NET.Sdk\targets\Microsoft.NET.RuntimeIdentifierInference.targets" del proyecto "D:\TEXNICA\ERP-API\ERP.Api\ERP.Api.csproj" (el destino "_CheckForUnsupportedAppHostUsage" depende de él):
   2:6>Compilación terminada del destino "_CheckRIDAsserts" en el proyecto "ERP.Api.csproj".
   2:6>Destino "_CheckForUnsupportedAppHostUsage" en el archivo "C:\Program Files\dotnet\sdk\10.0.302\Sdks\Microsoft.NET.Sdk\targets\Microsoft.NET.RuntimeIdentifierInference.targets" del proyecto "D:\TEXNICA\ERP-API\ERP.Api\ERP.Api.csproj" (el destino "_CheckForInvalidConfigurationAndPlatform" depende de él):
   2:6>Compilación terminada del destino "_CheckForUnsupportedAppHostUsage" en el proyecto "ERP.Api.csproj".
   2:6>Destino "_CheckForUnsupportedHostingUsage" en el archivo "C:\Program Files\dotnet\sdk\10.0.302\Sdks\Microsoft.NET.Sdk\targets\Microsoft.NET.RuntimeIdentifierInference.targets" del proyecto "D:\TEXNICA\ERP-API\ERP.Api\ERP.Api.csproj" (el destino "_CheckForInvalidConfigurationAndPlatform" depende de él):
   2:6>Compilación terminada del destino "_CheckForUnsupportedHostingUsage" en el proyecto "ERP.Api.csproj".
   2:6>Destino "_CheckAndUnsetUnsupportedPrefer32Bit" en el archivo "C:\Program Files\dotnet\sdk\10.0.302\Sdks\Microsoft.NET.Sdk\targets\Microsoft.NET.RuntimeIdentifierInference.targets" del proyecto "D:\TEXNICA\ERP-API\ERP.Api\ERP.Api.csproj" (el destino "_CheckForInvalidConfigurationAndPlatform" depende de él):
   2:6>Compilación terminada del destino "_CheckAndUnsetUnsupportedPrefer32Bit" en el proyecto "ERP.Api.csproj".
   2:6>Destino "_CheckForLanguageAndFeatureCombinationSupport" en el archivo "C:\Program Files\dotnet\sdk\10.0.302\Sdks\Microsoft.NET.Sdk\targets\Microsoft.NET.RuntimeIdentifierInference.targets" del proyecto "D:\TEXNICA\ERP-API\ERP.Api\ERP.Api.csproj" (el destino "_CheckForInvalidConfigurationAndPlatform" depende de él):
   2:6>Compilación terminada del destino "_CheckForLanguageAndFeatureCombinationSupport" en el proyecto "ERP.Api.csproj".
   2:6>Destino "UpdateAspNetToFrameworkReference" en el archivo "C:\Program Files\dotnet\sdk\10.0.302\Sdks\Microsoft.NET.Sdk\targets\Microsoft.NET.Sdk.DefaultItems.Shared.targets" del proyecto "D:\TEXNICA\ERP-API\ERP.Api\ERP.Api.csproj" (el destino "ApplyImplicitVersions" depende de él):
       Usando la tarea "CheckIfPackageReferenceShouldBeFrameworkReference" del ensamblado "C:\Program Files\dotnet\sdk\10.0.302\Sdks\Microsoft.NET.Sdk\targets\..\tools\net10.0\Microsoft.NET.Build.Tasks.dll".
       Tarea "CheckIfPackageReferenceShouldBeFrameworkReference"
       Ejecución de la tarea "CheckIfPackageReferenceShouldBeFrameworkReference" terminada.
       Tarea "CheckIfPackageReferenceShouldBeFrameworkReference"
       Ejecución de la tarea "CheckIfPackageReferenceShouldBeFrameworkReference" terminada.
   2:6>Compilación terminada del destino "UpdateAspNetToFrameworkReference" en el proyecto "ERP.Api.csproj".
   2:6>Destino "CheckForImplicitPackageReferenceOverrides" en el archivo "C:\Program Files\dotnet\sdk\10.0.302\Sdks\Microsoft.NET.Sdk\targets\Microsoft.NET.Sdk.DefaultItems.Shared.targets" del proyecto "D:\TEXNICA\ERP-API\ERP.Api\ERP.Api.csproj" (el destino "ApplyImplicitVersions" depende de él):
       Usando la tarea "CheckForImplicitPackageReferenceOverrides" del ensamblado "C:\Program Files\dotnet\sdk\10.0.302\Sdks\Microsoft.NET.Sdk\targets\..\tools\net10.0\Microsoft.NET.Build.Tasks.dll".
       Tarea "CheckForImplicitPackageReferenceOverrides"
       Ejecución de la tarea "CheckForImplicitPackageReferenceOverrides" terminada.
   2:6>Compilación terminada del destino "CheckForImplicitPackageReferenceOverrides" en el proyecto "ERP.Api.csproj".
   2:6>Destino "ApplyImplicitVersions" en el archivo "C:\Program Files\dotnet\sdk\10.0.302\Sdks\Microsoft.NET.Sdk\targets\Microsoft.NET.Sdk.DefaultItems.Shared.targets" del proyecto "D:\TEXNICA\ERP-API\ERP.Api\ERP.Api.csproj" (el destino "CollectPackageReferences" depende de él):
       Usando la tarea "ApplyImplicitVersions" del ensamblado "C:\Program Files\dotnet\sdk\10.0.302\Sdks\Microsoft.NET.Sdk\targets\..\tools\net10.0\Microsoft.NET.Build.Tasks.dll".
       Tarea "ApplyImplicitVersions"
       Ejecución de la tarea "ApplyImplicitVersions" terminada.
   2:6>Compilación terminada del destino "ApplyImplicitVersions" en el proyecto "ERP.Api.csproj".
       Se omitió el destino "CheckForImplicitPackageReferenceOverrides". Compilado previamente de forma correcta.
   2:6>Destino "_ComputeToolPackInputsToProcessFrameworkReferences" en el archivo "C:\Program Files\dotnet\sdk\10.0.302\Sdks\Microsoft.NET.Sdk\targets\Microsoft.NET.Publish.targets" del proyecto "D:\TEXNICA\ERP-API\ERP.Api\ERP.Api.csproj" (el destino "ProcessFrameworkReferences" depende de él):
   2:6>Compilación terminada del destino "_ComputeToolPackInputsToProcessFrameworkReferences" en el proyecto "ERP.Api.csproj".
   2:6>Destino "ResolveRequiredWebAssets" en el archivo "C:\Program Files\dotnet\sdk\10.0.302\Sdks\Microsoft.NET.Sdk.Web.ProjectSystem\targets\Microsoft.NET.Sdk.Web.ProjectSystem.targets" del proyecto "D:\TEXNICA\ERP-API\ERP.Api\ERP.Api.csproj" (el destino "ProcessFrameworkReferences" depende de él):
   2:6>Compilación terminada del destino "ResolveRequiredWebAssets" en el proyecto "ERP.Api.csproj".
   2:6>Destino "ProcessFrameworkReferences" en el archivo "C:\Program Files\dotnet\sdk\10.0.302\Sdks\Microsoft.NET.Sdk\targets\Microsoft.NET.Sdk.FrameworkReferenceResolution.targets" del proyecto "D:\TEXNICA\ERP-API\ERP.Api\ERP.Api.csproj" (el destino "CollectPackageReferences" depende de él):
       Usando la tarea "CheckForDuplicateFrameworkReferences" del ensamblado "C:\Program Files\dotnet\sdk\10.0.302\Sdks\Microsoft.NET.Sdk\targets\..\tools\net10.0\Microsoft.NET.Build.Tasks.dll".
       Tarea "CheckForDuplicateFrameworkReferences"
       Ejecución de la tarea "CheckForDuplicateFrameworkReferences" terminada.
       Usando la tarea "ProcessFrameworkReferences" del ensamblado "C:\Program Files\dotnet\sdk\10.0.302\Sdks\Microsoft.NET.Sdk\targets\..\tools\net10.0\Microsoft.NET.Build.Tasks.dll".
       Tarea "ProcessFrameworkReferences"
         Found 2 known framework references for target framework .NETCoreApp
         Found 5 known runtime packs for target framework .NETCoreApp
         Selected Microsoft.NETCore.App with RIDs 'linux-arm;linux-arm64;linux-musl-arm64;linux-musl-x64;linux-x64;osx-x64;tizen.4.0.0-armel;tizen.5.0.0-armel;win-arm64;win-x64;win-x86;linux-musl-arm;osx-arm64;linux-s390x;linux-loongarch64;linux-bionic-arm;linux-bionic-arm64;linux-bionic-x64;linux-bionic-x86;linux-ppc64le;freebsd-x64;freebsd-arm64;linux-riscv64;linux-musl-riscv64;linux-musl-loongarch64'
         Selected targeting pack 'Microsoft.NETCore.App@9.0.18'
         Added runtime framework 'Microsoft.NETCore.App@9.0.0'
         Selected Microsoft.WindowsDesktop.App with RIDs 'win-x64;win-x86;win-arm64'
         Selected targeting pack 'Microsoft.WindowsDesktop.App@9.0.18'
         Added runtime framework 'Microsoft.WindowsDesktop.App@9.0.0'
         Selected Microsoft.WindowsDesktop.App with RIDs 'win-x64;win-x86;win-arm64'
         Selected targeting pack 'Microsoft.WindowsDesktop.App.WPF@9.0.18'
         Added runtime framework 'Microsoft.WindowsDesktop.App@9.0.0'
         Selected Microsoft.WindowsDesktop.App with RIDs 'win-x64;win-x86;win-arm64'
         Selected targeting pack 'Microsoft.WindowsDesktop.App.WindowsForms@9.0.18'
         Added runtime framework 'Microsoft.WindowsDesktop.App@9.0.0'
         Selected Microsoft.AspNetCore.App with RIDs 'win-x64;win-x86;osx-x64;linux-musl-x64;linux-musl-arm64;linux-x64;linux-arm;linux-arm64;linux-musl-arm;win-arm64;osx-arm64;linux-s390x;linux-loongarch64;linux-ppc64le;freebsd-x64;freebsd-arm64;linux-riscv64;linux-musl-riscv64;linux-loongarch64;linux-musl-loongarch64'
         Selected targeting pack 'Microsoft.AspNetCore.App@9.0.18'
         Added runtime framework 'Microsoft.AspNetCore.App@9.0.0'
       Ejecución de la tarea "ProcessFrameworkReferences" terminada.
       Usando la tarea "ResolveAppHosts" del ensamblado "C:\Program Files\dotnet\sdk\10.0.302\Sdks\Microsoft.NET.Sdk\targets\..\tools\net10.0\Microsoft.NET.Build.Tasks.dll".
       Tarea "ResolveAppHosts"
       Ejecución de la tarea "ResolveAppHosts" terminada.
   2:6>Compilación terminada del destino "ProcessFrameworkReferences" en el proyecto "ERP.Api.csproj".
   2:6>Destino "_CheckForObsoleteDotNetCliToolReferences" en el archivo "C:\Program Files\dotnet\sdk\10.0.302\Sdks\Microsoft.NET.Sdk\targets\Microsoft.NET.ObsoleteReferences.targets" del proyecto "D:\TEXNICA\ERP-API\ERP.Api\ERP.Api.csproj" (el destino "CollectPackageReferences" depende de él):
   2:6>Compilación terminada del destino "_CheckForObsoleteDotNetCliToolReferences" en el proyecto "ERP.Api.csproj".
   2:6>Destino "CollectPackageReferences" en el archivo "C:\Program Files\dotnet\sdk\10.0.302\NuGet.targets" del proyecto "D:\TEXNICA\ERP-API\ERP.Api\ERP.Api.csproj" (el destino "_GetRestoreProjectStyle" depende de él):
       Usando la tarea "CheckForDuplicateNuGetItemsTask" del ensamblado "C:\Program Files\dotnet\sdk\10.0.302\NuGet.Build.Tasks.dll".
       Tarea "CheckForDuplicateNuGetItemsTask"
       Ejecución de la tarea "CheckForDuplicateNuGetItemsTask" terminada.
   2:6>Compilación terminada del destino "CollectPackageReferences" en el proyecto "ERP.Api.csproj".
   2:6>Destino "_GetRestoreProjectStyle" en el archivo "C:\Program Files\dotnet\sdk\10.0.302\NuGet.targets" del proyecto "D:\TEXNICA\ERP-API\ERP.Api\ERP.Api.csproj" (el destino "EnableIntermediateOutputPathMismatchWarning" depende de él):
       Usando la tarea "GetRestoreProjectStyleTask" del ensamblado "C:\Program Files\dotnet\sdk\10.0.302\NuGet.Build.Tasks.dll".
       Tarea "GetRestoreProjectStyleTask"
       Ejecución de la tarea "GetRestoreProjectStyleTask" terminada.
   2:6>Compilación terminada del destino "_GetRestoreProjectStyle" en el proyecto "ERP.Api.csproj".
   2:6>Destino "EnableIntermediateOutputPathMismatchWarning" en el archivo "C:\Program Files\dotnet\sdk\10.0.302\NuGet.targets" del proyecto "D:\TEXNICA\ERP-API\ERP.Api\ERP.Api.csproj" (el destino "_CheckForInvalidConfigurationAndPlatform" depende de él):
   2:6>Compilación terminada del destino "EnableIntermediateOutputPathMismatchWarning" en el proyecto "ERP.Api.csproj".
       Se omitió el destino "ApplyImplicitVersions". Compilado previamente de forma correcta.
       Se omitió el destino "CheckForImplicitPackageReferenceOverrides". Compilado previamente de forma correcta.
   2:6>Destino "CheckForDuplicateItems" en el archivo "C:\Program Files\dotnet\sdk\10.0.302\Sdks\Microsoft.NET.Sdk\targets\Microsoft.NET.Sdk.DefaultItems.Shared.targets" del proyecto "D:\TEXNICA\ERP-API\ERP.Api\ERP.Api.csproj" (el destino "_CheckForInvalidConfigurationAndPlatform" depende de él):
       Usando la tarea "CheckForDuplicateItems" del ensamblado "C:\Program Files\dotnet\sdk\10.0.302\Sdks\Microsoft.NET.Sdk\targets\..\tools\net10.0\Microsoft.NET.Build.Tasks.dll".
       Tarea "CheckForDuplicateItems"
       Ejecución de la tarea "CheckForDuplicateItems" terminada.
       Tarea "CheckForDuplicateItems"
       Ejecución de la tarea "CheckForDuplicateItems" terminada.
       Tarea "CheckForDuplicateItems"
       Ejecución de la tarea "CheckForDuplicateItems" terminada.
   2:6>Compilación terminada del destino "CheckForDuplicateItems" en el proyecto "ERP.Api.csproj".
       Se omitió el destino "ProcessFrameworkReferences". Compilado previamente de forma correcta.
   2:6>Destino "_CheckForInvalidConfigurationAndPlatform" en el archivo "C:\Program Files\dotnet\sdk\10.0.302\Microsoft.Common.CurrentVersion.targets" del proyecto "D:\TEXNICA\ERP-API\ERP.Api\ERP.Api.csproj" (el destino "BeforeBuild" depende de él):
       Tarea "Message"
         Configuration=Debug
       Ejecución de la tarea "Message" terminada.
       Tarea "Message"
         Platform=AnyCPU
       Ejecución de la tarea "Message" terminada.
   2:6>Compilación terminada del destino "_CheckForInvalidConfigurationAndPlatform" en el proyecto "ERP.Api.csproj".
   2:6>Destino "ValidateCommandLineProperties" en el archivo "C:\Program Files\dotnet\sdk\10.0.302\Sdks\Microsoft.NET.Sdk\targets\Microsoft.NET.Sdk.targets" del proyecto "D:\TEXNICA\ERP-API\ERP.Api\ERP.Api.csproj" (el destino "BeforeBuild" depende de él):
   2:6>Compilación terminada del destino "ValidateCommandLineProperties" en el proyecto "ERP.Api.csproj".
   2:6>Destino "BeforeBuild" en el archivo "C:\Program Files\dotnet\sdk\10.0.302\Microsoft.Common.CurrentVersion.targets" del proyecto "D:\TEXNICA\ERP-API\ERP.Api\ERP.Api.csproj" (el destino "Build" depende de él):
   2:6>Compilación terminada del destino "BeforeBuild" en el proyecto "ERP.Api.csproj".
   2:6>Destino "BuildOnlySettings" en el archivo "C:\Program Files\dotnet\sdk\10.0.302\Microsoft.Common.CurrentVersion.targets" del proyecto "D:\TEXNICA\ERP-API\ERP.Api\ERP.Api.csproj" (el destino "CoreBuild" depende de él):
       C:\Program Files\dotnet\sdk\10.0.302\Microsoft.Common.CurrentVersion.targets(1168,7): message : Reasignación de propiedad: $(BuildingProject)="true" (valor anterior: "false") en C:\Program Files\dotnet\sdk\10.0.302\Microsoft.Common.CurrentVersion.targets (1168,7) [D:\TEXNICA\ERP-API\ERP.Api\ERP.Api.csproj]
   2:6>Compilación terminada del destino "BuildOnlySettings" en el proyecto "ERP.Api.csproj".
   2:6>Destino "GetFrameworkPaths" en el archivo "C:\Program Files\dotnet\sdk\10.0.302\Sdks\Microsoft.NET.Sdk\targets\Microsoft.NET.DisableStandardFrameworkResolution.targets" del proyecto "D:\TEXNICA\ERP-API\ERP.Api\ERP.Api.csproj" (el destino "PrepareForBuild" depende de él):
   2:6>Compilación terminada del destino "GetFrameworkPaths" en el proyecto "ERP.Api.csproj".
   2:6>Destino "GetReferenceAssemblyPaths" en el archivo "C:\Program Files\dotnet\sdk\10.0.302\Sdks\Microsoft.NET.Sdk\targets\Microsoft.NET.DisableStandardFrameworkResolution.targets" del proyecto "D:\TEXNICA\ERP-API\ERP.Api\ERP.Api.csproj" (el destino "PrepareForBuild" depende de él):
   2:6>Compilación terminada del destino "GetReferenceAssemblyPaths" en el proyecto "ERP.Api.csproj".
   2:6>Destino "ResolveRazorGenerateInputs" en el archivo "C:\Program Files\dotnet\sdk\10.0.302\Sdks\Microsoft.NET.Sdk.Razor\targets\Sdk.Razor.CurrentVersion.targets" del proyecto "D:\TEXNICA\ERP-API\ERP.Api\ERP.Api.csproj" (el destino "PrepareForBuild" depende de él):
   2:6>Compilación terminada del destino "ResolveRazorGenerateInputs" en el proyecto "ERP.Api.csproj".
   2:6>Destino "PrepareForBuild" en el archivo "C:\Program Files\dotnet\sdk\10.0.302\Microsoft.Common.CurrentVersion.targets" del proyecto "D:\TEXNICA\ERP-API\ERP.Api\ERP.Api.csproj" (el destino "CoreBuild" depende de él):
       Usando la tarea "FindAppConfigFile" del ensamblado "Microsoft.Build.Tasks.Core, Version=15.1.0.0, Culture=neutral, PublicKeyToken=b03f5f7f11d50a3a".
       Tarea "FindAppConfigFile"
       Ejecución de la tarea "FindAppConfigFile" terminada.
       Usando la tarea "MakeDir" del ensamblado "Microsoft.Build.Tasks.Core, Version=15.1.0.0, Culture=neutral, PublicKeyToken=b03f5f7f11d50a3a".
       Tarea "MakeDir"
       Ejecución de la tarea "MakeDir" terminada.
   2:6>Compilación terminada del destino "PrepareForBuild" en el proyecto "ERP.Api.csproj".
   2:6>Destino "GenerateTargetFrameworkDefineConstants" en el archivo "C:\Program Files\dotnet\sdk\10.0.302\Sdks\Microsoft.NET.Sdk\targets\Microsoft.NET.Sdk.BeforeCommon.targets" del proyecto "D:\TEXNICA\ERP-API\ERP.Api\ERP.Api.csproj" (el destino "AddImplicitDefineConstants" depende de él):
   2:6>Compilación terminada del destino "GenerateTargetFrameworkDefineConstants" en el proyecto "ERP.Api.csproj".
   2:6>Destino "GenerateNETCompatibleDefineConstants" en el archivo "C:\Program Files\dotnet\sdk\10.0.302\Sdks\Microsoft.NET.Sdk\targets\Microsoft.NET.Sdk.BeforeCommon.targets" del proyecto "D:\TEXNICA\ERP-API\ERP.Api\ERP.Api.csproj" (el destino "AddImplicitDefineConstants" depende de él):
   2:6>Compilación terminada del destino "GenerateNETCompatibleDefineConstants" en el proyecto "ERP.Api.csproj".
   2:6>Destino "AddImplicitDefineConstants" en el archivo "C:\Program Files\dotnet\sdk\10.0.302\Sdks\Microsoft.NET.Sdk\targets\Microsoft.NET.Sdk.BeforeCommon.targets" del proyecto "D:\TEXNICA\ERP-API\ERP.Api\ERP.Api.csproj" (el destino "CoreBuild" depende de él):
       C:\Program Files\dotnet\sdk\10.0.302\Sdks\Microsoft.NET.Sdk\targets\Microsoft.NET.Sdk.BeforeCommon.targets(295,7): message : Reasignación de propiedad: $(DefineConstants)="TRACE;DEBUG;NET;NET9_0;NETCOREAPP;NET5_0_OR_GREATER;NET6_0_OR_GREATER;NET7_0_OR_GREATER;NET8_0_OR_GREATER;NET9_0_OR_GREATER;NETCOREAPP1_0_OR_GREATER;NETCOREAPP1_1_OR_GREATER;NETCOREAPP2_0_OR_GREATER;NETCOREAPP2_1_OR_GREATER;NETCOREAPP2_2_OR_GREATER;NETCOREAPP3_0_OR_GREATER;NETCOREAPP3_1_OR_GREATER" (valor anterior: "TRACE;DEBUG") en C:\Program Files\dotnet\sdk\10.0.302\Sdks\Microsoft.NET.Sdk\targets\Microsoft.NET.Sdk.BeforeCommon.targets (295,7) [D:\TEXNICA\ERP-API\ERP.Api\ERP.Api.csproj]
   2:6>Compilación terminada del destino "AddImplicitDefineConstants" en el proyecto "ERP.Api.csproj".
   2:6>Destino "ResolveRazorComponentInputs" en el archivo "C:\Program Files\dotnet\sdk\10.0.302\Sdks\Microsoft.NET.Sdk.Razor\targets\Sdk.Razor.CurrentVersion.targets" del proyecto "D:\TEXNICA\ERP-API\ERP.Api\ERP.Api.csproj" (el destino "_AddEmbeddedValidationAttribute" depende de él):
   2:6>Compilación terminada del destino "ResolveRazorComponentInputs" en el proyecto "ERP.Api.csproj".
       Se omitió el destino "ResolveRazorGenerateInputs". Compilado previamente de forma correcta.
   2:6>Destino "_AddEmbeddedValidationAttribute" en el archivo "C:\Program Files\dotnet\sdk\10.0.302\Sdks\Microsoft.NET.Sdk.Razor\targets\Sdk.Razor.CurrentVersion.targets" del proyecto "D:\TEXNICA\ERP-API\ERP.Api\ERP.Api.csproj" (el destino "GenerateGlobalUsings" depende de él):
   2:6>Compilación terminada del destino "_AddEmbeddedValidationAttribute" en el proyecto "ERP.Api.csproj".
   2:6>Destino "GenerateGlobalUsings" en el archivo "C:\Program Files\dotnet\sdk\10.0.302\Sdks\Microsoft.NET.Sdk\targets\Microsoft.NET.GenerateGlobalUsings.targets" del proyecto "D:\TEXNICA\ERP-API\ERP.Api\ERP.Api.csproj" (el destino "CoreBuild" depende de él):
       Usando la tarea "GenerateGlobalUsings" del ensamblado "C:\Program Files\dotnet\sdk\10.0.302\Sdks\Microsoft.NET.Sdk\targets\..\tools\net10.0\Microsoft.NET.Build.Tasks.dll".
       Tarea "GenerateGlobalUsings"
       Ejecución de la tarea "GenerateGlobalUsings" terminada.
       Usando la tarea "WriteLinesToFile" del ensamblado "Microsoft.Build.Tasks.Core, Version=15.1.0.0, Culture=neutral, PublicKeyToken=b03f5f7f11d50a3a".
       Tarea "WriteLinesToFile"
         Omitiendo la escritura en el archivo "obj\Debug\net9.0\ERP.Api.GlobalUsings.g.cs" porque el contenido no cambiará.
       Ejecución de la tarea "WriteLinesToFile" terminada.
   2:6>Compilación terminada del destino "GenerateGlobalUsings" en el proyecto "ERP.Api.csproj".
   2:6>Destino "BeforeResolveReferences" en el archivo "C:\Program Files\dotnet\sdk\10.0.302\Microsoft.Common.CurrentVersion.targets" del proyecto "D:\TEXNICA\ERP-API\ERP.Api\ERP.Api.csproj" (el destino "ResolveReferences" depende de él):
   2:6>Compilación terminada del destino "BeforeResolveReferences" en el proyecto "ERP.Api.csproj".
   2:6>Destino "IgnoreJavaScriptOutputAssembly" en el archivo "C:\Program Files\dotnet\sdk\10.0.302\Microsoft.Common.CurrentVersion.targets" del proyecto "D:\TEXNICA\ERP-API\ERP.Api\ERP.Api.csproj" (el destino "AssignProjectConfiguration" depende de él):
   2:6>Compilación terminada del destino "IgnoreJavaScriptOutputAssembly" en el proyecto "ERP.Api.csproj".
       Se omitió el destino "ProcessFrameworkReferences". Compilado previamente de forma correcta.
   2:6>Destino "_DefaultMicrosoftNETPlatformLibrary" en el archivo "C:\Program Files\dotnet\sdk\10.0.302\Sdks\Microsoft.NET.Sdk\targets\Microsoft.NET.Sdk.Shared.targets" del proyecto "D:\TEXNICA\ERP-API\ERP.Api\ERP.Api.csproj" (el destino "ResolvePackageAssets" depende de él):
   2:6>Compilación terminada del destino "_DefaultMicrosoftNETPlatformLibrary" en el proyecto "ERP.Api.csproj".
   2:6>Destino "_ComputePackageReferencePublish" en el archivo "C:\Program Files\dotnet\sdk\10.0.302\Sdks\Microsoft.NET.Sdk\targets\Microsoft.NET.Sdk.Shared.targets" del proyecto "D:\TEXNICA\ERP-API\ERP.Api\ERP.Api.csproj" (el destino "ResolvePackageAssets" depende de él):
   2:6>Compilación terminada del destino "_ComputePackageReferencePublish" en el proyecto "ERP.Api.csproj".
   2:6>Destino "ResolvePackageAssets" en el archivo "C:\Program Files\dotnet\sdk\10.0.302\Sdks\Microsoft.NET.Sdk\targets\Microsoft.PackageDependencyResolution.targets" del proyecto "D:\TEXNICA\ERP-API\ERP.Api\ERP.Api.csproj" (el destino "ResolveLockFileReferences" depende de él):
       Usando la tarea "ResolvePackageAssets" del ensamblado "C:\Program Files\dotnet\sdk\10.0.302\Sdks\Microsoft.NET.Sdk\targets\..\tools\net10.0\Microsoft.NET.Build.Tasks.dll".
       Tarea "ResolvePackageAssets"
       Ejecución de la tarea "ResolvePackageAssets" terminada.
   2:6>Compilación terminada del destino "ResolvePackageAssets" en el proyecto "ERP.Api.csproj".
   2:6>Destino "_CheckForTransitiveWindowsDesktopDependencies" en el archivo "C:\Program Files\dotnet\sdk\10.0.302\Sdks\Microsoft.NET.Sdk\targets\Microsoft.NET.Sdk.DefaultItems.Shared.targets" del proyecto "D:\TEXNICA\ERP-API\ERP.Api\ERP.Api.csproj" (el destino "ResolveLockFileReferences" depende de él):
   2:6>Compilación terminada del destino "_CheckForTransitiveWindowsDesktopDependencies" en el proyecto "ERP.Api.csproj".
   2:6>Destino "AddTransitiveFrameworkReferences" en el archivo "C:\Program Files\dotnet\sdk\10.0.302\Sdks\Microsoft.NET.Sdk\targets\Microsoft.NET.Sdk.FrameworkReferenceResolution.targets" del proyecto "D:\TEXNICA\ERP-API\ERP.Api\ERP.Api.csproj" (el destino "ResolveLockFileReferences" depende de él):
   2:6>Compilación terminada del destino "AddTransitiveFrameworkReferences" en el proyecto "ERP.Api.csproj".
   2:6>Destino "ResolveLockFileReferences" en el archivo "C:\Program Files\dotnet\sdk\10.0.302\Sdks\Microsoft.NET.Sdk\targets\Microsoft.PackageDependencyResolution.targets" del proyecto "D:\TEXNICA\ERP-API\ERP.Api\ERP.Api.csproj" (el destino "ResolvePackageDependenciesForBuild" depende de él):
       Usando la tarea "JoinItems" del ensamblado "C:\Program Files\dotnet\sdk\10.0.302\Sdks\Microsoft.NET.Sdk\targets\..\tools\net10.0\Microsoft.NET.Build.Tasks.dll".
       Tarea "JoinItems"
       Ejecución de la tarea "JoinItems" terminada.
   2:6>Compilación terminada del destino "ResolveLockFileReferences" en el proyecto "ERP.Api.csproj".
       Se omitió el destino "ResolvePackageAssets". Compilado previamente de forma correcta.
   2:6>Destino "ResolveLockFileAnalyzers" en el archivo "C:\Program Files\dotnet\sdk\10.0.302\Sdks\Microsoft.NET.Sdk\targets\Microsoft.PackageDependencyResolution.targets" del proyecto "D:\TEXNICA\ERP-API\ERP.Api\ERP.Api.csproj" (el destino "ResolvePackageDependenciesForBuild" depende de él):
   2:6>Compilación terminada del destino "ResolveLockFileAnalyzers" en el proyecto "ERP.Api.csproj".
       Se omitió el destino "ResolvePackageAssets". Compilado previamente de forma correcta.
   2:6>Destino "ResolveLockFileCopyLocalFiles" en el archivo "C:\Program Files\dotnet\sdk\10.0.302\Sdks\Microsoft.NET.Sdk\targets\Microsoft.PackageDependencyResolution.targets" del proyecto "D:\TEXNICA\ERP-API\ERP.Api\ERP.Api.csproj" (el destino "ResolvePackageDependenciesForBuild" depende de él):
   2:6>Compilación terminada del destino "ResolveLockFileCopyLocalFiles" en el proyecto "ERP.Api.csproj".
       Se omitió el destino "ResolvePackageAssets". Compilado previamente de forma correcta.
   2:6>Destino "IncludeTransitiveProjectReferences" en el archivo "C:\Program Files\dotnet\sdk\10.0.302\Sdks\Microsoft.NET.Sdk\targets\Microsoft.PackageDependencyResolution.targets" del proyecto "D:\TEXNICA\ERP-API\ERP.Api\ERP.Api.csproj" (el destino "ResolvePackageDependenciesForBuild" depende de él):
   2:6>Compilación terminada del destino "IncludeTransitiveProjectReferences" en el proyecto "ERP.Api.csproj".
   2:6>Destino "ResolvePackageDependenciesForBuild" en el archivo "C:\Program Files\dotnet\sdk\10.0.302\Sdks\Microsoft.NET.Sdk\targets\Microsoft.PackageDependencyResolution.targets" del proyecto "D:\TEXNICA\ERP-API\ERP.Api\ERP.Api.csproj" (el destino "AssignProjectConfiguration" depende de él):
   2:6>Compilación terminada del destino "ResolvePackageDependenciesForBuild" en el proyecto "ERP.Api.csproj".
   2:6>Destino "AssignProjectConfiguration" en el archivo "C:\Program Files\dotnet\sdk\10.0.302\Microsoft.Common.CurrentVersion.targets" del proyecto "D:\TEXNICA\ERP-API\ERP.Api\ERP.Api.csproj" (el destino "ResolveReferences" depende de él):
       Usando la tarea "AssignProjectConfiguration" del ensamblado "Microsoft.Build.Tasks.Core, Version=15.1.0.0, Culture=neutral, PublicKeyToken=b03f5f7f11d50a3a".
       Tarea "AssignProjectConfiguration"
       Ejecución de la tarea "AssignProjectConfiguration" terminada.
   2:6>Compilación terminada del destino "AssignProjectConfiguration" en el proyecto "ERP.Api.csproj".
       Se omitió el destino "AssignProjectConfiguration". Compilado previamente de forma correcta.
   2:6>Destino "_SplitProjectReferencesByFileExistence" en el archivo "C:\Program Files\dotnet\sdk\10.0.302\Microsoft.Common.CurrentVersion.targets" del proyecto "D:\TEXNICA\ERP-API\ERP.Api\ERP.Api.csproj" (el destino "PrepareProjectReferences" depende de él):
   2:6>Compilación terminada del destino "_SplitProjectReferencesByFileExistence" en el proyecto "ERP.Api.csproj".
   2:6>Destino "_AddOutputPathToGlobalPropertiesToRemove" en el archivo "C:\Program Files\dotnet\sdk\10.0.302\Microsoft.Common.CurrentVersion.targets" del proyecto "D:\TEXNICA\ERP-API\ERP.Api\ERP.Api.csproj" (el destino "_GetProjectReferenceTargetFrameworkProperties" depende de él):
   2:6>Compilación terminada del destino "_AddOutputPathToGlobalPropertiesToRemove" en el proyecto "ERP.Api.csproj".
   2:6>Destino "_GetProjectReferenceTargetFrameworkProperties" en el archivo "C:\Program Files\dotnet\sdk\10.0.302\Microsoft.Common.CurrentVersion.targets" del proyecto "D:\TEXNICA\ERP-API\ERP.Api\ERP.Api.csproj" (el destino "PrepareProjectReferences" depende de él):
       Tarea "MSBuild"
       Ejecución de la tarea "MSBuild" terminada.
       Usando la tarea "SetRidAgnosticValueForProjects" del ensamblado "Microsoft.Build.Tasks.Core, Version=15.1.0.0, Culture=neutral, PublicKeyToken=b03f5f7f11d50a3a".
       Tarea "SetRidAgnosticValueForProjects"
       Ejecución de la tarea "SetRidAgnosticValueForProjects" terminada.
   2:6>Compilación terminada del destino "_GetProjectReferenceTargetFrameworkProperties" en el proyecto "ERP.Api.csproj".
   2:6>Destino "_CalculateIsVSTestTestProject" en el archivo "C:\Program Files\dotnet\sdk\10.0.302\Sdks\Microsoft.NET.Sdk\targets\Microsoft.NET.Sdk.targets" del proyecto "D:\TEXNICA\ERP-API\ERP.Api\ERP.Api.csproj" (el destino "ValidateExecutableReferences" depende de él):
   2:6>Compilación terminada del destino "_CalculateIsVSTestTestProject" en el proyecto "ERP.Api.csproj".
   2:6>Destino "ValidateExecutableReferences" en el archivo "C:\Program Files\dotnet\sdk\10.0.302\Sdks\Microsoft.NET.Sdk\targets\Microsoft.NET.Sdk.targets" del proyecto "D:\TEXNICA\ERP-API\ERP.Api\ERP.Api.csproj" (el destino "PrepareProjectReferences" depende de él):
       Usando la tarea "ValidateExecutableReferences" del ensamblado "C:\Program Files\dotnet\sdk\10.0.302\Sdks\Microsoft.NET.Sdk\targets\..\tools\net10.0\Microsoft.NET.Build.Tasks.dll".
       Tarea "ValidateExecutableReferences"
       Ejecución de la tarea "ValidateExecutableReferences" terminada.
   2:6>Compilación terminada del destino "ValidateExecutableReferences" en el proyecto "ERP.Api.csproj".
   2:6>Destino "PrepareProjectReferences" en el archivo "C:\Program Files\dotnet\sdk\10.0.302\Microsoft.Common.CurrentVersion.targets" del proyecto "D:\TEXNICA\ERP-API\ERP.Api\ERP.Api.csproj" (el destino "ResolveProjectReferences" depende de él):
   2:6>Compilación terminada del destino "PrepareProjectReferences" en el proyecto "ERP.Api.csproj".
   2:6>Destino "ResolveProjectReferences" en el archivo "C:\Program Files\dotnet\sdk\10.0.302\Microsoft.Common.CurrentVersion.targets" del proyecto "D:\TEXNICA\ERP-API\ERP.Api\ERP.Api.csproj" (el destino "ResolveReferences" depende de él):
   2:6>Compilación terminada del destino "ResolveProjectReferences" en el proyecto "ERP.Api.csproj".
       Se omitió el destino "ResolveProjectReferences". Compilado previamente de forma correcta.
       Se omitió el destino "GetFrameworkPaths". Compilado previamente de forma correcta.
       Se omitió el destino "GetReferenceAssemblyPaths". Compilado previamente de forma correcta.
       Se omitió el destino "PrepareForBuild". Compilado previamente de forma correcta.
   2:6>Destino "ResolveSDKReferences" en el archivo "C:\Program Files\dotnet\sdk\10.0.302\Microsoft.Common.CurrentVersion.targets" del proyecto "D:\TEXNICA\ERP-API\ERP.Api\ERP.Api.csproj" (el destino "ResolveAssemblyReferences" depende de él):
   2:6>Compilación terminada del destino "ResolveSDKReferences" en el proyecto "ERP.Api.csproj".
       Se omitió el destino "ResolveSDKReferences". Compilado previamente de forma correcta.
   2:6>Destino "ExpandSDKReferences" en el archivo "C:\Program Files\dotnet\sdk\10.0.302\Microsoft.Common.CurrentVersion.targets" del proyecto "D:\TEXNICA\ERP-API\ERP.Api\ERP.Api.csproj" (el destino "ResolveAssemblyReferences" depende de él):
   2:6>Compilación terminada del destino "ExpandSDKReferences" en el proyecto "ERP.Api.csproj".
       Se omitió el destino "ResolvePackageDependenciesForBuild". Compilado previamente de forma correcta.
       Se omitió el destino "GetFrameworkPaths". Compilado previamente de forma correcta.
       Se omitió el destino "GetReferenceAssemblyPaths". Compilado previamente de forma correcta.
       Se omitió el destino "ProcessFrameworkReferences". Compilado previamente de forma correcta.
       Se omitió el destino "ResolvePackageAssets". Compilado previamente de forma correcta.
   2:6>Destino "ResolveFrameworkReferences" en el archivo "C:\Program Files\dotnet\sdk\10.0.302\Sdks\Microsoft.NET.Sdk\targets\Microsoft.NET.Sdk.FrameworkReferenceResolution.targets" del proyecto "D:\TEXNICA\ERP-API\ERP.Api\ERP.Api.csproj" (el destino "ResolveTargetingPackAssets" depende de él):
       Usando la tarea "GetPackageDirectory" del ensamblado "C:\Program Files\dotnet\sdk\10.0.302\Sdks\Microsoft.NET.Sdk\targets\..\tools\net10.0\Microsoft.NET.Build.Tasks.dll".
       Tarea "GetPackageDirectory"
       Ejecución de la tarea "GetPackageDirectory" terminada.
       Tarea "GetPackageDirectory"
       Ejecución de la tarea "GetPackageDirectory" terminada.
       Tarea "GetPackageDirectory"
       Ejecución de la tarea "GetPackageDirectory" terminada.
       Tarea "GetPackageDirectory"
       Ejecución de la tarea "GetPackageDirectory" terminada.
       Tarea "GetPackageDirectory"
       Ejecución de la tarea "GetPackageDirectory" terminada.
       Tarea "GetPackageDirectory"
       Ejecución de la tarea "GetPackageDirectory" terminada.
       Tarea "GetPackageDirectory"
       Ejecución de la tarea "GetPackageDirectory" terminada.
       Tarea "GetPackageDirectory"
       Ejecución de la tarea "GetPackageDirectory" terminada.
       Tarea "GetPackageDirectory"
       Ejecución de la tarea "GetPackageDirectory" terminada.
       Tarea "GetPackageDirectory"
       Ejecución de la tarea "GetPackageDirectory" terminada.
       Usando la tarea "ResolveFrameworkReferences" del ensamblado "C:\Program Files\dotnet\sdk\10.0.302\Sdks\Microsoft.NET.Sdk\targets\..\tools\net10.0\Microsoft.NET.Build.Tasks.dll".
       Tarea "ResolveFrameworkReferences"
       Ejecución de la tarea "ResolveFrameworkReferences" terminada.
   2:6>Compilación terminada del destino "ResolveFrameworkReferences" en el proyecto "ERP.Api.csproj".
   2:6>Destino "ResolveTargetingPackAssets" en el archivo "C:\Program Files\dotnet\sdk\10.0.302\Sdks\Microsoft.NET.Sdk\targets\Microsoft.NET.Sdk.FrameworkReferenceResolution.targets" del proyecto "D:\TEXNICA\ERP-API\ERP.Api\ERP.Api.csproj" (el destino "_HandlePackageFileConflicts" depende de él):
       Usando la tarea "ResolveTargetingPackAssets" del ensamblado "C:\Program Files\dotnet\sdk\10.0.302\Sdks\Microsoft.NET.Sdk\targets\..\tools\net10.0\Microsoft.NET.Build.Tasks.dll".
       Tarea "ResolveTargetingPackAssets"
       Ejecución de la tarea "ResolveTargetingPackAssets" terminada.
   2:6>Compilación terminada del destino "ResolveTargetingPackAssets" en el proyecto "ERP.Api.csproj".
   2:6>Destino "ResolveOffByDefaultAnalyzers" en el archivo "C:\Program Files\dotnet\sdk\10.0.302\Sdks\Microsoft.NET.Sdk\targets\Microsoft.NET.Sdk.FrameworkReferenceResolution.targets" del proyecto "D:\TEXNICA\ERP-API\ERP.Api\ERP.Api.csproj" (el destino "_HandlePackageFileConflicts" depende de él):
   2:6>Compilación terminada del destino "ResolveOffByDefaultAnalyzers" en el proyecto "ERP.Api.csproj".
   2:6>Destino "_HandlePackageFileConflicts" en el archivo "C:\Program Files\dotnet\sdk\10.0.302\Sdks\Microsoft.NET.Sdk\targets\Microsoft.NET.ConflictResolution.targets" del proyecto "D:\TEXNICA\ERP-API\ERP.Api\ERP.Api.csproj" (el destino "ResolveAssemblyReferences" depende de él):
       Usando la tarea "ResolvePackageFileConflicts" del ensamblado "C:\Program Files\dotnet\sdk\10.0.302\Sdks\Microsoft.NET.Sdk\targets\..\tools\net10.0\Microsoft.NET.Build.Tasks.dll".
       Tarea "ResolvePackageFileConflicts"
         Se encontró un conflicto entre "Reference:C:\Users\rm619\.nuget\packages\microsoft.extensions.caching.abstractions\9.0.10\lib\net9.0\Microsoft.Extensions.Caching.Abstractions.dll" y "Reference:C:\Users\rm619\.nuget\packages\microsoft.aspnetcore.app.ref\9.0.18\ref\net9.0\Microsoft.Extensions.Caching.Abstractions.dll". Se elegirá "Reference:C:\Users\rm619\.nuget\packages\microsoft.aspnetcore.app.ref\9.0.18\ref\net9.0\Microsoft.Extensions.Caching.Abstractions.dll" porque la versión del archivo "9.0.1826.31522" es mayor que "9.0.1025.47515".
         Se encontró un conflicto entre "Reference:C:\Users\rm619\.nuget\packages\microsoft.extensions.caching.memory\9.0.10\lib\net9.0\Microsoft.Extensions.Caching.Memory.dll" y "Reference:C:\Users\rm619\.nuget\packages\microsoft.aspnetcore.app.ref\9.0.18\ref\net9.0\Microsoft.Extensions.Caching.Memory.dll". Se elegirá "Reference:C:\Users\rm619\.nuget\packages\microsoft.aspnetcore.app.ref\9.0.18\ref\net9.0\Microsoft.Extensions.Caching.Memory.dll" porque la versión del archivo "9.0.1826.31522" es mayor que "9.0.1025.47515".
         Se encontró un conflicto entre "Reference:C:\Users\rm619\.nuget\packages\microsoft.extensions.configuration.abstractions\9.0.10\lib\net9.0\Microsoft.Extensions.Configuration.Abstractions.dll" y "Reference:C:\Users\rm619\.nuget\packages\microsoft.aspnetcore.app.ref\9.0.18\ref\net9.0\Microsoft.Extensions.Configuration.Abstractions.dll". Se elegirá "Reference:C:\Users\rm619\.nuget\packages\microsoft.aspnetcore.app.ref\9.0.18\ref\net9.0\Microsoft.Extensions.Configuration.Abstractions.dll" porque la versión del archivo "9.0.1826.31522" es mayor que "9.0.1025.47515".
         Se encontró un conflicto entre "Reference:C:\Users\rm619\.nuget\packages\microsoft.extensions.dependencyinjection.abstractions\9.0.10\lib\net9.0\Microsoft.Extensions.DependencyInjection.Abstractions.dll" y "Reference:C:\Users\rm619\.nuget\packages\microsoft.aspnetcore.app.ref\9.0.18\ref\net9.0\Microsoft.Extensions.DependencyInjection.Abstractions.dll". Se elegirá "Reference:C:\Users\rm619\.nuget\packages\microsoft.aspnetcore.app.ref\9.0.18\ref\net9.0\Microsoft.Extensions.DependencyInjection.Abstractions.dll" porque la versión del archivo "9.0.1826.31522" es mayor que "9.0.1025.47515".
         Se encontró un conflicto entre "Reference:C:\Users\rm619\.nuget\packages\microsoft.extensions.dependencyinjection\9.0.10\lib\net9.0\Microsoft.Extensions.DependencyInjection.dll" y "Reference:C:\Users\rm619\.nuget\packages\microsoft.aspnetcore.app.ref\9.0.18\ref\net9.0\Microsoft.Extensions.DependencyInjection.dll". Se elegirá "Reference:C:\Users\rm619\.nuget\packages\microsoft.aspnetcore.app.ref\9.0.18\ref\net9.0\Microsoft.Extensions.DependencyInjection.dll" porque la versión del archivo "9.0.1826.31522" es mayor que "9.0.1025.47515".
         Se encontró un conflicto entre "Reference:C:\Users\rm619\.nuget\packages\microsoft.extensions.logging.abstractions\9.0.10\lib\net9.0\Microsoft.Extensions.Logging.Abstractions.dll" y "Reference:C:\Users\rm619\.nuget\packages\microsoft.aspnetcore.app.ref\9.0.18\ref\net9.0\Microsoft.Extensions.Logging.Abstractions.dll". Se elegirá "Reference:C:\Users\rm619\.nuget\packages\microsoft.aspnetcore.app.ref\9.0.18\ref\net9.0\Microsoft.Extensions.Logging.Abstractions.dll" porque la versión del archivo "9.0.1826.31522" es mayor que "9.0.1025.47515".
         Se encontró un conflicto entre "Reference:C:\Users\rm619\.nuget\packages\microsoft.extensions.logging\9.0.10\lib\net9.0\Microsoft.Extensions.Logging.dll" y "Reference:C:\Users\rm619\.nuget\packages\microsoft.aspnetcore.app.ref\9.0.18\ref\net9.0\Microsoft.Extensions.Logging.dll". Se elegirá "Reference:C:\Users\rm619\.nuget\packages\microsoft.aspnetcore.app.ref\9.0.18\ref\net9.0\Microsoft.Extensions.Logging.dll" porque la versión del archivo "9.0.1826.31522" es mayor que "9.0.1025.47515".
         Se encontró un conflicto entre "Reference:C:\Users\rm619\.nuget\packages\microsoft.extensions.options\9.0.10\lib\net9.0\Microsoft.Extensions.Options.dll" y "Reference:C:\Users\rm619\.nuget\packages\microsoft.aspnetcore.app.ref\9.0.18\ref\net9.0\Microsoft.Extensions.Options.dll". Se elegirá "Reference:C:\Users\rm619\.nuget\packages\microsoft.aspnetcore.app.ref\9.0.18\ref\net9.0\Microsoft.Extensions.Options.dll" porque la versión del archivo "9.0.1826.31522" es mayor que "9.0.1025.47515".
         Se encontró un conflicto entre "Reference:C:\Users\rm619\.nuget\packages\microsoft.extensions.primitives\9.0.10\lib\net9.0\Microsoft.Extensions.Primitives.dll" y "Reference:C:\Users\rm619\.nuget\packages\microsoft.aspnetcore.app.ref\9.0.18\ref\net9.0\Microsoft.Extensions.Primitives.dll". Se elegirá "Reference:C:\Users\rm619\.nuget\packages\microsoft.aspnetcore.app.ref\9.0.18\ref\net9.0\Microsoft.Extensions.Primitives.dll" porque la versión del archivo "9.0.1826.31522" es mayor que "9.0.1025.47515".
         Se encontró un conflicto entre "Analyzer:C:\Users\rm619\.nuget\packages\microsoft.extensions.logging.abstractions\9.0.10\analyzers\dotnet\roslyn4.4\cs\Microsoft.Extensions.Logging.Generators.dll" y "Analyzer:C:\Users\rm619\.nuget\packages\microsoft.aspnetcore.app.ref\9.0.18\analyzers/dotnet/roslyn4.4/cs/Microsoft.Extensions.Logging.Generators.dll". Se elegirá "Analyzer:C:\Users\rm619\.nuget\packages\microsoft.aspnetcore.app.ref\9.0.18\analyzers/dotnet/roslyn4.4/cs/Microsoft.Extensions.Logging.Generators.dll" porque AssemblyVersion "9.0.14.31522" es mayor que "9.0.12.47515".
         Se encontró un conflicto entre "Analyzer:C:\Users\rm619\.nuget\packages\microsoft.extensions.options\9.0.10\analyzers\dotnet\roslyn4.4\cs\Microsoft.Extensions.Options.SourceGeneration.dll" y "Analyzer:C:\Users\rm619\.nuget\packages\microsoft.aspnetcore.app.ref\9.0.18\analyzers/dotnet/roslyn4.4/cs/Microsoft.Extensions.Options.SourceGeneration.dll". Se elegirá "Analyzer:C:\Users\rm619\.nuget\packages\microsoft.aspnetcore.app.ref\9.0.18\analyzers/dotnet/roslyn4.4/cs/Microsoft.Extensions.Options.SourceGeneration.dll" porque AssemblyVersion "9.0.14.31522" es mayor que "9.0.12.47515".
         Se encontró un conflicto entre "Platform:Microsoft.Extensions.Caching.Abstractions.dll" y "CopyLocal:C:\Users\rm619\.nuget\packages\microsoft.extensions.caching.abstractions\9.0.10\lib\net9.0\Microsoft.Extensions.Caching.Abstractions.dll". Se elegirá "CopyLocal:C:\Users\rm619\.nuget\packages\microsoft.extensions.caching.abstractions\9.0.10\lib\net9.0\Microsoft.Extensions.Caching.Abstractions.dll" porque la versión del archivo "9.0.1025.47515" es mayor que "9.0.24.52809".
         Se encontró un conflicto entre "Platform:Microsoft.Extensions.Caching.Memory.dll" y "CopyLocal:C:\Users\rm619\.nuget\packages\microsoft.extensions.caching.memory\9.0.10\lib\net9.0\Microsoft.Extensions.Caching.Memory.dll". Se elegirá "CopyLocal:C:\Users\rm619\.nuget\packages\microsoft.extensions.caching.memory\9.0.10\lib\net9.0\Microsoft.Extensions.Caching.Memory.dll" porque la versión del archivo "9.0.1025.47515" es mayor que "9.0.24.52809".
         Se encontró un conflicto entre "Platform:Microsoft.Extensions.Configuration.Abstractions.dll" y "CopyLocal:C:\Users\rm619\.nuget\packages\microsoft.extensions.configuration.abstractions\9.0.10\lib\net9.0\Microsoft.Extensions.Configuration.Abstractions.dll". Se elegirá "CopyLocal:C:\Users\rm619\.nuget\packages\microsoft.extensions.configuration.abstractions\9.0.10\lib\net9.0\Microsoft.Extensions.Configuration.Abstractions.dll" porque la versión del archivo "9.0.1025.47515" es mayor que "9.0.24.52809".
         Se encontró un conflicto entre "Platform:Microsoft.Extensions.DependencyInjection.dll" y "CopyLocal:C:\Users\rm619\.nuget\packages\microsoft.extensions.dependencyinjection\9.0.10\lib\net9.0\Microsoft.Extensions.DependencyInjection.dll". Se elegirá "CopyLocal:C:\Users\rm619\.nuget\packages\microsoft.extensions.dependencyinjection\9.0.10\lib\net9.0\Microsoft.Extensions.DependencyInjection.dll" porque la versión del archivo "9.0.1025.47515" es mayor que "9.0.24.52809".
         Se encontró un conflicto entre "Platform:Microsoft.Extensions.DependencyInjection.Abstractions.dll" y "CopyLocal:C:\Users\rm619\.nuget\packages\microsoft.extensions.dependencyinjection.abstractions\9.0.10\lib\net9.0\Microsoft.Extensions.DependencyInjection.Abstractions.dll". Se elegirá "CopyLocal:C:\Users\rm619\.nuget\packages\microsoft.extensions.dependencyinjection.abstractions\9.0.10\lib\net9.0\Microsoft.Extensions.DependencyInjection.Abstractions.dll" porque la versión del archivo "9.0.1025.47515" es mayor que "9.0.24.52809".
         Se encontró un conflicto entre "Platform:Microsoft.Extensions.Logging.dll" y "CopyLocal:C:\Users\rm619\.nuget\packages\microsoft.extensions.logging\9.0.10\lib\net9.0\Microsoft.Extensions.Logging.dll". Se elegirá "CopyLocal:C:\Users\rm619\.nuget\packages\microsoft.extensions.logging\9.0.10\lib\net9.0\Microsoft.Extensions.Logging.dll" porque la versión del archivo "9.0.1025.47515" es mayor que "9.0.24.52809".
         Se encontró un conflicto entre "Platform:Microsoft.Extensions.Logging.Abstractions.dll" y "CopyLocal:C:\Users\rm619\.nuget\packages\microsoft.extensions.logging.abstractions\9.0.10\lib\net9.0\Microsoft.Extensions.Logging.Abstractions.dll". Se elegirá "CopyLocal:C:\Users\rm619\.nuget\packages\microsoft.extensions.logging.abstractions\9.0.10\lib\net9.0\Microsoft.Extensions.Logging.Abstractions.dll" porque la versión del archivo "9.0.1025.47515" es mayor que "9.0.24.52809".
         Se encontró un conflicto entre "Platform:Microsoft.Extensions.Options.dll" y "CopyLocal:C:\Users\rm619\.nuget\packages\microsoft.extensions.options\9.0.10\lib\net9.0\Microsoft.Extensions.Options.dll". Se elegirá "CopyLocal:C:\Users\rm619\.nuget\packages\microsoft.extensions.options\9.0.10\lib\net9.0\Microsoft.Extensions.Options.dll" porque la versión del archivo "9.0.1025.47515" es mayor que "9.0.24.52809".
         Se encontró un conflicto entre "Platform:Microsoft.Extensions.Primitives.dll" y "CopyLocal:C:\Users\rm619\.nuget\packages\microsoft.extensions.primitives\9.0.10\lib\net9.0\Microsoft.Extensions.Primitives.dll". Se elegirá "CopyLocal:C:\Users\rm619\.nuget\packages\microsoft.extensions.primitives\9.0.10\lib\net9.0\Microsoft.Extensions.Primitives.dll" porque la versión del archivo "9.0.1025.47515" es mayor que "9.0.24.52809".
         Se encontró un conflicto entre "Platform:mscorlib.dll" y "Platform:mscorlib.dll". No se pudo determinar el ganador porque las versiones de archivo y ensamblado son iguales.
         Se encontró un conflicto entre "Platform:Microsoft.VisualBasic.dll" y "Platform:Microsoft.VisualBasic.dll". No se pudo determinar el ganador porque las versiones de archivo y ensamblado son iguales.
         Se encontró un conflicto entre "Platform:System.dll" y "Platform:System.dll". No se pudo determinar el ganador porque las versiones de archivo y ensamblado son iguales.
         Se encontró un conflicto entre "Platform:System.ComponentModel.DataAnnotations.dll" y "Platform:System.ComponentModel.DataAnnotations.dll". No se pudo determinar el ganador porque las versiones de archivo y ensamblado son iguales.
         Se encontró un conflicto entre "Platform:System.Configuration.dll" y "Platform:System.Configuration.dll". No se pudo determinar el ganador porque las versiones de archivo y ensamblado son iguales.
         Se encontró un conflicto entre "Platform:System.Core.dll" y "Platform:System.Core.dll". No se pudo determinar el ganador porque las versiones de archivo y ensamblado son iguales.
         Se encontró un conflicto entre "Platform:System.Data.dll" y "Platform:System.Data.dll". No se pudo determinar el ganador porque las versiones de archivo y ensamblado son iguales.
         Se encontró un conflicto entre "Platform:System.Drawing.dll" y "Platform:System.Drawing.dll". No se pudo determinar el ganador porque las versiones de archivo y ensamblado son iguales.
         Se encontró un conflicto entre "Platform:System.IO.Compression.FileSystem.dll" y "Platform:System.IO.Compression.FileSystem.dll". No se pudo determinar el ganador porque las versiones de archivo y ensamblado son iguales.
         Se encontró un conflicto entre "Platform:System.Net.dll" y "Platform:System.Net.dll". No se pudo determinar el ganador porque las versiones de archivo y ensamblado son iguales.
         Se encontró un conflicto entre "Platform:System.Numerics.dll" y "Platform:System.Numerics.dll". No se pudo determinar el ganador porque las versiones de archivo y ensamblado son iguales.
         Se encontró un conflicto entre "Platform:System.Runtime.Serialization.dll" y "Platform:System.Runtime.Serialization.dll". No se pudo determinar el ganador porque las versiones de archivo y ensamblado son iguales.
         Se encontró un conflicto entre "Platform:System.Security.dll" y "Platform:System.Security.dll". No se pudo determinar el ganador porque las versiones de archivo y ensamblado son iguales.
         Se encontró un conflicto entre "Platform:System.ServiceProcess.dll" y "Platform:System.ServiceProcess.dll". No se pudo determinar el ganador porque las versiones de archivo y ensamblado son iguales.
         Se encontró un conflicto entre "Platform:System.ServiceModel.Web.dll" y "Platform:System.ServiceModel.Web.dll". No se pudo determinar el ganador porque las versiones de archivo y ensamblado son iguales.
         Se encontró un conflicto entre "Platform:System.Transactions.dll" y "Platform:System.Transactions.dll". No se pudo determinar el ganador porque las versiones de archivo y ensamblado son iguales.
         Se encontró un conflicto entre "Platform:System.Web.dll" y "Platform:System.Web.dll". No se pudo determinar el ganador porque las versiones de archivo y ensamblado son iguales.
         Se encontró un conflicto entre "Platform:System.Windows.dll" y "Platform:System.Windows.dll". No se pudo determinar el ganador porque las versiones de archivo y ensamblado son iguales.
         Se encontró un conflicto entre "Platform:System.Xml.dll" y "Platform:System.Xml.dll". No se pudo determinar el ganador porque las versiones de archivo y ensamblado son iguales.
         Se encontró un conflicto entre "Platform:System.Xml.Serialization.dll" y "Platform:System.Xml.Serialization.dll". No se pudo determinar el ganador porque las versiones de archivo y ensamblado son iguales.
         Se encontró un conflicto entre "Platform:System.Xml.Linq.dll" y "Platform:System.Xml.Linq.dll". No se pudo determinar el ganador porque las versiones de archivo y ensamblado son iguales.
         Se encontró un conflicto entre "Platform:WindowsBase.dll" y "Platform:WindowsBase.dll". No se pudo determinar el ganador porque las versiones de archivo y ensamblado son iguales.
         Se encontró un conflicto entre "Platform:netstandard.dll" y "Platform:netstandard.dll". No se pudo determinar el ganador porque las versiones de archivo y ensamblado son iguales.
         Se encontró un conflicto entre "Platform:System.Private.CoreLib.dll" y "Platform:System.Private.CoreLib.dll". No se pudo determinar el ganador porque las versiones de archivo y ensamblado son iguales.
         Se encontró un conflicto entre "Platform:System.Private.DataContractSerialization.dll" y "Platform:System.Private.DataContractSerialization.dll". No se pudo determinar el ganador porque las versiones de archivo y ensamblado son iguales.
         Se encontró un conflicto entre "Platform:System.Private.Uri.dll" y "Platform:System.Private.Uri.dll". No se pudo determinar el ganador porque las versiones de archivo y ensamblado son iguales.
         Se encontró un conflicto entre "Platform:System.Private.Xml.dll" y "Platform:System.Private.Xml.dll". No se pudo determinar el ganador porque las versiones de archivo y ensamblado son iguales.
         Se encontró un conflicto entre "Platform:System.Private.Xml.Linq.dll" y "Platform:System.Private.Xml.Linq.dll". No se pudo determinar el ganador porque las versiones de archivo y ensamblado son iguales.
         Se encontró un conflicto entre "Platform:mscordaccore_amd64_amd64_9.0.1826.31522.dll" y "Platform:mscordaccore_amd64_amd64_9.0.1826.31522.dll". No se pudo determinar el ganador porque las versiones de archivo y ensamblado son iguales.
       Ejecución de la tarea "ResolvePackageFileConflicts" terminada.
   2:6>Compilación terminada del destino "_HandlePackageFileConflicts" en el proyecto "ERP.Api.csproj".
       Se omitió el destino "ResolveTargetingPackAssets". Compilado previamente de forma correcta.
   2:6>Destino "ResolveAssemblyReferences" en el archivo "C:\Program Files\dotnet\sdk\10.0.302\Microsoft.Common.CurrentVersion.targets" del proyecto "D:\TEXNICA\ERP-API\ERP.Api\ERP.Api.csproj" (el destino "ResolveReferences" depende de él):
       Usando la tarea "ResolveAssemblyReference" del ensamblado "Microsoft.Build.Tasks.Core, Version=15.1.0.0, Culture=neutral, PublicKeyToken=b03f5f7f11d50a3a".
       Tarea "ResolveAssemblyReference"
         TargetFrameworkMoniker:
             .NETCoreApp,Version=v9.0
         TargetFrameworkMonikerDisplayName:
             .NET 9.0
         TargetedRuntimeVersion:
             
         Assemblies:
             C:\Users\rm619\.nuget\packages\azure.core\1.38.0\lib\net6.0\Azure.Core.dll
                 Private = 'false'
                 HintPath = 'C:\Users\rm619\.nuget\packages\azure.core\1.38.0\lib\net6.0\Azure.Core.dll'
             C:\Users\rm619\.nuget\packages\azure.identity\1.11.4\lib\netstandard2.0\Azure.Identity.dll
                 Private = 'false'
                 HintPath = 'C:\Users\rm619\.nuget\packages\azure.identity\1.11.4\lib\netstandard2.0\Azure.Identity.dll'
             C:\Users\rm619\.nuget\packages\bcrypt.net-next\4.2.0\lib\netstandard2.1\BCrypt-Net-Next.dll
                 Private = 'false'
                 HintPath = 'C:\Users\rm619\.nuget\packages\bcrypt.net-next\4.2.0\lib\netstandard2.1\BCrypt-Net-Next.dll'
             C:\Users\rm619\.nuget\packages\microsoft.aspnetcore.authentication.jwtbearer\9.0.19\lib\net9.0\Microsoft.AspNetCore.Authentication.JwtBearer.dll
                 Private = 'false'
                 HintPath = 'C:\Users\rm619\.nuget\packages\microsoft.aspnetcore.authentication.jwtbearer\9.0.19\lib\net9.0\Microsoft.AspNetCore.Authentication.JwtBearer.dll'
             C:\Users\rm619\.nuget\packages\microsoft.bcl.asyncinterfaces\7.0.0\lib\netstandard2.1\Microsoft.Bcl.AsyncInterfaces.dll
                 Private = 'false'
                 HintPath = 'C:\Users\rm619\.nuget\packages\microsoft.bcl.asyncinterfaces\7.0.0\lib\netstandard2.1\Microsoft.Bcl.AsyncInterfaces.dll'
             C:\Users\rm619\.nuget\packages\microsoft.bcl.cryptography\10.0.2\lib\net9.0\Microsoft.Bcl.Cryptography.dll
                 Private = 'false'
                 HintPath = 'C:\Users\rm619\.nuget\packages\microsoft.bcl.cryptography\10.0.2\lib\net9.0\Microsoft.Bcl.Cryptography.dll'
             C:\Users\rm619\.nuget\packages\microsoft.data.sqlclient\5.1.6\ref\net6.0\Microsoft.Data.SqlClient.dll
                 Private = 'false'
                 HintPath = 'C:\Users\rm619\.nuget\packages\microsoft.data.sqlclient\5.1.6\ref\net6.0\Microsoft.Data.SqlClient.dll'
             C:\Users\rm619\.nuget\packages\microsoft.entityframeworkcore\9.0.10\lib\net8.0\Microsoft.EntityFrameworkCore.dll
                 Private = 'false'
                 HintPath = 'C:\Users\rm619\.nuget\packages\microsoft.entityframeworkcore\9.0.10\lib\net8.0\Microsoft.EntityFrameworkCore.dll'
             C:\Users\rm619\.nuget\packages\microsoft.entityframeworkcore.abstractions\9.0.10\lib\net8.0\Microsoft.EntityFrameworkCore.Abstractions.dll
                 Private = 'false'
                 HintPath = 'C:\Users\rm619\.nuget\packages\microsoft.entityframeworkcore.abstractions\9.0.10\lib\net8.0\Microsoft.EntityFrameworkCore.Abstractions.dll'
             C:\Users\rm619\.nuget\packages\microsoft.entityframeworkcore.relational\9.0.10\lib\net8.0\Microsoft.EntityFrameworkCore.Relational.dll
                 Private = 'false'
                 HintPath = 'C:\Users\rm619\.nuget\packages\microsoft.entityframeworkcore.relational\9.0.10\lib\net8.0\Microsoft.EntityFrameworkCore.Relational.dll'
             C:\Users\rm619\.nuget\packages\microsoft.entityframeworkcore.sqlserver\9.0.10\lib\net8.0\Microsoft.EntityFrameworkCore.SqlServer.dll
                 Private = 'false'
                 HintPath = 'C:\Users\rm619\.nuget\packages\microsoft.entityframeworkcore.sqlserver\9.0.10\lib\net8.0\Microsoft.EntityFrameworkCore.SqlServer.dll'
             C:\Users\rm619\.nuget\packages\microsoft.identity.client\4.61.3\lib\net6.0\Microsoft.Identity.Client.dll
                 Private = 'false'
                 HintPath = 'C:\Users\rm619\.nuget\packages\microsoft.identity.client\4.61.3\lib\net6.0\Microsoft.Identity.Client.dll'
             C:\Users\rm619\.nuget\packages\microsoft.identity.client.extensions.msal\4.61.3\lib\net6.0\Microsoft.Identity.Client.Extensions.Msal.dll
                 Private = 'false'
                 HintPath = 'C:\Users\rm619\.nuget\packages\microsoft.identity.client.extensions.msal\4.61.3\lib\net6.0\Microsoft.Identity.Client.Extensions.Msal.dll'
             C:\Users\rm619\.nuget\packages\microsoft.identitymodel.abstractions\8.19.2\lib\net9.0\Microsoft.IdentityModel.Abstractions.dll
                 Private = 'false'
                 HintPath = 'C:\Users\rm619\.nuget\packages\microsoft.identitymodel.abstractions\8.19.2\lib\net9.0\Microsoft.IdentityModel.Abstractions.dll'
             C:\Users\rm619\.nuget\packages\microsoft.identitymodel.jsonwebtokens\8.19.2\lib\net9.0\Microsoft.IdentityModel.JsonWebTokens.dll
                 Private = 'false'
                 HintPath = 'C:\Users\rm619\.nuget\packages\microsoft.identitymodel.jsonwebtokens\8.19.2\lib\net9.0\Microsoft.IdentityModel.JsonWebTokens.dll'
             C:\Users\rm619\.nuget\packages\microsoft.identitymodel.logging\8.19.2\lib\net9.0\Microsoft.IdentityModel.Logging.dll
                 Private = 'false'
                 HintPath = 'C:\Users\rm619\.nuget\packages\microsoft.identitymodel.logging\8.19.2\lib\net9.0\Microsoft.IdentityModel.Logging.dll'
             C:\Users\rm619\.nuget\packages\microsoft.identitymodel.protocols\8.19.2\lib\net9.0\Microsoft.IdentityModel.Protocols.dll
                 Private = 'false'
                 HintPath = 'C:\Users\rm619\.nuget\packages\microsoft.identitymodel.protocols\8.19.2\lib\net9.0\Microsoft.IdentityModel.Protocols.dll'
             C:\Users\rm619\.nuget\packages\microsoft.identitymodel.protocols.openidconnect\8.19.2\lib\net9.0\Microsoft.IdentityModel.Protocols.OpenIdConnect.dll
                 Private = 'false'
                 HintPath = 'C:\Users\rm619\.nuget\packages\microsoft.identitymodel.protocols.openidconnect\8.19.2\lib\net9.0\Microsoft.IdentityModel.Protocols.OpenIdConnect.dll'
             C:\Users\rm619\.nuget\packages\microsoft.identitymodel.tokens\8.19.2\lib\net9.0\Microsoft.IdentityModel.Tokens.dll
                 Private = 'false'
                 HintPath = 'C:\Users\rm619\.nuget\packages\microsoft.identitymodel.tokens\8.19.2\lib\net9.0\Microsoft.IdentityModel.Tokens.dll'
             C:\Users\rm619\.nuget\packages\microsoft.openapi\1.6.23\lib\netstandard2.0\Microsoft.OpenApi.dll
                 Private = 'false'
                 HintPath = 'C:\Users\rm619\.nuget\packages\microsoft.openapi\1.6.23\lib\netstandard2.0\Microsoft.OpenApi.dll'
             C:\Users\rm619\.nuget\packages\microsoft.sqlserver.server\1.0.0\lib\netstandard2.0\Microsoft.SqlServer.Server.dll
                 Private = 'false'
                 HintPath = 'C:\Users\rm619\.nuget\packages\microsoft.sqlserver.server\1.0.0\lib\netstandard2.0\Microsoft.SqlServer.Server.dll'
             C:\Users\rm619\.nuget\packages\swashbuckle.aspnetcore.swagger\8.0.0\lib\net9.0\Swashbuckle.AspNetCore.Swagger.dll
                 Private = 'false'
                 HintPath = 'C:\Users\rm619\.nuget\packages\swashbuckle.aspnetcore.swagger\8.0.0\lib\net9.0\Swashbuckle.AspNetCore.Swagger.dll'
             C:\Users\rm619\.nuget\packages\swashbuckle.aspnetcore.swaggergen\8.0.0\lib\net9.0\Swashbuckle.AspNetCore.SwaggerGen.dll
                 Private = 'false'
                 HintPath = 'C:\Users\rm619\.nuget\packages\swashbuckle.aspnetcore.swaggergen\8.0.0\lib\net9.0\Swashbuckle.AspNetCore.SwaggerGen.dll'
             C:\Users\rm619\.nuget\packages\swashbuckle.aspnetcore.swaggerui\8.0.0\lib\net9.0\Swashbuckle.AspNetCore.SwaggerUI.dll
                 Private = 'false'
                 HintPath = 'C:\Users\rm619\.nuget\packages\swashbuckle.aspnetcore.swaggerui\8.0.0\lib\net9.0\Swashbuckle.AspNetCore.SwaggerUI.dll'
             C:\Users\rm619\.nuget\packages\system.clientmodel\1.0.0\lib\net6.0\System.ClientModel.dll
                 Private = 'false'
                 HintPath = 'C:\Users\rm619\.nuget\packages\system.clientmodel\1.0.0\lib\net6.0\System.ClientModel.dll'
             C:\Users\rm619\.nuget\packages\system.identitymodel.tokens.jwt\8.19.2\lib\net9.0\System.IdentityModel.Tokens.Jwt.dll
                 Private = 'false'
                 HintPath = 'C:\Users\rm619\.nuget\packages\system.identitymodel.tokens.jwt\8.19.2\lib\net9.0\System.IdentityModel.Tokens.Jwt.dll'
             C:\Users\rm619\.nuget\packages\system.memory.data\1.0.2\lib\netstandard2.0\System.Memory.Data.dll
                 Private = 'false'
                 HintPath = 'C:\Users\rm619\.nuget\packages\system.memory.data\1.0.2\lib\netstandard2.0\System.Memory.Data.dll'
             C:\Users\rm619\.nuget\packages\system.security.cryptography.protecteddata\6.0.0\lib\net6.0\System.Security.Cryptography.ProtectedData.dll
                 Private = 'false'
                 HintPath = 'C:\Users\rm619\.nuget\packages\system.security.cryptography.protecteddata\6.0.0\lib\net6.0\System.Security.Cryptography.ProtectedData.dll'
             C:\Users\rm619\.nuget\packages\microsoft.netcore.app.ref\9.0.18\ref/net9.0/Microsoft.CSharp.dll
                 Private = 'false'
             C:\Users\rm619\.nuget\packages\microsoft.netcore.app.ref\9.0.18\ref/net9.0/Microsoft.VisualBasic.Core.dll
                 Private = 'false'
             C:\Users\rm619\.nuget\packages\microsoft.netcore.app.ref\9.0.18\ref/net9.0/Microsoft.VisualBasic.dll
                 Private = 'false'
             C:\Users\rm619\.nuget\packages\microsoft.netcore.app.ref\9.0.18\ref/net9.0/Microsoft.Win32.Primitives.dll
                 Private = 'false'
             C:\Users\rm619\.nuget\packages\microsoft.netcore.app.ref\9.0.18\ref/net9.0/Microsoft.Win32.Registry.dll
                 Private = 'false'
             C:\Users\rm619\.nuget\packages\microsoft.netcore.app.ref\9.0.18\ref/net9.0/System.AppContext.dll
                 Private = 'false'
             C:\Users\rm619\.nuget\packages\microsoft.netcore.app.ref\9.0.18\ref/net9.0/System.Buffers.dll
                 Private = 'false'
             C:\Users\rm619\.nuget\packages\microsoft.netcore.app.ref\9.0.18\ref/net9.0/System.Collections.Concurrent.dll
                 Private = 'false'
             C:\Users\rm619\.nuget\packages\microsoft.netcore.app.ref\9.0.18\ref/net9.0/System.Collections.Immutable.dll
                 Private = 'false'
             C:\Users\rm619\.nuget\packages\microsoft.netcore.app.ref\9.0.18\ref/net9.0/System.Collections.NonGeneric.dll
                 Private = 'false'
             C:\Users\rm619\.nuget\packages\microsoft.netcore.app.ref\9.0.18\ref/net9.0/System.Collections.Specialized.dll
                 Private = 'false'
             C:\Users\rm619\.nuget\packages\microsoft.netcore.app.ref\9.0.18\ref/net9.0/System.Collections.dll
                 Private = 'false'
             C:\Users\rm619\.nuget\packages\microsoft.netcore.app.ref\9.0.18\ref/net9.0/System.ComponentModel.Annotations.dll
                 Private = 'false'
             C:\Users\rm619\.nuget\packages\microsoft.netcore.app.ref\9.0.18\ref/net9.0/System.ComponentModel.DataAnnotations.dll
                 Private = 'false'
             C:\Users\rm619\.nuget\packages\microsoft.netcore.app.ref\9.0.18\ref/net9.0/System.ComponentModel.EventBasedAsync.dll
                 Private = 'false'
             C:\Users\rm619\.nuget\packages\microsoft.netcore.app.ref\9.0.18\ref/net9.0/System.ComponentModel.Primitives.dll
                 Private = 'false'
             C:\Users\rm619\.nuget\packages\microsoft.netcore.app.ref\9.0.18\ref/net9.0/System.ComponentModel.TypeConverter.dll
                 Private = 'false'
             C:\Users\rm619\.nuget\packages\microsoft.netcore.app.ref\9.0.18\ref/net9.0/System.ComponentModel.dll
                 Private = 'false'
             C:\Users\rm619\.nuget\packages\microsoft.netcore.app.ref\9.0.18\ref/net9.0/System.Configuration.dll
                 Private = 'false'
             C:\Users\rm619\.nuget\packages\microsoft.netcore.app.ref\9.0.18\ref/net9.0/System.Console.dll
                 Private = 'false'
             C:\Users\rm619\.nuget\packages\microsoft.netcore.app.ref\9.0.18\ref/net9.0/System.Core.dll
                 Private = 'false'
             C:\Users\rm619\.nuget\packages\microsoft.netcore.app.ref\9.0.18\ref/net9.0/System.Data.Common.dll
                 Private = 'false'
             C:\Users\rm619\.nuget\packages\microsoft.netcore.app.ref\9.0.18\ref/net9.0/System.Data.DataSetExtensions.dll
                 Private = 'false'
             C:\Users\rm619\.nuget\packages\microsoft.netcore.app.ref\9.0.18\ref/net9.0/System.Data.dll
                 Private = 'false'
             C:\Users\rm619\.nuget\packages\microsoft.netcore.app.ref\9.0.18\ref/net9.0/System.Diagnostics.Contracts.dll
                 Private = 'false'
             C:\Users\rm619\.nuget\packages\microsoft.netcore.app.ref\9.0.18\ref/net9.0/System.Diagnostics.Debug.dll
                 Private = 'false'
             C:\Users\rm619\.nuget\packages\microsoft.netcore.app.ref\9.0.18\ref/net9.0/System.Diagnostics.DiagnosticSource.dll
                 Private = 'false'
             C:\Users\rm619\.nuget\packages\microsoft.netcore.app.ref\9.0.18\ref/net9.0/System.Diagnostics.FileVersionInfo.dll
                 Private = 'false'
             C:\Users\rm619\.nuget\packages\microsoft.netcore.app.ref\9.0.18\ref/net9.0/System.Diagnostics.Process.dll
                 Private = 'false'
             C:\Users\rm619\.nuget\packages\microsoft.netcore.app.ref\9.0.18\ref/net9.0/System.Diagnostics.StackTrace.dll
                 Private = 'false'
             C:\Users\rm619\.nuget\packages\microsoft.netcore.app.ref\9.0.18\ref/net9.0/System.Diagnostics.TextWriterTraceListener.dll
                 Private = 'false'
             C:\Users\rm619\.nuget\packages\microsoft.netcore.app.ref\9.0.18\ref/net9.0/System.Diagnostics.Tools.dll
                 Private = 'false'
             C:\Users\rm619\.nuget\packages\microsoft.netcore.app.ref\9.0.18\ref/net9.0/System.Diagnostics.TraceSource.dll
                 Private = 'false'
             C:\Users\rm619\.nuget\packages\microsoft.netcore.app.ref\9.0.18\ref/net9.0/System.Diagnostics.Tracing.dll
                 Private = 'false'
             C:\Users\rm619\.nuget\packages\microsoft.netcore.app.ref\9.0.18\ref/net9.0/System.Drawing.Primitives.dll
                 Private = 'false'
             C:\Users\rm619\.nuget\packages\microsoft.netcore.app.ref\9.0.18\ref/net9.0/System.Drawing.dll
                 Private = 'false'
             C:\Users\rm619\.nuget\packages\microsoft.netcore.app.ref\9.0.18\ref/net9.0/System.Dynamic.Runtime.dll
                 Private = 'false'
             C:\Users\rm619\.nuget\packages\microsoft.netcore.app.ref\9.0.18\ref/net9.0/System.Formats.Asn1.dll
                 Private = 'false'
             C:\Users\rm619\.nuget\packages\microsoft.netcore.app.ref\9.0.18\ref/net9.0/System.Formats.Tar.dll
                 Private = 'false'
             C:\Users\rm619\.nuget\packages\microsoft.netcore.app.ref\9.0.18\ref/net9.0/System.Globalization.Calendars.dll
                 Private = 'false'
             C:\Users\rm619\.nuget\packages\microsoft.netcore.app.ref\9.0.18\ref/net9.0/System.Globalization.Extensions.dll
                 Private = 'false'
             C:\Users\rm619\.nuget\packages\microsoft.netcore.app.ref\9.0.18\ref/net9.0/System.Globalization.dll
                 Private = 'false'
             C:\Users\rm619\.nuget\packages\microsoft.netcore.app.ref\9.0.18\ref/net9.0/System.IO.Compression.Brotli.dll
                 Private = 'false'
             C:\Users\rm619\.nuget\packages\microsoft.netcore.app.ref\9.0.18\ref/net9.0/System.IO.Compression.FileSystem.dll
                 Private = 'false'
             C:\Users\rm619\.nuget\packages\microsoft.netcore.app.ref\9.0.18\ref/net9.0/System.IO.Compression.ZipFile.dll
                 Private = 'false'
             C:\Users\rm619\.nuget\packages\microsoft.netcore.app.ref\9.0.18\ref/net9.0/System.IO.Compression.dll
                 Private = 'false'
             C:\Users\rm619\.nuget\packages\microsoft.netcore.app.ref\9.0.18\ref/net9.0/System.IO.FileSystem.AccessControl.dll
                 Private = 'false'
             C:\Users\rm619\.nuget\packages\microsoft.netcore.app.ref\9.0.18\ref/net9.0/System.IO.FileSystem.DriveInfo.dll
                 Private = 'false'
             C:\Users\rm619\.nuget\packages\microsoft.netcore.app.ref\9.0.18\ref/net9.0/System.IO.FileSystem.Primitives.dll
                 Private = 'false'
             C:\Users\rm619\.nuget\packages\microsoft.netcore.app.ref\9.0.18\ref/net9.0/System.IO.FileSystem.Watcher.dll
                 Private = 'false'
             C:\Users\rm619\.nuget\packages\microsoft.netcore.app.ref\9.0.18\ref/net9.0/System.IO.FileSystem.dll
                 Private = 'false'
             C:\Users\rm619\.nuget\packages\microsoft.netcore.app.ref\9.0.18\ref/net9.0/System.IO.IsolatedStorage.dll
                 Private = 'false'
             C:\Users\rm619\.nuget\packages\microsoft.netcore.app.ref\9.0.18\ref/net9.0/System.IO.MemoryMappedFiles.dll
                 Private = 'false'
             C:\Users\rm619\.nuget\packages\microsoft.netcore.app.ref\9.0.18\ref/net9.0/System.IO.Pipelines.dll
                 Private = 'false'
             C:\Users\rm619\.nuget\packages\microsoft.netcore.app.ref\9.0.18\ref/net9.0/System.IO.Pipes.AccessControl.dll
                 Private = 'false'
             C:\Users\rm619\.nuget\packages\microsoft.netcore.app.ref\9.0.18\ref/net9.0/System.IO.Pipes.dll
                 Private = 'false'
             C:\Users\rm619\.nuget\packages\microsoft.netcore.app.ref\9.0.18\ref/net9.0/System.IO.UnmanagedMemoryStream.dll
                 Private = 'false'
             C:\Users\rm619\.nuget\packages\microsoft.netcore.app.ref\9.0.18\ref/net9.0/System.IO.dll
                 Private = 'false'
             C:\Users\rm619\.nuget\packages\microsoft.netcore.app.ref\9.0.18\ref/net9.0/System.Linq.Expressions.dll
                 Private = 'false'
             C:\Users\rm619\.nuget\packages\microsoft.netcore.app.ref\9.0.18\ref/net9.0/System.Linq.Parallel.dll
                 Private = 'false'
             C:\Users\rm619\.nuget\packages\microsoft.netcore.app.ref\9.0.18\ref/net9.0/System.Linq.Queryable.dll
                 Private = 'false'
             C:\Users\rm619\.nuget\packages\microsoft.netcore.app.ref\9.0.18\ref/net9.0/System.Linq.dll
                 Private = 'false'
             C:\Users\rm619\.nuget\packages\microsoft.netcore.app.ref\9.0.18\ref/net9.0/System.Memory.dll
                 Private = 'false'
             C:\Users\rm619\.nuget\packages\microsoft.netcore.app.ref\9.0.18\ref/net9.0/System.Net.Http.Json.dll
                 Private = 'false'
             C:\Users\rm619\.nuget\packages\microsoft.netcore.app.ref\9.0.18\ref/net9.0/System.Net.Http.dll
                 Private = 'false'
             C:\Users\rm619\.nuget\packages\microsoft.netcore.app.ref\9.0.18\ref/net9.0/System.Net.HttpListener.dll
                 Private = 'false'
             C:\Users\rm619\.nuget\packages\microsoft.netcore.app.ref\9.0.18\ref/net9.0/System.Net.Mail.dll
                 Private = 'false'
             C:\Users\rm619\.nuget\packages\microsoft.netcore.app.ref\9.0.18\ref/net9.0/System.Net.NameResolution.dll
                 Private = 'false'
             C:\Users\rm619\.nuget\packages\microsoft.netcore.app.ref\9.0.18\ref/net9.0/System.Net.NetworkInformation.dll
                 Private = 'false'
             C:\Users\rm619\.nuget\packages\microsoft.netcore.app.ref\9.0.18\ref/net9.0/System.Net.Ping.dll
                 Private = 'false'
             C:\Users\rm619\.nuget\packages\microsoft.netcore.app.ref\9.0.18\ref/net9.0/System.Net.Primitives.dll
                 Private = 'false'
             C:\Users\rm619\.nuget\packages\microsoft.netcore.app.ref\9.0.18\ref/net9.0/System.Net.Quic.dll
                 Private = 'false'
             C:\Users\rm619\.nuget\packages\microsoft.netcore.app.ref\9.0.18\ref/net9.0/System.Net.Requests.dll
                 Private = 'false'
             C:\Users\rm619\.nuget\packages\microsoft.netcore.app.ref\9.0.18\ref/net9.0/System.Net.Security.dll
                 Private = 'false'
             C:\Users\rm619\.nuget\packages\microsoft.netcore.app.ref\9.0.18\ref/net9.0/System.Net.ServicePoint.dll
                 Private = 'false'
             C:\Users\rm619\.nuget\packages\microsoft.netcore.app.ref\9.0.18\ref/net9.0/System.Net.Sockets.dll
                 Private = 'false'
             C:\Users\rm619\.nuget\packages\microsoft.netcore.app.ref\9.0.18\ref/net9.0/System.Net.WebClient.dll
                 Private = 'false'
             C:\Users\rm619\.nuget\packages\microsoft.netcore.app.ref\9.0.18\ref/net9.0/System.Net.WebHeaderCollection.dll
                 Private = 'false'
             C:\Users\rm619\.nuget\packages\microsoft.netcore.app.ref\9.0.18\ref/net9.0/System.Net.WebProxy.dll
                 Private = 'false'
             C:\Users\rm619\.nuget\packages\microsoft.netcore.app.ref\9.0.18\ref/net9.0/System.Net.WebSockets.Client.dll
                 Private = 'false'
             C:\Users\rm619\.nuget\packages\microsoft.netcore.app.ref\9.0.18\ref/net9.0/System.Net.WebSockets.dll
                 Private = 'false'
             C:\Users\rm619\.nuget\packages\microsoft.netcore.app.ref\9.0.18\ref/net9.0/System.Net.dll
                 Private = 'false'
             C:\Users\rm619\.nuget\packages\microsoft.netcore.app.ref\9.0.18\ref/net9.0/System.Numerics.Vectors.dll
                 Private = 'false'
             C:\Users\rm619\.nuget\packages\microsoft.netcore.app.ref\9.0.18\ref/net9.0/System.Numerics.dll
                 Private = 'false'
             C:\Users\rm619\.nuget\packages\microsoft.netcore.app.ref\9.0.18\ref/net9.0/System.ObjectModel.dll
                 Private = 'false'
             C:\Users\rm619\.nuget\packages\microsoft.netcore.app.ref\9.0.18\ref/net9.0/System.Reflection.DispatchProxy.dll
                 Private = 'false'
             C:\Users\rm619\.nuget\packages\microsoft.netcore.app.ref\9.0.18\ref/net9.0/System.Reflection.Emit.ILGeneration.dll
                 Private = 'false'
             C:\Users\rm619\.nuget\packages\microsoft.netcore.app.ref\9.0.18\ref/net9.0/System.Reflection.Emit.Lightweight.dll
                 Private = 'false'
             C:\Users\rm619\.nuget\packages\microsoft.netcore.app.ref\9.0.18\ref/net9.0/System.Reflection.Emit.dll
                 Private = 'false'
             C:\Users\rm619\.nuget\packages\microsoft.netcore.app.ref\9.0.18\ref/net9.0/System.Reflection.Extensions.dll
                 Private = 'false'
             C:\Users\rm619\.nuget\packages\microsoft.netcore.app.ref\9.0.18\ref/net9.0/System.Reflection.Metadata.dll
                 Private = 'false'
             C:\Users\rm619\.nuget\packages\microsoft.netcore.app.ref\9.0.18\ref/net9.0/System.Reflection.Primitives.dll
                 Private = 'false'
             C:\Users\rm619\.nuget\packages\microsoft.netcore.app.ref\9.0.18\ref/net9.0/System.Reflection.TypeExtensions.dll
                 Private = 'false'
             C:\Users\rm619\.nuget\packages\microsoft.netcore.app.ref\9.0.18\ref/net9.0/System.Reflection.dll
                 Private = 'false'
             C:\Users\rm619\.nuget\packages\microsoft.netcore.app.ref\9.0.18\ref/net9.0/System.Resources.Reader.dll
                 Private = 'false'
             C:\Users\rm619\.nuget\packages\microsoft.netcore.app.ref\9.0.18\ref/net9.0/System.Resources.ResourceManager.dll
                 Private = 'false'
             C:\Users\rm619\.nuget\packages\microsoft.netcore.app.ref\9.0.18\ref/net9.0/System.Resources.Writer.dll
                 Private = 'false'
             C:\Users\rm619\.nuget\packages\microsoft.netcore.app.ref\9.0.18\ref/net9.0/System.Runtime.CompilerServices.Unsafe.dll
                 Private = 'false'
             C:\Users\rm619\.nuget\packages\microsoft.netcore.app.ref\9.0.18\ref/net9.0/System.Runtime.CompilerServices.VisualC.dll
                 Private = 'false'
             C:\Users\rm619\.nuget\packages\microsoft.netcore.app.ref\9.0.18\ref/net9.0/System.Runtime.Extensions.dll
                 Private = 'false'
             C:\Users\rm619\.nuget\packages\microsoft.netcore.app.ref\9.0.18\ref/net9.0/System.Runtime.Handles.dll
                 Private = 'false'
             C:\Users\rm619\.nuget\packages\microsoft.netcore.app.ref\9.0.18\ref/net9.0/System.Runtime.InteropServices.JavaScript.dll
                 Private = 'false'
             C:\Users\rm619\.nuget\packages\microsoft.netcore.app.ref\9.0.18\ref/net9.0/System.Runtime.InteropServices.RuntimeInformation.dll
                 Private = 'false'
             C:\Users\rm619\.nuget\packages\microsoft.netcore.app.ref\9.0.18\ref/net9.0/System.Runtime.InteropServices.dll
                 Private = 'false'
             C:\Users\rm619\.nuget\packages\microsoft.netcore.app.ref\9.0.18\ref/net9.0/System.Runtime.Intrinsics.dll
                 Private = 'false'
             C:\Users\rm619\.nuget\packages\microsoft.netcore.app.ref\9.0.18\ref/net9.0/System.Runtime.Loader.dll
                 Private = 'false'
             C:\Users\rm619\.nuget\packages\microsoft.netcore.app.ref\9.0.18\ref/net9.0/System.Runtime.Numerics.dll
                 Private = 'false'
             C:\Users\rm619\.nuget\packages\microsoft.netcore.app.ref\9.0.18\ref/net9.0/System.Runtime.Serialization.Formatters.dll
                 Private = 'false'
             C:\Users\rm619\.nuget\packages\microsoft.netcore.app.ref\9.0.18\ref/net9.0/System.Runtime.Serialization.Json.dll
                 Private = 'false'
             C:\Users\rm619\.nuget\packages\microsoft.netcore.app.ref\9.0.18\ref/net9.0/System.Runtime.Serialization.Primitives.dll
                 Private = 'false'
             C:\Users\rm619\.nuget\packages\microsoft.netcore.app.ref\9.0.18\ref/net9.0/System.Runtime.Serialization.Xml.dll
                 Private = 'false'
             C:\Users\rm619\.nuget\packages\microsoft.netcore.app.ref\9.0.18\ref/net9.0/System.Runtime.Serialization.dll
                 Private = 'false'
             C:\Users\rm619\.nuget\packages\microsoft.netcore.app.ref\9.0.18\ref/net9.0/System.Runtime.dll
                 Private = 'false'
             C:\Users\rm619\.nuget\packages\microsoft.netcore.app.ref\9.0.18\ref/net9.0/System.Security.AccessControl.dll
                 Private = 'false'
             C:\Users\rm619\.nuget\packages\microsoft.netcore.app.ref\9.0.18\ref/net9.0/System.Security.Claims.dll
                 Private = 'false'
             C:\Users\rm619\.nuget\packages\microsoft.netcore.app.ref\9.0.18\ref/net9.0/System.Security.Cryptography.Algorithms.dll
                 Private = 'false'
             C:\Users\rm619\.nuget\packages\microsoft.netcore.app.ref\9.0.18\ref/net9.0/System.Security.Cryptography.Cng.dll
                 Private = 'false'
             C:\Users\rm619\.nuget\packages\microsoft.netcore.app.ref\9.0.18\ref/net9.0/System.Security.Cryptography.Csp.dll
                 Private = 'false'
             C:\Users\rm619\.nuget\packages\microsoft.netcore.app.ref\9.0.18\ref/net9.0/System.Security.Cryptography.Encoding.dll
                 Private = 'false'
             C:\Users\rm619\.nuget\packages\microsoft.netcore.app.ref\9.0.18\ref/net9.0/System.Security.Cryptography.OpenSsl.dll
                 Private = 'false'
             C:\Users\rm619\.nuget\packages\microsoft.netcore.app.ref\9.0.18\ref/net9.0/System.Security.Cryptography.Primitives.dll
                 Private = 'false'
             C:\Users\rm619\.nuget\packages\microsoft.netcore.app.ref\9.0.18\ref/net9.0/System.Security.Cryptography.X509Certificates.dll
                 Private = 'false'
             C:\Users\rm619\.nuget\packages\microsoft.netcore.app.ref\9.0.18\ref/net9.0/System.Security.Cryptography.dll
                 Private = 'false'
             C:\Users\rm619\.nuget\packages\microsoft.netcore.app.ref\9.0.18\ref/net9.0/System.Security.Principal.Windows.dll
                 Private = 'false'
             C:\Users\rm619\.nuget\packages\microsoft.netcore.app.ref\9.0.18\ref/net9.0/System.Security.Principal.dll
                 Private = 'false'
             C:\Users\rm619\.nuget\packages\microsoft.netcore.app.ref\9.0.18\ref/net9.0/System.Security.SecureString.dll
                 Private = 'false'
             C:\Users\rm619\.nuget\packages\microsoft.netcore.app.ref\9.0.18\ref/net9.0/System.Security.dll
                 Private = 'false'
             C:\Users\rm619\.nuget\packages\microsoft.netcore.app.ref\9.0.18\ref/net9.0/System.ServiceModel.Web.dll
                 Private = 'false'
             C:\Users\rm619\.nuget\packages\microsoft.netcore.app.ref\9.0.18\ref/net9.0/System.ServiceProcess.dll
                 Private = 'false'
             C:\Users\rm619\.nuget\packages\microsoft.netcore.app.ref\9.0.18\ref/net9.0/System.Text.Encoding.CodePages.dll
                 Private = 'false'
             C:\Users\rm619\.nuget\packages\microsoft.netcore.app.ref\9.0.18\ref/net9.0/System.Text.Encoding.Extensions.dll
                 Private = 'false'
             C:\Users\rm619\.nuget\packages\microsoft.netcore.app.ref\9.0.18\ref/net9.0/System.Text.Encoding.dll
                 Private = 'false'
             C:\Users\rm619\.nuget\packages\microsoft.netcore.app.ref\9.0.18\ref/net9.0/System.Text.Encodings.Web.dll
                 Private = 'false'
             C:\Users\rm619\.nuget\packages\microsoft.netcore.app.ref\9.0.18\ref/net9.0/System.Text.Json.dll
                 Private = 'false'
             C:\Users\rm619\.nuget\packages\microsoft.netcore.app.ref\9.0.18\ref/net9.0/System.Text.RegularExpressions.dll
                 Private = 'false'
             C:\Users\rm619\.nuget\packages\microsoft.netcore.app.ref\9.0.18\ref/net9.0/System.Threading.Channels.dll
                 Private = 'false'
             C:\Users\rm619\.nuget\packages\microsoft.netcore.app.ref\9.0.18\ref/net9.0/System.Threading.Overlapped.dll
                 Private = 'false'
             C:\Users\rm619\.nuget\packages\microsoft.netcore.app.ref\9.0.18\ref/net9.0/System.Threading.Tasks.Dataflow.dll
                 Private = 'false'
             C:\Users\rm619\.nuget\packages\microsoft.netcore.app.ref\9.0.18\ref/net9.0/System.Threading.Tasks.Extensions.dll
                 Private = 'false'
             C:\Users\rm619\.nuget\packages\microsoft.netcore.app.ref\9.0.18\ref/net9.0/System.Threading.Tasks.Parallel.dll
                 Private = 'false'
             C:\Users\rm619\.nuget\packages\microsoft.netcore.app.ref\9.0.18\ref/net9.0/System.Threading.Tasks.dll
                 Private = 'false'
             C:\Users\rm619\.nuget\packages\microsoft.netcore.app.ref\9.0.18\ref/net9.0/System.Threading.Thread.dll
                 Private = 'false'
             C:\Users\rm619\.nuget\packages\microsoft.netcore.app.ref\9.0.18\ref/net9.0/System.Threading.ThreadPool.dll
                 Private = 'false'
             C:\Users\rm619\.nuget\packages\microsoft.netcore.app.ref\9.0.18\ref/net9.0/System.Threading.Timer.dll
                 Private = 'false'
             C:\Users\rm619\.nuget\packages\microsoft.netcore.app.ref\9.0.18\ref/net9.0/System.Threading.dll
                 Private = 'false'
             C:\Users\rm619\.nuget\packages\microsoft.netcore.app.ref\9.0.18\ref/net9.0/System.Transactions.Local.dll
                 Private = 'false'
             C:\Users\rm619\.nuget\packages\microsoft.netcore.app.ref\9.0.18\ref/net9.0/System.Transactions.dll
                 Private = 'false'
             C:\Users\rm619\.nuget\packages\microsoft.netcore.app.ref\9.0.18\ref/net9.0/System.ValueTuple.dll
                 Private = 'false'
             C:\Users\rm619\.nuget\packages\microsoft.netcore.app.ref\9.0.18\ref/net9.0/System.Web.HttpUtility.dll
                 Private = 'false'
             C:\Users\rm619\.nuget\packages\microsoft.netcore.app.ref\9.0.18\ref/net9.0/System.Web.dll
                 Private = 'false'
             C:\Users\rm619\.nuget\packages\microsoft.netcore.app.ref\9.0.18\ref/net9.0/System.Windows.dll
                 Private = 'false'
             C:\Users\rm619\.nuget\packages\microsoft.netcore.app.ref\9.0.18\ref/net9.0/System.Xml.Linq.dll
                 Private = 'false'
             C:\Users\rm619\.nuget\packages\microsoft.netcore.app.ref\9.0.18\ref/net9.0/System.Xml.ReaderWriter.dll
                 Private = 'false'
             C:\Users\rm619\.nuget\packages\microsoft.netcore.app.ref\9.0.18\ref/net9.0/System.Xml.Serialization.dll
                 Private = 'false'
             C:\Users\rm619\.nuget\packages\microsoft.netcore.app.ref\9.0.18\ref/net9.0/System.Xml.XDocument.dll
                 Private = 'false'
             C:\Users\rm619\.nuget\packages\microsoft.netcore.app.ref\9.0.18\ref/net9.0/System.Xml.XPath.XDocument.dll
                 Private = 'false'
             C:\Users\rm619\.nuget\packages\microsoft.netcore.app.ref\9.0.18\ref/net9.0/System.Xml.XPath.dll
                 Private = 'false'
             C:\Users\rm619\.nuget\packages\microsoft.netcore.app.ref\9.0.18\ref/net9.0/System.Xml.XmlDocument.dll
                 Private = 'false'
             C:\Users\rm619\.nuget\packages\microsoft.netcore.app.ref\9.0.18\ref/net9.0/System.Xml.XmlSerializer.dll
                 Private = 'false'
             C:\Users\rm619\.nuget\packages\microsoft.netcore.app.ref\9.0.18\ref/net9.0/System.Xml.dll
                 Private = 'false'
             C:\Users\rm619\.nuget\packages\microsoft.netcore.app.ref\9.0.18\ref/net9.0/System.dll
                 Private = 'false'
             C:\Users\rm619\.nuget\packages\microsoft.netcore.app.ref\9.0.18\ref/net9.0/WindowsBase.dll
                 Private = 'false'
             C:\Users\rm619\.nuget\packages\microsoft.netcore.app.ref\9.0.18\ref/net9.0/mscorlib.dll
                 Private = 'false'
             C:\Users\rm619\.nuget\packages\microsoft.netcore.app.ref\9.0.18\ref/net9.0/netstandard.dll
                 Private = 'false'
             C:\Users\rm619\.nuget\packages\microsoft.aspnetcore.app.ref\9.0.18\ref\net9.0\Microsoft.AspNetCore.Antiforgery.dll
                 Private = 'false'
             C:\Users\rm619\.nuget\packages\microsoft.aspnetcore.app.ref\9.0.18\ref\net9.0\Microsoft.AspNetCore.Authentication.Abstractions.dll
                 Private = 'false'
             C:\Users\rm619\.nuget\packages\microsoft.aspnetcore.app.ref\9.0.18\ref\net9.0\Microsoft.AspNetCore.Authentication.BearerToken.dll
                 Private = 'false'
             C:\Users\rm619\.nuget\packages\microsoft.aspnetcore.app.ref\9.0.18\ref\net9.0\Microsoft.AspNetCore.Authentication.Cookies.dll
                 Private = 'false'
             C:\Users\rm619\.nuget\packages\microsoft.aspnetcore.app.ref\9.0.18\ref\net9.0\Microsoft.AspNetCore.Authentication.Core.dll
                 Private = 'false'
             C:\Users\rm619\.nuget\packages\microsoft.aspnetcore.app.ref\9.0.18\ref\net9.0\Microsoft.AspNetCore.Authentication.OAuth.dll
                 Private = 'false'
             C:\Users\rm619\.nuget\packages\microsoft.aspnetcore.app.ref\9.0.18\ref\net9.0\Microsoft.AspNetCore.Authentication.dll
                 Private = 'false'
             C:\Users\rm619\.nuget\packages\microsoft.aspnetcore.app.ref\9.0.18\ref\net9.0\Microsoft.AspNetCore.Authorization.Policy.dll
                 Private = 'false'
             C:\Users\rm619\.nuget\packages\microsoft.aspnetcore.app.ref\9.0.18\ref\net9.0\Microsoft.AspNetCore.Authorization.dll
                 Private = 'false'
             C:\Users\rm619\.nuget\packages\microsoft.aspnetcore.app.ref\9.0.18\ref\net9.0\Microsoft.AspNetCore.Components.Authorization.dll
                 Private = 'false'
             C:\Users\rm619\.nuget\packages\microsoft.aspnetcore.app.ref\9.0.18\ref\net9.0\Microsoft.AspNetCore.Components.Endpoints.dll
                 Private = 'false'
             C:\Users\rm619\.nuget\packages\microsoft.aspnetcore.app.ref\9.0.18\ref\net9.0\Microsoft.AspNetCore.Components.Forms.dll
                 Private = 'false'
             C:\Users\rm619\.nuget\packages\microsoft.aspnetcore.app.ref\9.0.18\ref\net9.0\Microsoft.AspNetCore.Components.Server.dll
                 Private = 'false'
             C:\Users\rm619\.nuget\packages\microsoft.aspnetcore.app.ref\9.0.18\ref\net9.0\Microsoft.AspNetCore.Components.Web.dll
                 Private = 'false'
             C:\Users\rm619\.nuget\packages\microsoft.aspnetcore.app.ref\9.0.18\ref\net9.0\Microsoft.AspNetCore.Components.dll
                 Private = 'false'
             C:\Users\rm619\.nuget\packages\microsoft.aspnetcore.app.ref\9.0.18\ref\net9.0\Microsoft.AspNetCore.Connections.Abstractions.dll
                 Private = 'false'
             C:\Users\rm619\.nuget\packages\microsoft.aspnetcore.app.ref\9.0.18\ref\net9.0\Microsoft.AspNetCore.CookiePolicy.dll
                 Private = 'false'
             C:\Users\rm619\.nuget\packages\microsoft.aspnetcore.app.ref\9.0.18\ref\net9.0\Microsoft.AspNetCore.Cors.dll
                 Private = 'false'
             C:\Users\rm619\.nuget\packages\microsoft.aspnetcore.app.ref\9.0.18\ref\net9.0\Microsoft.AspNetCore.Cryptography.Internal.dll
                 Private = 'false'
             C:\Users\rm619\.nuget\packages\microsoft.aspnetcore.app.ref\9.0.18\ref\net9.0\Microsoft.AspNetCore.Cryptography.KeyDerivation.dll
                 Private = 'false'
             C:\Users\rm619\.nuget\packages\microsoft.aspnetcore.app.ref\9.0.18\ref\net9.0\Microsoft.AspNetCore.DataProtection.Abstractions.dll
                 Private = 'false'
             C:\Users\rm619\.nuget\packages\microsoft.aspnetcore.app.ref\9.0.18\ref\net9.0\Microsoft.AspNetCore.DataProtection.Extensions.dll
                 Private = 'false'
             C:\Users\rm619\.nuget\packages\microsoft.aspnetcore.app.ref\9.0.18\ref\net9.0\Microsoft.AspNetCore.DataProtection.dll
                 Private = 'false'
             C:\Users\rm619\.nuget\packages\microsoft.aspnetcore.app.ref\9.0.18\ref\net9.0\Microsoft.AspNetCore.Diagnostics.Abstractions.dll
                 Private = 'false'
             C:\Users\rm619\.nuget\packages\microsoft.aspnetcore.app.ref\9.0.18\ref\net9.0\Microsoft.AspNetCore.Diagnostics.HealthChecks.dll
                 Private = 'false'
             C:\Users\rm619\.nuget\packages\microsoft.aspnetcore.app.ref\9.0.18\ref\net9.0\Microsoft.AspNetCore.Diagnostics.dll
                 Private = 'false'
             C:\Users\rm619\.nuget\packages\microsoft.aspnetcore.app.ref\9.0.18\ref\net9.0\Microsoft.AspNetCore.HostFiltering.dll
                 Private = 'false'
             C:\Users\rm619\.nuget\packages\microsoft.aspnetcore.app.ref\9.0.18\ref\net9.0\Microsoft.AspNetCore.Hosting.Abstractions.dll
                 Private = 'false'
             C:\Users\rm619\.nuget\packages\microsoft.aspnetcore.app.ref\9.0.18\ref\net9.0\Microsoft.AspNetCore.Hosting.Server.Abstractions.dll
                 Private = 'false'
             C:\Users\rm619\.nuget\packages\microsoft.aspnetcore.app.ref\9.0.18\ref\net9.0\Microsoft.AspNetCore.Hosting.dll
                 Private = 'false'
             C:\Users\rm619\.nuget\packages\microsoft.aspnetcore.app.ref\9.0.18\ref\net9.0\Microsoft.AspNetCore.Html.Abstractions.dll
                 Private = 'false'
             C:\Users\rm619\.nuget\packages\microsoft.aspnetcore.app.ref\9.0.18\ref\net9.0\Microsoft.AspNetCore.Http.Abstractions.dll
                 Private = 'false'
             C:\Users\rm619\.nuget\packages\microsoft.aspnetcore.app.ref\9.0.18\ref\net9.0\Microsoft.AspNetCore.Http.Connections.Common.dll
                 Private = 'false'
             C:\Users\rm619\.nuget\packages\microsoft.aspnetcore.app.ref\9.0.18\ref\net9.0\Microsoft.AspNetCore.Http.Connections.dll
                 Private = 'false'
             C:\Users\rm619\.nuget\packages\microsoft.aspnetcore.app.ref\9.0.18\ref\net9.0\Microsoft.AspNetCore.Http.Extensions.dll
                 Private = 'false'
             C:\Users\rm619\.nuget\packages\microsoft.aspnetcore.app.ref\9.0.18\ref\net9.0\Microsoft.AspNetCore.Http.Features.dll
                 Private = 'false'
             C:\Users\rm619\.nuget\packages\microsoft.aspnetcore.app.ref\9.0.18\ref\net9.0\Microsoft.AspNetCore.Http.Results.dll
                 Private = 'false'
             C:\Users\rm619\.nuget\packages\microsoft.aspnetcore.app.ref\9.0.18\ref\net9.0\Microsoft.AspNetCore.Http.dll
                 Private = 'false'
             C:\Users\rm619\.nuget\packages\microsoft.aspnetcore.app.ref\9.0.18\ref\net9.0\Microsoft.AspNetCore.HttpLogging.dll
                 Private = 'false'
             C:\Users\rm619\.nuget\packages\microsoft.aspnetcore.app.ref\9.0.18\ref\net9.0\Microsoft.AspNetCore.HttpOverrides.dll
                 Private = 'false'
             C:\Users\rm619\.nuget\packages\microsoft.aspnetcore.app.ref\9.0.18\ref\net9.0\Microsoft.AspNetCore.HttpsPolicy.dll
                 Private = 'false'
             C:\Users\rm619\.nuget\packages\microsoft.aspnetcore.app.ref\9.0.18\ref\net9.0\Microsoft.AspNetCore.Identity.dll
                 Private = 'false'
             C:\Users\rm619\.nuget\packages\microsoft.aspnetcore.app.ref\9.0.18\ref\net9.0\Microsoft.AspNetCore.Localization.Routing.dll
                 Private = 'false'
             C:\Users\rm619\.nuget\packages\microsoft.aspnetcore.app.ref\9.0.18\ref\net9.0\Microsoft.AspNetCore.Localization.dll
                 Private = 'false'
             C:\Users\rm619\.nuget\packages\microsoft.aspnetcore.app.ref\9.0.18\ref\net9.0\Microsoft.AspNetCore.Metadata.dll
                 Private = 'false'
             C:\Users\rm619\.nuget\packages\microsoft.aspnetcore.app.ref\9.0.18\ref\net9.0\Microsoft.AspNetCore.Mvc.Abstractions.dll
                 Private = 'false'
             C:\Users\rm619\.nuget\packages\microsoft.aspnetcore.app.ref\9.0.18\ref\net9.0\Microsoft.AspNetCore.Mvc.ApiExplorer.dll
                 Private = 'false'
             C:\Users\rm619\.nuget\packages\microsoft.aspnetcore.app.ref\9.0.18\ref\net9.0\Microsoft.AspNetCore.Mvc.Core.dll
                 Private = 'false'
             C:\Users\rm619\.nuget\packages\microsoft.aspnetcore.app.ref\9.0.18\ref\net9.0\Microsoft.AspNetCore.Mvc.Cors.dll
                 Private = 'false'
             C:\Users\rm619\.nuget\packages\microsoft.aspnetcore.app.ref\9.0.18\ref\net9.0\Microsoft.AspNetCore.Mvc.DataAnnotations.dll
                 Private = 'false'
             C:\Users\rm619\.nuget\packages\microsoft.aspnetcore.app.ref\9.0.18\ref\net9.0\Microsoft.AspNetCore.Mvc.Formatters.Json.dll
                 Private = 'false'
             C:\Users\rm619\.nuget\packages\microsoft.aspnetcore.app.ref\9.0.18\ref\net9.0\Microsoft.AspNetCore.Mvc.Formatters.Xml.dll
                 Private = 'false'
             C:\Users\rm619\.nuget\packages\microsoft.aspnetcore.app.ref\9.0.18\ref\net9.0\Microsoft.AspNetCore.Mvc.Localization.dll
                 Private = 'false'
             C:\Users\rm619\.nuget\packages\microsoft.aspnetcore.app.ref\9.0.18\ref\net9.0\Microsoft.AspNetCore.Mvc.Razor.dll
                 Private = 'false'
             C:\Users\rm619\.nuget\packages\microsoft.aspnetcore.app.ref\9.0.18\ref\net9.0\Microsoft.AspNetCore.Mvc.RazorPages.dll
                 Private = 'false'
             C:\Users\rm619\.nuget\packages\microsoft.aspnetcore.app.ref\9.0.18\ref\net9.0\Microsoft.AspNetCore.Mvc.TagHelpers.dll
                 Private = 'false'
             C:\Users\rm619\.nuget\packages\microsoft.aspnetcore.app.ref\9.0.18\ref\net9.0\Microsoft.AspNetCore.Mvc.ViewFeatures.dll
                 Private = 'false'
             C:\Users\rm619\.nuget\packages\microsoft.aspnetcore.app.ref\9.0.18\ref\net9.0\Microsoft.AspNetCore.Mvc.dll
                 Private = 'false'
             C:\Users\rm619\.nuget\packages\microsoft.aspnetcore.app.ref\9.0.18\ref\net9.0\Microsoft.AspNetCore.OutputCaching.dll
                 Private = 'false'
             C:\Users\rm619\.nuget\packages\microsoft.aspnetcore.app.ref\9.0.18\ref\net9.0\Microsoft.AspNetCore.RateLimiting.dll
                 Private = 'false'
             C:\Users\rm619\.nuget\packages\microsoft.aspnetcore.app.ref\9.0.18\ref\net9.0\Microsoft.AspNetCore.Razor.Runtime.dll
                 Private = 'false'
             C:\Users\rm619\.nuget\packages\microsoft.aspnetcore.app.ref\9.0.18\ref\net9.0\Microsoft.AspNetCore.Razor.dll
                 Private = 'false'
             C:\Users\rm619\.nuget\packages\microsoft.aspnetcore.app.ref\9.0.18\ref\net9.0\Microsoft.AspNetCore.RequestDecompression.dll
                 Private = 'false'
             C:\Users\rm619\.nuget\packages\microsoft.aspnetcore.app.ref\9.0.18\ref\net9.0\Microsoft.AspNetCore.ResponseCaching.Abstractions.dll
                 Private = 'false'
             C:\Users\rm619\.nuget\packages\microsoft.aspnetcore.app.ref\9.0.18\ref\net9.0\Microsoft.AspNetCore.ResponseCaching.dll
                 Private = 'false'
             C:\Users\rm619\.nuget\packages\microsoft.aspnetcore.app.ref\9.0.18\ref\net9.0\Microsoft.AspNetCore.ResponseCompression.dll
                 Private = 'false'
             C:\Users\rm619\.nuget\packages\microsoft.aspnetcore.app.ref\9.0.18\ref\net9.0\Microsoft.AspNetCore.Rewrite.dll
                 Private = 'false'
             C:\Users\rm619\.nuget\packages\microsoft.aspnetcore.app.ref\9.0.18\ref\net9.0\Microsoft.AspNetCore.Routing.Abstractions.dll
                 Private = 'false'
             C:\Users\rm619\.nuget\packages\microsoft.aspnetcore.app.ref\9.0.18\ref\net9.0\Microsoft.AspNetCore.Routing.dll
                 Private = 'false'
             C:\Users\rm619\.nuget\packages\microsoft.aspnetcore.app.ref\9.0.18\ref\net9.0\Microsoft.AspNetCore.Server.HttpSys.dll
                 Private = 'false'
             C:\Users\rm619\.nuget\packages\microsoft.aspnetcore.app.ref\9.0.18\ref\net9.0\Microsoft.AspNetCore.Server.IIS.dll
                 Private = 'false'
             C:\Users\rm619\.nuget\packages\microsoft.aspnetcore.app.ref\9.0.18\ref\net9.0\Microsoft.AspNetCore.Server.IISIntegration.dll
                 Private = 'false'
             C:\Users\rm619\.nuget\packages\microsoft.aspnetcore.app.ref\9.0.18\ref\net9.0\Microsoft.AspNetCore.Server.Kestrel.Core.dll
                 Private = 'false'
             C:\Users\rm619\.nuget\packages\microsoft.aspnetcore.app.ref\9.0.18\ref\net9.0\Microsoft.AspNetCore.Server.Kestrel.Transport.NamedPipes.dll
                 Private = 'false'
             C:\Users\rm619\.nuget\packages\microsoft.aspnetcore.app.ref\9.0.18\ref\net9.0\Microsoft.AspNetCore.Server.Kestrel.Transport.Quic.dll
                 Private = 'false'
             C:\Users\rm619\.nuget\packages\microsoft.aspnetcore.app.ref\9.0.18\ref\net9.0\Microsoft.AspNetCore.Server.Kestrel.Transport.Sockets.dll
                 Private = 'false'
             C:\Users\rm619\.nuget\packages\microsoft.aspnetcore.app.ref\9.0.18\ref\net9.0\Microsoft.AspNetCore.Server.Kestrel.dll
                 Private = 'false'
             C:\Users\rm619\.nuget\packages\microsoft.aspnetcore.app.ref\9.0.18\ref\net9.0\Microsoft.AspNetCore.Session.dll
                 Private = 'false'
             C:\Users\rm619\.nuget\packages\microsoft.aspnetcore.app.ref\9.0.18\ref\net9.0\Microsoft.AspNetCore.SignalR.Common.dll
                 Private = 'false'
             C:\Users\rm619\.nuget\packages\microsoft.aspnetcore.app.ref\9.0.18\ref\net9.0\Microsoft.AspNetCore.SignalR.Core.dll
                 Private = 'false'
             C:\Users\rm619\.nuget\packages\microsoft.aspnetcore.app.ref\9.0.18\ref\net9.0\Microsoft.AspNetCore.SignalR.Protocols.Json.dll
                 Private = 'false'
             C:\Users\rm619\.nuget\packages\microsoft.aspnetcore.app.ref\9.0.18\ref\net9.0\Microsoft.AspNetCore.SignalR.dll
                 Private = 'false'
             C:\Users\rm619\.nuget\packages\microsoft.aspnetcore.app.ref\9.0.18\ref\net9.0\Microsoft.AspNetCore.StaticAssets.dll
                 Private = 'false'
             C:\Users\rm619\.nuget\packages\microsoft.aspnetcore.app.ref\9.0.18\ref\net9.0\Microsoft.AspNetCore.StaticFiles.dll
                 Private = 'false'
             C:\Users\rm619\.nuget\packages\microsoft.aspnetcore.app.ref\9.0.18\ref\net9.0\Microsoft.AspNetCore.WebSockets.dll
                 Private = 'false'
             C:\Users\rm619\.nuget\packages\microsoft.aspnetcore.app.ref\9.0.18\ref\net9.0\Microsoft.AspNetCore.WebUtilities.dll
                 Private = 'false'
             C:\Users\rm619\.nuget\packages\microsoft.aspnetcore.app.ref\9.0.18\ref\net9.0\Microsoft.AspNetCore.dll
                 Private = 'false'
             C:\Users\rm619\.nuget\packages\microsoft.aspnetcore.app.ref\9.0.18\ref\net9.0\Microsoft.Extensions.Caching.Abstractions.dll
                 Private = 'false'
             C:\Users\rm619\.nuget\packages\microsoft.aspnetcore.app.ref\9.0.18\ref\net9.0\Microsoft.Extensions.Caching.Memory.dll
                 Private = 'false'
             C:\Users\rm619\.nuget\packages\microsoft.aspnetcore.app.ref\9.0.18\ref\net9.0\Microsoft.Extensions.Configuration.Abstractions.dll
                 Private = 'false'
             C:\Users\rm619\.nuget\packages\microsoft.aspnetcore.app.ref\9.0.18\ref\net9.0\Microsoft.Extensions.Configuration.Binder.dll
                 Private = 'false'
             C:\Users\rm619\.nuget\packages\microsoft.aspnetcore.app.ref\9.0.18\ref\net9.0\Microsoft.Extensions.Configuration.CommandLine.dll
                 Private = 'false'
             C:\Users\rm619\.nuget\packages\microsoft.aspnetcore.app.ref\9.0.18\ref\net9.0\Microsoft.Extensions.Configuration.EnvironmentVariables.dll
                 Private = 'false'
             C:\Users\rm619\.nuget\packages\microsoft.aspnetcore.app.ref\9.0.18\ref\net9.0\Microsoft.Extensions.Configuration.FileExtensions.dll
                 Private = 'false'
             C:\Users\rm619\.nuget\packages\microsoft.aspnetcore.app.ref\9.0.18\ref\net9.0\Microsoft.Extensions.Configuration.Ini.dll
                 Private = 'false'
             C:\Users\rm619\.nuget\packages\microsoft.aspnetcore.app.ref\9.0.18\ref\net9.0\Microsoft.Extensions.Configuration.Json.dll
                 Private = 'false'
             C:\Users\rm619\.nuget\packages\microsoft.aspnetcore.app.ref\9.0.18\ref\net9.0\Microsoft.Extensions.Configuration.KeyPerFile.dll
                 Private = 'false'
             C:\Users\rm619\.nuget\packages\microsoft.aspnetcore.app.ref\9.0.18\ref\net9.0\Microsoft.Extensions.Configuration.UserSecrets.dll
                 Private = 'false'
             C:\Users\rm619\.nuget\packages\microsoft.aspnetcore.app.ref\9.0.18\ref\net9.0\Microsoft.Extensions.Configuration.Xml.dll
                 Private = 'false'
             C:\Users\rm619\.nuget\packages\microsoft.aspnetcore.app.ref\9.0.18\ref\net9.0\Microsoft.Extensions.Configuration.dll
                 Private = 'false'
             C:\Users\rm619\.nuget\packages\microsoft.aspnetcore.app.ref\9.0.18\ref\net9.0\Microsoft.Extensions.DependencyInjection.Abstractions.dll
                 Private = 'false'
             C:\Users\rm619\.nuget\packages\microsoft.aspnetcore.app.ref\9.0.18\ref\net9.0\Microsoft.Extensions.DependencyInjection.dll
                 Private = 'false'
             C:\Users\rm619\.nuget\packages\microsoft.aspnetcore.app.ref\9.0.18\ref\net9.0\Microsoft.Extensions.Diagnostics.Abstractions.dll
                 Private = 'false'
             C:\Users\rm619\.nuget\packages\microsoft.aspnetcore.app.ref\9.0.18\ref\net9.0\Microsoft.Extensions.Diagnostics.HealthChecks.Abstractions.dll
                 Private = 'false'
             C:\Users\rm619\.nuget\packages\microsoft.aspnetcore.app.ref\9.0.18\ref\net9.0\Microsoft.Extensions.Diagnostics.HealthChecks.dll
                 Private = 'false'
             C:\Users\rm619\.nuget\packages\microsoft.aspnetcore.app.ref\9.0.18\ref\net9.0\Microsoft.Extensions.Diagnostics.dll
                 Private = 'false'
             C:\Users\rm619\.nuget\packages\microsoft.aspnetcore.app.ref\9.0.18\ref\net9.0\Microsoft.Extensions.Features.dll
                 Private = 'false'
             C:\Users\rm619\.nuget\packages\microsoft.aspnetcore.app.ref\9.0.18\ref\net9.0\Microsoft.Extensions.FileProviders.Abstractions.dll
                 Private = 'false'
             C:\Users\rm619\.nuget\packages\microsoft.aspnetcore.app.ref\9.0.18\ref\net9.0\Microsoft.Extensions.FileProviders.Composite.dll
                 Private = 'false'
             C:\Users\rm619\.nuget\packages\microsoft.aspnetcore.app.ref\9.0.18\ref\net9.0\Microsoft.Extensions.FileProviders.Embedded.dll
                 Private = 'false'
             C:\Users\rm619\.nuget\packages\microsoft.aspnetcore.app.ref\9.0.18\ref\net9.0\Microsoft.Extensions.FileProviders.Physical.dll
                 Private = 'false'
             C:\Users\rm619\.nuget\packages\microsoft.aspnetcore.app.ref\9.0.18\ref\net9.0\Microsoft.Extensions.FileSystemGlobbing.dll
                 Private = 'false'
             C:\Users\rm619\.nuget\packages\microsoft.aspnetcore.app.ref\9.0.18\ref\net9.0\Microsoft.Extensions.Hosting.Abstractions.dll
                 Private = 'false'
             C:\Users\rm619\.nuget\packages\microsoft.aspnetcore.app.ref\9.0.18\ref\net9.0\Microsoft.Extensions.Hosting.dll
                 Private = 'false'
             C:\Users\rm619\.nuget\packages\microsoft.aspnetcore.app.ref\9.0.18\ref\net9.0\Microsoft.Extensions.Http.dll
                 Private = 'false'
             C:\Users\rm619\.nuget\packages\microsoft.aspnetcore.app.ref\9.0.18\ref\net9.0\Microsoft.Extensions.Identity.Core.dll
                 Private = 'false'
             C:\Users\rm619\.nuget\packages\microsoft.aspnetcore.app.ref\9.0.18\ref\net9.0\Microsoft.Extensions.Identity.Stores.dll
                 Private = 'false'
             C:\Users\rm619\.nuget\packages\microsoft.aspnetcore.app.ref\9.0.18\ref\net9.0\Microsoft.Extensions.Localization.Abstractions.dll
                 Private = 'false'
             C:\Users\rm619\.nuget\packages\microsoft.aspnetcore.app.ref\9.0.18\ref\net9.0\Microsoft.Extensions.Localization.dll
                 Private = 'false'
             C:\Users\rm619\.nuget\packages\microsoft.aspnetcore.app.ref\9.0.18\ref\net9.0\Microsoft.Extensions.Logging.Abstractions.dll
                 Private = 'false'
             C:\Users\rm619\.nuget\packages\microsoft.aspnetcore.app.ref\9.0.18\ref\net9.0\Microsoft.Extensions.Logging.Configuration.dll
                 Private = 'false'
             C:\Users\rm619\.nuget\packages\microsoft.aspnetcore.app.ref\9.0.18\ref\net9.0\Microsoft.Extensions.Logging.Console.dll
                 Private = 'false'
             C:\Users\rm619\.nuget\packages\microsoft.aspnetcore.app.ref\9.0.18\ref\net9.0\Microsoft.Extensions.Logging.Debug.dll
                 Private = 'false'
             C:\Users\rm619\.nuget\packages\microsoft.aspnetcore.app.ref\9.0.18\ref\net9.0\Microsoft.Extensions.Logging.EventLog.dll
                 Private = 'false'
             C:\Users\rm619\.nuget\packages\microsoft.aspnetcore.app.ref\9.0.18\ref\net9.0\Microsoft.Extensions.Logging.EventSource.dll
                 Private = 'false'
             C:\Users\rm619\.nuget\packages\microsoft.aspnetcore.app.ref\9.0.18\ref\net9.0\Microsoft.Extensions.Logging.TraceSource.dll
                 Private = 'false'
             C:\Users\rm619\.nuget\packages\microsoft.aspnetcore.app.ref\9.0.18\ref\net9.0\Microsoft.Extensions.Logging.dll
                 Private = 'false'
             C:\Users\rm619\.nuget\packages\microsoft.aspnetcore.app.ref\9.0.18\ref\net9.0\Microsoft.Extensions.ObjectPool.dll
                 Private = 'false'
             C:\Users\rm619\.nuget\packages\microsoft.aspnetcore.app.ref\9.0.18\ref\net9.0\Microsoft.Extensions.Options.ConfigurationExtensions.dll
                 Private = 'false'
             C:\Users\rm619\.nuget\packages\microsoft.aspnetcore.app.ref\9.0.18\ref\net9.0\Microsoft.Extensions.Options.DataAnnotations.dll
                 Private = 'false'
             C:\Users\rm619\.nuget\packages\microsoft.aspnetcore.app.ref\9.0.18\ref\net9.0\Microsoft.Extensions.Options.dll
                 Private = 'false'
             C:\Users\rm619\.nuget\packages\microsoft.aspnetcore.app.ref\9.0.18\ref\net9.0\Microsoft.Extensions.Primitives.dll
                 Private = 'false'
             C:\Users\rm619\.nuget\packages\microsoft.aspnetcore.app.ref\9.0.18\ref\net9.0\Microsoft.Extensions.WebEncoders.dll
                 Private = 'false'
             C:\Users\rm619\.nuget\packages\microsoft.aspnetcore.app.ref\9.0.18\ref\net9.0\Microsoft.JSInterop.dll
                 Private = 'false'
             C:\Users\rm619\.nuget\packages\microsoft.aspnetcore.app.ref\9.0.18\ref\net9.0\Microsoft.Net.Http.Headers.dll
                 Private = 'false'
             C:\Users\rm619\.nuget\packages\microsoft.aspnetcore.app.ref\9.0.18\ref\net9.0\System.Diagnostics.EventLog.dll
                 Private = 'false'
             C:\Users\rm619\.nuget\packages\microsoft.aspnetcore.app.ref\9.0.18\ref\net9.0\System.Security.Cryptography.Xml.dll
                 Private = 'false'
             C:\Users\rm619\.nuget\packages\microsoft.aspnetcore.app.ref\9.0.18\ref\net9.0\System.Threading.RateLimiting.dll
                 Private = 'false'
         AssemblyFiles:
         CandidateAssemblyFiles:
         TargetFrameworkDirectories:
             
         NonCultureResourceDirectories:
             
         InstalledAssemblyTables:
         IgnoreInstalledAssemblyTable:
             False
         SearchPaths:
             {CandidateAssemblyFiles}
             {HintPathFromItem}
             {TargetFrameworkDirectory}
             {RawFileName}
         AllowedAssemblyExtensions:
             .winmd
             .dll
             .exe
         AllowedRelatedFileExtensions:
             .pdb
             .xml
             .pri
             .dll.config
             .exe.config
         AppConfigFile:
             
         AutoUnify:
             True
         EnableCustomCulture:
             False
         EnableCustomCulture:
             False
         CopyLocalDependenciesWhenParentReferenceInGac:
             True
         FindDependencies:
             True
         TargetProcessorArchitecture:
             msil
         StateFile:
             obj\Debug\net9.0\ERP.Api.csproj.AssemblyReference.cache
         InstalledAssemblySubsetTables:
         IgnoreInstalledAssemblySubsetTable:
             False
         TargetFrameworkSubsets:
         FullTargetFrameworkSubsetNames:
             Full
         ProfileName:
             
         FullFrameworkFolders:
         LatestTargetFrameworkDirectories:
         ProfileTablesLocation:
         Referencia principal "Azure.Core, Version=1.38.0.0, Culture=neutral, PublicKeyToken=92742159e12e44c8".
             La ruta de acceso del archivo resuelta es "C:\Users\rm619\.nuget\packages\azure.core\1.38.0\lib\net6.0\Azure.Core.dll".
             Se encontró una referencia en la ubicación de ruta de acceso de búsqueda "{HintPathFromItem}".
             Esta referencia no es "CopyLocal" porque existe al menos un elemento de origen con "Private" establecido en "false" y ningún elemento de origen con "Private" establecido en "true".
         Referencia principal "Azure.Identity, Version=1.11.4.0, Culture=neutral, PublicKeyToken=92742159e12e44c8".
             La ruta de acceso del archivo resuelta es "C:\Users\rm619\.nuget\packages\azure.identity\1.11.4\lib\netstandard2.0\Azure.Identity.dll".
             Se encontró una referencia en la ubicación de ruta de acceso de búsqueda "{HintPathFromItem}".
             Esta referencia no es "CopyLocal" porque existe al menos un elemento de origen con "Private" establecido en "false" y ningún elemento de origen con "Private" establecido en "true".
         Referencia principal "BCrypt-Net-Next, Version=4.2.0.0, Culture=neutral, PublicKeyToken=1e11be04b6288443".
             La ruta de acceso del archivo resuelta es "C:\Users\rm619\.nuget\packages\bcrypt.net-next\4.2.0\lib\netstandard2.1\BCrypt-Net-Next.dll".
             Se encontró una referencia en la ubicación de ruta de acceso de búsqueda "{HintPathFromItem}".
             Esta referencia no es "CopyLocal" porque existe al menos un elemento de origen con "Private" establecido en "false" y ningún elemento de origen con "Private" establecido en "true".
         Referencia principal "Microsoft.AspNetCore.Authentication.JwtBearer, Version=9.0.19.0, Culture=neutral, PublicKeyToken=adb9793829ddae60".
             La ruta de acceso del archivo resuelta es "C:\Users\rm619\.nuget\packages\microsoft.aspnetcore.authentication.jwtbearer\9.0.19\lib\net9.0\Microsoft.AspNetCore.Authentication.JwtBearer.dll".
             Se encontró una referencia en la ubicación de ruta de acceso de búsqueda "{HintPathFromItem}".
             Esta referencia no es "CopyLocal" porque existe al menos un elemento de origen con "Private" establecido en "false" y ningún elemento de origen con "Private" establecido en "true".
         Referencia principal "Microsoft.Bcl.AsyncInterfaces, Version=7.0.0.0, Culture=neutral, PublicKeyToken=cc7b13ffcd2ddd51".
             La ruta de acceso del archivo resuelta es "C:\Users\rm619\.nuget\packages\microsoft.bcl.asyncinterfaces\7.0.0\lib\netstandard2.1\Microsoft.Bcl.AsyncInterfaces.dll".
             Se encontró una referencia en la ubicación de ruta de acceso de búsqueda "{HintPathFromItem}".
             Esta referencia no es "CopyLocal" porque existe al menos un elemento de origen con "Private" establecido en "false" y ningún elemento de origen con "Private" establecido en "true".
         Referencia principal "Microsoft.Bcl.Cryptography, Version=10.0.0.2, Culture=neutral, PublicKeyToken=cc7b13ffcd2ddd51".
             La ruta de acceso del archivo resuelta es "C:\Users\rm619\.nuget\packages\microsoft.bcl.cryptography\10.0.2\lib\net9.0\Microsoft.Bcl.Cryptography.dll".
             Se encontró una referencia en la ubicación de ruta de acceso de búsqueda "{HintPathFromItem}".
             Esta referencia no es "CopyLocal" porque existe al menos un elemento de origen con "Private" establecido en "false" y ningún elemento de origen con "Private" establecido en "true".
         Referencia principal "Microsoft.Data.SqlClient, Version=5.0.0.0, Culture=neutral, PublicKeyToken=23ec7fc2d6eaa4a5".
             La ruta de acceso del archivo resuelta es "C:\Users\rm619\.nuget\packages\microsoft.data.sqlclient\5.1.6\ref\net6.0\Microsoft.Data.SqlClient.dll".
             Se encontró una referencia en la ubicación de ruta de acceso de búsqueda "{HintPathFromItem}".
             Esta referencia no es "CopyLocal" porque existe al menos un elemento de origen con "Private" establecido en "false" y ningún elemento de origen con "Private" establecido en "true".
         Referencia principal "Microsoft.EntityFrameworkCore, Version=9.0.10.0, Culture=neutral, PublicKeyToken=adb9793829ddae60".
             La ruta de acceso del archivo resuelta es "C:\Users\rm619\.nuget\packages\microsoft.entityframeworkcore\9.0.10\lib\net8.0\Microsoft.EntityFrameworkCore.dll".
             Se encontró una referencia en la ubicación de ruta de acceso de búsqueda "{HintPathFromItem}".
             Esta referencia no es "CopyLocal" porque existe al menos un elemento de origen con "Private" establecido en "false" y ningún elemento de origen con "Private" establecido en "true".
         Referencia principal "Microsoft.EntityFrameworkCore.Abstractions, Version=9.0.10.0, Culture=neutral, PublicKeyToken=adb9793829ddae60".
             La ruta de acceso del archivo resuelta es "C:\Users\rm619\.nuget\packages\microsoft.entityframeworkcore.abstractions\9.0.10\lib\net8.0\Microsoft.EntityFrameworkCore.Abstractions.dll".
             Se encontró una referencia en la ubicación de ruta de acceso de búsqueda "{HintPathFromItem}".
             Esta referencia no es "CopyLocal" porque existe al menos un elemento de origen con "Private" establecido en "false" y ningún elemento de origen con "Private" establecido en "true".
         Referencia principal "Microsoft.EntityFrameworkCore.Relational, Version=9.0.10.0, Culture=neutral, PublicKeyToken=adb9793829ddae60".
             La ruta de acceso del archivo resuelta es "C:\Users\rm619\.nuget\packages\microsoft.entityframeworkcore.relational\9.0.10\lib\net8.0\Microsoft.EntityFrameworkCore.Relational.dll".
             Se encontró una referencia en la ubicación de ruta de acceso de búsqueda "{HintPathFromItem}".
             Esta referencia no es "CopyLocal" porque existe al menos un elemento de origen con "Private" establecido en "false" y ningún elemento de origen con "Private" establecido en "true".
         Referencia principal "Microsoft.EntityFrameworkCore.SqlServer, Version=9.0.10.0, Culture=neutral, PublicKeyToken=adb9793829ddae60".
             La ruta de acceso del archivo resuelta es "C:\Users\rm619\.nuget\packages\microsoft.entityframeworkcore.sqlserver\9.0.10\lib\net8.0\Microsoft.EntityFrameworkCore.SqlServer.dll".
             Se encontró una referencia en la ubicación de ruta de acceso de búsqueda "{HintPathFromItem}".
             Esta referencia no es "CopyLocal" porque existe al menos un elemento de origen con "Private" establecido en "false" y ningún elemento de origen con "Private" establecido en "true".
         Referencia principal "Microsoft.Identity.Client, Version=4.61.3.0, Culture=neutral, PublicKeyToken=0a613f4dd989e8ae".
             La ruta de acceso del archivo resuelta es "C:\Users\rm619\.nuget\packages\microsoft.identity.client\4.61.3\lib\net6.0\Microsoft.Identity.Client.dll".
             Se encontró una referencia en la ubicación de ruta de acceso de búsqueda "{HintPathFromItem}".
             Esta referencia no es "CopyLocal" porque existe al menos un elemento de origen con "Private" establecido en "false" y ningún elemento de origen con "Private" establecido en "true".
         Referencia principal "Microsoft.Identity.Client.Extensions.Msal, Version=4.61.3.0, Culture=neutral, PublicKeyToken=0a613f4dd989e8ae".
             La ruta de acceso del archivo resuelta es "C:\Users\rm619\.nuget\packages\microsoft.identity.client.extensions.msal\4.61.3\lib\net6.0\Microsoft.Identity.Client.Extensions.Msal.dll".
             Se encontró una referencia en la ubicación de ruta de acceso de búsqueda "{HintPathFromItem}".
             Esta referencia no es "CopyLocal" porque existe al menos un elemento de origen con "Private" establecido en "false" y ningún elemento de origen con "Private" establecido en "true".
         Referencia principal "Microsoft.IdentityModel.Abstractions, Version=8.19.2.0, Culture=neutral, PublicKeyToken=31bf3856ad364e35".
             La ruta de acceso del archivo resuelta es "C:\Users\rm619\.nuget\packages\microsoft.identitymodel.abstractions\8.19.2\lib\net9.0\Microsoft.IdentityModel.Abstractions.dll".
             Se encontró una referencia en la ubicación de ruta de acceso de búsqueda "{HintPathFromItem}".
             Esta referencia no es "CopyLocal" porque existe al menos un elemento de origen con "Private" establecido en "false" y ningún elemento de origen con "Private" establecido en "true".
         Referencia principal "Microsoft.IdentityModel.JsonWebTokens, Version=8.19.2.0, Culture=neutral, PublicKeyToken=31bf3856ad364e35".
             La ruta de acceso del archivo resuelta es "C:\Users\rm619\.nuget\packages\microsoft.identitymodel.jsonwebtokens\8.19.2\lib\net9.0\Microsoft.IdentityModel.JsonWebTokens.dll".
             Se encontró una referencia en la ubicación de ruta de acceso de búsqueda "{HintPathFromItem}".
             Esta referencia no es "CopyLocal" porque existe al menos un elemento de origen con "Private" establecido en "false" y ningún elemento de origen con "Private" establecido en "true".
         Referencia principal "Microsoft.IdentityModel.Logging, Version=8.19.2.0, Culture=neutral, PublicKeyToken=31bf3856ad364e35".
             La ruta de acceso del archivo resuelta es "C:\Users\rm619\.nuget\packages\microsoft.identitymodel.logging\8.19.2\lib\net9.0\Microsoft.IdentityModel.Logging.dll".
             Se encontró una referencia en la ubicación de ruta de acceso de búsqueda "{HintPathFromItem}".
             Esta referencia no es "CopyLocal" porque existe al menos un elemento de origen con "Private" establecido en "false" y ningún elemento de origen con "Private" establecido en "true".
         Referencia principal "Microsoft.IdentityModel.Protocols, Version=8.19.2.0, Culture=neutral, PublicKeyToken=31bf3856ad364e35".
             La ruta de acceso del archivo resuelta es "C:\Users\rm619\.nuget\packages\microsoft.identitymodel.protocols\8.19.2\lib\net9.0\Microsoft.IdentityModel.Protocols.dll".
             Se encontró una referencia en la ubicación de ruta de acceso de búsqueda "{HintPathFromItem}".
             Esta referencia no es "CopyLocal" porque existe al menos un elemento de origen con "Private" establecido en "false" y ningún elemento de origen con "Private" establecido en "true".
         Referencia principal "Microsoft.IdentityModel.Protocols.OpenIdConnect, Version=8.19.2.0, Culture=neutral, PublicKeyToken=31bf3856ad364e35".
             La ruta de acceso del archivo resuelta es "C:\Users\rm619\.nuget\packages\microsoft.identitymodel.protocols.openidconnect\8.19.2\lib\net9.0\Microsoft.IdentityModel.Protocols.OpenIdConnect.dll".
             Se encontró una referencia en la ubicación de ruta de acceso de búsqueda "{HintPathFromItem}".
             Esta referencia no es "CopyLocal" porque existe al menos un elemento de origen con "Private" establecido en "false" y ningún elemento de origen con "Private" establecido en "true".
         Referencia principal "Microsoft.IdentityModel.Tokens, Version=8.19.2.0, Culture=neutral, PublicKeyToken=31bf3856ad364e35".
             La ruta de acceso del archivo resuelta es "C:\Users\rm619\.nuget\packages\microsoft.identitymodel.tokens\8.19.2\lib\net9.0\Microsoft.IdentityModel.Tokens.dll".
             Se encontró una referencia en la ubicación de ruta de acceso de búsqueda "{HintPathFromItem}".
             Esta referencia no es "CopyLocal" porque existe al menos un elemento de origen con "Private" establecido en "false" y ningún elemento de origen con "Private" establecido en "true".
         Referencia principal "Microsoft.OpenApi, Version=1.6.23.0, Culture=neutral, PublicKeyToken=3f5743946376f042".
             La ruta de acceso del archivo resuelta es "C:\Users\rm619\.nuget\packages\microsoft.openapi\1.6.23\lib\netstandard2.0\Microsoft.OpenApi.dll".
             Se encontró una referencia en la ubicación de ruta de acceso de búsqueda "{HintPathFromItem}".
             Esta referencia no es "CopyLocal" porque existe al menos un elemento de origen con "Private" establecido en "false" y ningún elemento de origen con "Private" establecido en "true".
         Referencia principal "Microsoft.SqlServer.Server, Version=1.0.0.0, Culture=neutral, PublicKeyToken=23ec7fc2d6eaa4a5".
             La ruta de acceso del archivo resuelta es "C:\Users\rm619\.nuget\packages\microsoft.sqlserver.server\1.0.0\lib\netstandard2.0\Microsoft.SqlServer.Server.dll".
             Se encontró una referencia en la ubicación de ruta de acceso de búsqueda "{HintPathFromItem}".
             Esta referencia no es "CopyLocal" porque existe al menos un elemento de origen con "Private" establecido en "false" y ningún elemento de origen con "Private" establecido en "true".
         Referencia principal "Swashbuckle.AspNetCore.Swagger, Version=8.0.0.0, Culture=neutral, PublicKeyToken=62657d7474907593".
             La ruta de acceso del archivo resuelta es "C:\Users\rm619\.nuget\packages\swashbuckle.aspnetcore.swagger\8.0.0\lib\net9.0\Swashbuckle.AspNetCore.Swagger.dll".
             Se encontró una referencia en la ubicación de ruta de acceso de búsqueda "{HintPathFromItem}".
             Esta referencia no es "CopyLocal" porque existe al menos un elemento de origen con "Private" establecido en "false" y ningún elemento de origen con "Private" establecido en "true".
         Referencia principal "Swashbuckle.AspNetCore.SwaggerGen, Version=8.0.0.0, Culture=neutral, PublicKeyToken=d84d99fb0135530a".
             La ruta de acceso del archivo resuelta es "C:\Users\rm619\.nuget\packages\swashbuckle.aspnetcore.swaggergen\8.0.0\lib\net9.0\Swashbuckle.AspNetCore.SwaggerGen.dll".
             Se encontró una referencia en la ubicación de ruta de acceso de búsqueda "{HintPathFromItem}".
             Esta referencia no es "CopyLocal" porque existe al menos un elemento de origen con "Private" establecido en "false" y ningún elemento de origen con "Private" establecido en "true".
         Referencia principal "Swashbuckle.AspNetCore.SwaggerUI, Version=8.0.0.0, Culture=neutral, PublicKeyToken=4232c99127b3c254".
             La ruta de acceso del archivo resuelta es "C:\Users\rm619\.nuget\packages\swashbuckle.aspnetcore.swaggerui\8.0.0\lib\net9.0\Swashbuckle.AspNetCore.SwaggerUI.dll".
             Se encontró una referencia en la ubicación de ruta de acceso de búsqueda "{HintPathFromItem}".
             Esta referencia no es "CopyLocal" porque existe al menos un elemento de origen con "Private" establecido en "false" y ningún elemento de origen con "Private" establecido en "true".
         Referencia principal "System.ClientModel, Version=1.0.0.0, Culture=neutral, PublicKeyToken=92742159e12e44c8".
             La ruta de acceso del archivo resuelta es "C:\Users\rm619\.nuget\packages\system.clientmodel\1.0.0\lib\net6.0\System.ClientModel.dll".
             Se encontró una referencia en la ubicación de ruta de acceso de búsqueda "{HintPathFromItem}".
             Esta referencia no es "CopyLocal" porque existe al menos un elemento de origen con "Private" establecido en "false" y ningún elemento de origen con "Private" establecido en "true".
         Referencia principal "System.IdentityModel.Tokens.Jwt, Version=8.19.2.0, Culture=neutral, PublicKeyToken=31bf3856ad364e35".
             La ruta de acceso del archivo resuelta es "C:\Users\rm619\.nuget\packages\system.identitymodel.tokens.jwt\8.19.2\lib\net9.0\System.IdentityModel.Tokens.Jwt.dll".
             Se encontró una referencia en la ubicación de ruta de acceso de búsqueda "{HintPathFromItem}".
             Esta referencia no es "CopyLocal" porque existe al menos un elemento de origen con "Private" establecido en "false" y ningún elemento de origen con "Private" establecido en "true".
         Referencia principal "System.Memory.Data, Version=1.0.2.0, Culture=neutral, PublicKeyToken=cc7b13ffcd2ddd51".
             La ruta de acceso del archivo resuelta es "C:\Users\rm619\.nuget\packages\system.memory.data\1.0.2\lib\netstandard2.0\System.Memory.Data.dll".
             Se encontró una referencia en la ubicación de ruta de acceso de búsqueda "{HintPathFromItem}".
             Esta referencia no es "CopyLocal" porque existe al menos un elemento de origen con "Private" establecido en "false" y ningún elemento de origen con "Private" establecido en "true".
         Referencia principal "System.Security.Cryptography.ProtectedData, Version=6.0.0.0, Culture=neutral, PublicKeyToken=b03f5f7f11d50a3a".
             La ruta de acceso del archivo resuelta es "C:\Users\rm619\.nuget\packages\system.security.cryptography.protecteddata\6.0.0\lib\net6.0\System.Security.Cryptography.ProtectedData.dll".
             Se encontró una referencia en la ubicación de ruta de acceso de búsqueda "{HintPathFromItem}".
             Esta referencia no es "CopyLocal" porque existe al menos un elemento de origen con "Private" establecido en "false" y ningún elemento de origen con "Private" establecido en "true".
         Referencia principal "Microsoft.CSharp, Version=9.0.0.0, Culture=neutral, PublicKeyToken=b03f5f7f11d50a3a".
             La ruta de acceso del archivo resuelta es "C:\Users\rm619\.nuget\packages\microsoft.netcore.app.ref\9.0.18\ref\net9.0\Microsoft.CSharp.dll".
             Se encontró una referencia en la ubicación de ruta de acceso de búsqueda "{RawFileName}".
             Esta referencia no es "CopyLocal" porque existe al menos un elemento de origen con "Private" establecido en "false" y ningún elemento de origen con "Private" establecido en "true".
         Referencia principal "Microsoft.VisualBasic.Core, Version=14.0.0.0, Culture=neutral, PublicKeyToken=b03f5f7f11d50a3a".
             La ruta de acceso del archivo resuelta es "C:\Users\rm619\.nuget\packages\microsoft.netcore.app.ref\9.0.18\ref\net9.0\Microsoft.VisualBasic.Core.dll".
             Se encontró una referencia en la ubicación de ruta de acceso de búsqueda "{RawFileName}".
             Esta referencia no es "CopyLocal" porque existe al menos un elemento de origen con "Private" establecido en "false" y ningún elemento de origen con "Private" establecido en "true".
         Referencia principal "Microsoft.VisualBasic, Version=10.0.0.0, Culture=neutral, PublicKeyToken=b03f5f7f11d50a3a".
             La ruta de acceso del archivo resuelta es "C:\Users\rm619\.nuget\packages\microsoft.netcore.app.ref\9.0.18\ref\net9.0\Microsoft.VisualBasic.dll".
             Se encontró una referencia en la ubicación de ruta de acceso de búsqueda "{RawFileName}".
             Esta referencia no es "CopyLocal" porque existe al menos un elemento de origen con "Private" establecido en "false" y ningún elemento de origen con "Private" establecido en "true".
         Referencia principal "Microsoft.Win32.Primitives, Version=9.0.0.0, Culture=neutral, PublicKeyToken=b03f5f7f11d50a3a".
             La ruta de acceso del archivo resuelta es "C:\Users\rm619\.nuget\packages\microsoft.netcore.app.ref\9.0.18\ref\net9.0\Microsoft.Win32.Primitives.dll".
             Se encontró una referencia en la ubicación de ruta de acceso de búsqueda "{RawFileName}".
             Esta referencia no es "CopyLocal" porque existe al menos un elemento de origen con "Private" establecido en "false" y ningún elemento de origen con "Private" establecido en "true".
         Referencia principal "Microsoft.Win32.Registry, Version=9.0.0.0, Culture=neutral, PublicKeyToken=b03f5f7f11d50a3a".
             La ruta de acceso del archivo resuelta es "C:\Users\rm619\.nuget\packages\microsoft.netcore.app.ref\9.0.18\ref\net9.0\Microsoft.Win32.Registry.dll".
             Se encontró una referencia en la ubicación de ruta de acceso de búsqueda "{RawFileName}".
             Esta referencia no es "CopyLocal" porque existe al menos un elemento de origen con "Private" establecido en "false" y ningún elemento de origen con "Private" establecido en "true".
         Referencia principal "System.AppContext, Version=9.0.0.0, Culture=neutral, PublicKeyToken=b03f5f7f11d50a3a".
             La ruta de acceso del archivo resuelta es "C:\Users\rm619\.nuget\packages\microsoft.netcore.app.ref\9.0.18\ref\net9.0\System.AppContext.dll".
             Se encontró una referencia en la ubicación de ruta de acceso de búsqueda "{RawFileName}".
             Esta referencia no es "CopyLocal" porque existe al menos un elemento de origen con "Private" establecido en "false" y ningún elemento de origen con "Private" establecido en "true".
         Referencia principal "System.Buffers, Version=9.0.0.0, Culture=neutral, PublicKeyToken=cc7b13ffcd2ddd51".
             La ruta de acceso del archivo resuelta es "C:\Users\rm619\.nuget\packages\microsoft.netcore.app.ref\9.0.18\ref\net9.0\System.Buffers.dll".
             Se encontró una referencia en la ubicación de ruta de acceso de búsqueda "{RawFileName}".
             Esta referencia no es "CopyLocal" porque existe al menos un elemento de origen con "Private" establecido en "false" y ningún elemento de origen con "Private" establecido en "true".
         Referencia principal "System.Collections.Concurrent, Version=9.0.0.0, Culture=neutral, PublicKeyToken=b03f5f7f11d50a3a".
             La ruta de acceso del archivo resuelta es "C:\Users\rm619\.nuget\packages\microsoft.netcore.app.ref\9.0.18\ref\net9.0\System.Collections.Concurrent.dll".
             Se encontró una referencia en la ubicación de ruta de acceso de búsqueda "{RawFileName}".
             Esta referencia no es "CopyLocal" porque existe al menos un elemento de origen con "Private" establecido en "false" y ningún elemento de origen con "Private" establecido en "true".
         Referencia principal "System.Collections.Immutable, Version=9.0.0.0, Culture=neutral, PublicKeyToken=b03f5f7f11d50a3a".
             La ruta de acceso del archivo resuelta es "C:\Users\rm619\.nuget\packages\microsoft.netcore.app.ref\9.0.18\ref\net9.0\System.Collections.Immutable.dll".
             Se encontró una referencia en la ubicación de ruta de acceso de búsqueda "{RawFileName}".
             Esta referencia no es "CopyLocal" porque existe al menos un elemento de origen con "Private" establecido en "false" y ningún elemento de origen con "Private" establecido en "true".
         Referencia principal "System.Collections.NonGeneric, Version=9.0.0.0, Culture=neutral, PublicKeyToken=b03f5f7f11d50a3a".
             La ruta de acceso del archivo resuelta es "C:\Users\rm619\.nuget\packages\microsoft.netcore.app.ref\9.0.18\ref\net9.0\System.Collections.NonGeneric.dll".
             Se encontró una referencia en la ubicación de ruta de acceso de búsqueda "{RawFileName}".
             Esta referencia no es "CopyLocal" porque existe al menos un elemento de origen con "Private" establecido en "false" y ningún elemento de origen con "Private" establecido en "true".
         Referencia principal "System.Collections.Specialized, Version=9.0.0.0, Culture=neutral, PublicKeyToken=b03f5f7f11d50a3a".
             La ruta de acceso del archivo resuelta es "C:\Users\rm619\.nuget\packages\microsoft.netcore.app.ref\9.0.18\ref\net9.0\System.Collections.Specialized.dll".
             Se encontró una referencia en la ubicación de ruta de acceso de búsqueda "{RawFileName}".
             Esta referencia no es "CopyLocal" porque existe al menos un elemento de origen con "Private" establecido en "false" y ningún elemento de origen con "Private" establecido en "true".
         Referencia principal "System.Collections, Version=9.0.0.0, Culture=neutral, PublicKeyToken=b03f5f7f11d50a3a".
             La ruta de acceso del archivo resuelta es "C:\Users\rm619\.nuget\packages\microsoft.netcore.app.ref\9.0.18\ref\net9.0\System.Collections.dll".
             Se encontró una referencia en la ubicación de ruta de acceso de búsqueda "{RawFileName}".
             Esta referencia no es "CopyLocal" porque existe al menos un elemento de origen con "Private" establecido en "false" y ningún elemento de origen con "Private" establecido en "true".
         Referencia principal "System.ComponentModel.Annotations, Version=9.0.0.0, Culture=neutral, PublicKeyToken=b03f5f7f11d50a3a".
             La ruta de acceso del archivo resuelta es "C:\Users\rm619\.nuget\packages\microsoft.netcore.app.ref\9.0.18\ref\net9.0\System.ComponentModel.Annotations.dll".
             Se encontró una referencia en la ubicación de ruta de acceso de búsqueda "{RawFileName}".
             Esta referencia no es "CopyLocal" porque existe al menos un elemento de origen con "Private" establecido en "false" y ningún elemento de origen con "Private" establecido en "true".
         Referencia principal "System.ComponentModel.DataAnnotations, Version=4.0.0.0, Culture=neutral, PublicKeyToken=31bf3856ad364e35".
             La ruta de acceso del archivo resuelta es "C:\Users\rm619\.nuget\packages\microsoft.netcore.app.ref\9.0.18\ref\net9.0\System.ComponentModel.DataAnnotations.dll".
             Se encontró una referencia en la ubicación de ruta de acceso de búsqueda "{RawFileName}".
             Esta referencia no es "CopyLocal" porque existe al menos un elemento de origen con "Private" establecido en "false" y ningún elemento de origen con "Private" establecido en "true".
         Referencia principal "System.ComponentModel.EventBasedAsync, Version=9.0.0.0, Culture=neutral, PublicKeyToken=b03f5f7f11d50a3a".
             La ruta de acceso del archivo resuelta es "C:\Users\rm619\.nuget\packages\microsoft.netcore.app.ref\9.0.18\ref\net9.0\System.ComponentModel.EventBasedAsync.dll".
             Se encontró una referencia en la ubicación de ruta de acceso de búsqueda "{RawFileName}".
             Esta referencia no es "CopyLocal" porque existe al menos un elemento de origen con "Private" establecido en "false" y ningún elemento de origen con "Private" establecido en "true".
         Referencia principal "System.ComponentModel.Primitives, Version=9.0.0.0, Culture=neutral, PublicKeyToken=b03f5f7f11d50a3a".
             La ruta de acceso del archivo resuelta es "C:\Users\rm619\.nuget\packages\microsoft.netcore.app.ref\9.0.18\ref\net9.0\System.ComponentModel.Primitives.dll".
             Se encontró una referencia en la ubicación de ruta de acceso de búsqueda "{RawFileName}".
             Esta referencia no es "CopyLocal" porque existe al menos un elemento de origen con "Private" establecido en "false" y ningún elemento de origen con "Private" establecido en "true".
         Referencia principal "System.ComponentModel.TypeConverter, Version=9.0.0.0, Culture=neutral, PublicKeyToken=b03f5f7f11d50a3a".
             La ruta de acceso del archivo resuelta es "C:\Users\rm619\.nuget\packages\microsoft.netcore.app.ref\9.0.18\ref\net9.0\System.ComponentModel.TypeConverter.dll".
             Se encontró una referencia en la ubicación de ruta de acceso de búsqueda "{RawFileName}".
             Esta referencia no es "CopyLocal" porque existe al menos un elemento de origen con "Private" establecido en "false" y ningún elemento de origen con "Private" establecido en "true".
         Referencia principal "System.ComponentModel, Version=9.0.0.0, Culture=neutral, PublicKeyToken=b03f5f7f11d50a3a".
             La ruta de acceso del archivo resuelta es "C:\Users\rm619\.nuget\packages\microsoft.netcore.app.ref\9.0.18\ref\net9.0\System.ComponentModel.dll".
             Se encontró una referencia en la ubicación de ruta de acceso de búsqueda "{RawFileName}".
             Esta referencia no es "CopyLocal" porque existe al menos un elemento de origen con "Private" establecido en "false" y ningún elemento de origen con "Private" establecido en "true".
         Referencia principal "System.Configuration, Version=4.0.0.0, Culture=neutral, PublicKeyToken=b03f5f7f11d50a3a".
             La ruta de acceso del archivo resuelta es "C:\Users\rm619\.nuget\packages\microsoft.netcore.app.ref\9.0.18\ref\net9.0\System.Configuration.dll".
             Se encontró una referencia en la ubicación de ruta de acceso de búsqueda "{RawFileName}".
             Esta referencia no es "CopyLocal" porque existe al menos un elemento de origen con "Private" establecido en "false" y ningún elemento de origen con "Private" establecido en "true".
         Referencia principal "System.Console, Version=9.0.0.0, Culture=neutral, PublicKeyToken=b03f5f7f11d50a3a".
             La ruta de acceso del archivo resuelta es "C:\Users\rm619\.nuget\packages\microsoft.netcore.app.ref\9.0.18\ref\net9.0\System.Console.dll".
             Se encontró una referencia en la ubicación de ruta de acceso de búsqueda "{RawFileName}".
             Esta referencia no es "CopyLocal" porque existe al menos un elemento de origen con "Private" establecido en "false" y ningún elemento de origen con "Private" establecido en "true".
         Referencia principal "System.Core, Version=4.0.0.0, Culture=neutral, PublicKeyToken=b77a5c561934e089".
             La ruta de acceso del archivo resuelta es "C:\Users\rm619\.nuget\packages\microsoft.netcore.app.ref\9.0.18\ref\net9.0\System.Core.dll".
             Se encontró una referencia en la ubicación de ruta de acceso de búsqueda "{RawFileName}".
             Esta referencia no es "CopyLocal" porque existe al menos un elemento de origen con "Private" establecido en "false" y ningún elemento de origen con "Private" establecido en "true".
         Referencia principal "System.Data.Common, Version=9.0.0.0, Culture=neutral, PublicKeyToken=b03f5f7f11d50a3a".
             La ruta de acceso del archivo resuelta es "C:\Users\rm619\.nuget\packages\microsoft.netcore.app.ref\9.0.18\ref\net9.0\System.Data.Common.dll".
             Se encontró una referencia en la ubicación de ruta de acceso de búsqueda "{RawFileName}".
             Esta referencia no es "CopyLocal" porque existe al menos un elemento de origen con "Private" establecido en "false" y ningún elemento de origen con "Private" establecido en "true".
         Referencia principal "System.Data.DataSetExtensions, Version=9.0.0.0, Culture=neutral, PublicKeyToken=b77a5c561934e089".
             La ruta de acceso del archivo resuelta es "C:\Users\rm619\.nuget\packages\microsoft.netcore.app.ref\9.0.18\ref\net9.0\System.Data.DataSetExtensions.dll".
             Se encontró una referencia en la ubicación de ruta de acceso de búsqueda "{RawFileName}".
             Esta referencia no es "CopyLocal" porque existe al menos un elemento de origen con "Private" establecido en "false" y ningún elemento de origen con "Private" establecido en "true".
         Referencia principal "System.Data, Version=4.0.0.0, Culture=neutral, PublicKeyToken=b77a5c561934e089".
             La ruta de acceso del archivo resuelta es "C:\Users\rm619\.nuget\packages\microsoft.netcore.app.ref\9.0.18\ref\net9.0\System.Data.dll".
             Se encontró una referencia en la ubicación de ruta de acceso de búsqueda "{RawFileName}".
             Esta referencia no es "CopyLocal" porque existe al menos un elemento de origen con "Private" establecido en "false" y ningún elemento de origen con "Private" establecido en "true".
         Referencia principal "System.Diagnostics.Contracts, Version=9.0.0.0, Culture=neutral, PublicKeyToken=b03f5f7f11d50a3a".
             La ruta de acceso del archivo resuelta es "C:\Users\rm619\.nuget\packages\microsoft.netcore.app.ref\9.0.18\ref\net9.0\System.Diagnostics.Contracts.dll".
             Se encontró una referencia en la ubicación de ruta de acceso de búsqueda "{RawFileName}".
             Esta referencia no es "CopyLocal" porque existe al menos un elemento de origen con "Private" establecido en "false" y ningún elemento de origen con "Private" establecido en "true".
         Referencia principal "System.Diagnostics.Debug, Version=9.0.0.0, Culture=neutral, PublicKeyToken=b03f5f7f11d50a3a".
             La ruta de acceso del archivo resuelta es "C:\Users\rm619\.nuget\packages\microsoft.netcore.app.ref\9.0.18\ref\net9.0\System.Diagnostics.Debug.dll".
             Se encontró una referencia en la ubicación de ruta de acceso de búsqueda "{RawFileName}".
             Esta referencia no es "CopyLocal" porque existe al menos un elemento de origen con "Private" establecido en "false" y ningún elemento de origen con "Private" establecido en "true".
         Referencia principal "System.Diagnostics.DiagnosticSource, Version=9.0.0.0, Culture=neutral, PublicKeyToken=cc7b13ffcd2ddd51".
             La ruta de acceso del archivo resuelta es "C:\Users\rm619\.nuget\packages\microsoft.netcore.app.ref\9.0.18\ref\net9.0\System.Diagnostics.DiagnosticSource.dll".
             Se encontró una referencia en la ubicación de ruta de acceso de búsqueda "{RawFileName}".
             Esta referencia no es "CopyLocal" porque existe al menos un elemento de origen con "Private" establecido en "false" y ningún elemento de origen con "Private" establecido en "true".
         Referencia principal "System.Diagnostics.FileVersionInfo, Version=9.0.0.0, Culture=neutral, PublicKeyToken=b03f5f7f11d50a3a".
             La ruta de acceso del archivo resuelta es "C:\Users\rm619\.nuget\packages\microsoft.netcore.app.ref\9.0.18\ref\net9.0\System.Diagnostics.FileVersionInfo.dll".
             Se encontró una referencia en la ubicación de ruta de acceso de búsqueda "{RawFileName}".
             Esta referencia no es "CopyLocal" porque existe al menos un elemento de origen con "Private" establecido en "false" y ningún elemento de origen con "Private" establecido en "true".
         Referencia principal "System.Diagnostics.Process, Version=9.0.0.0, Culture=neutral, PublicKeyToken=b03f5f7f11d50a3a".
             La ruta de acceso del archivo resuelta es "C:\Users\rm619\.nuget\packages\microsoft.netcore.app.ref\9.0.18\ref\net9.0\System.Diagnostics.Process.dll".
             Se encontró una referencia en la ubicación de ruta de acceso de búsqueda "{RawFileName}".
             Esta referencia no es "CopyLocal" porque existe al menos un elemento de origen con "Private" establecido en "false" y ningún elemento de origen con "Private" establecido en "true".
         Referencia principal "System.Diagnostics.StackTrace, Version=9.0.0.0, Culture=neutral, PublicKeyToken=b03f5f7f11d50a3a".
             La ruta de acceso del archivo resuelta es "C:\Users\rm619\.nuget\packages\microsoft.netcore.app.ref\9.0.18\ref\net9.0\System.Diagnostics.StackTrace.dll".
             Se encontró una referencia en la ubicación de ruta de acceso de búsqueda "{RawFileName}".
             Esta referencia no es "CopyLocal" porque existe al menos un elemento de origen con "Private" establecido en "false" y ningún elemento de origen con "Private" establecido en "true".
         Referencia principal "System.Diagnostics.TextWriterTraceListener, Version=9.0.0.0, Culture=neutral, PublicKeyToken=b03f5f7f11d50a3a".
             La ruta de acceso del archivo resuelta es "C:\Users\rm619\.nuget\packages\microsoft.netcore.app.ref\9.0.18\ref\net9.0\System.Diagnostics.TextWriterTraceListener.dll".
             Se encontró una referencia en la ubicación de ruta de acceso de búsqueda "{RawFileName}".
             Esta referencia no es "CopyLocal" porque existe al menos un elemento de origen con "Private" establecido en "false" y ningún elemento de origen con "Private" establecido en "true".
         Referencia principal "System.Diagnostics.Tools, Version=9.0.0.0, Culture=neutral, PublicKeyToken=b03f5f7f11d50a3a".
             La ruta de acceso del archivo resuelta es "C:\Users\rm619\.nuget\packages\microsoft.netcore.app.ref\9.0.18\ref\net9.0\System.Diagnostics.Tools.dll".
             Se encontró una referencia en la ubicación de ruta de acceso de búsqueda "{RawFileName}".
             Esta referencia no es "CopyLocal" porque existe al menos un elemento de origen con "Private" establecido en "false" y ningún elemento de origen con "Private" establecido en "true".
         Referencia principal "System.Diagnostics.TraceSource, Version=9.0.0.0, Culture=neutral, PublicKeyToken=b03f5f7f11d50a3a".
             La ruta de acceso del archivo resuelta es "C:\Users\rm619\.nuget\packages\microsoft.netcore.app.ref\9.0.18\ref\net9.0\System.Diagnostics.TraceSource.dll".
             Se encontró una referencia en la ubicación de ruta de acceso de búsqueda "{RawFileName}".
             Esta referencia no es "CopyLocal" porque existe al menos un elemento de origen con "Private" establecido en "false" y ningún elemento de origen con "Private" establecido en "true".
         Referencia principal "System.Diagnostics.Tracing, Version=9.0.0.0, Culture=neutral, PublicKeyToken=b03f5f7f11d50a3a".
             La ruta de acceso del archivo resuelta es "C:\Users\rm619\.nuget\packages\microsoft.netcore.app.ref\9.0.18\ref\net9.0\System.Diagnostics.Tracing.dll".
             Se encontró una referencia en la ubicación de ruta de acceso de búsqueda "{RawFileName}".
             Esta referencia no es "CopyLocal" porque existe al menos un elemento de origen con "Private" establecido en "false" y ningún elemento de origen con "Private" establecido en "true".
         Referencia principal "System.Drawing.Primitives, Version=9.0.0.0, Culture=neutral, PublicKeyToken=b03f5f7f11d50a3a".
             La ruta de acceso del archivo resuelta es "C:\Users\rm619\.nuget\packages\microsoft.netcore.app.ref\9.0.18\ref\net9.0\System.Drawing.Primitives.dll".
             Se encontró una referencia en la ubicación de ruta de acceso de búsqueda "{RawFileName}".
             Esta referencia no es "CopyLocal" porque existe al menos un elemento de origen con "Private" establecido en "false" y ningún elemento de origen con "Private" establecido en "true".
         Referencia principal "System.Drawing, Version=4.0.0.0, Culture=neutral, PublicKeyToken=b03f5f7f11d50a3a".
             La ruta de acceso del archivo resuelta es "C:\Users\rm619\.nuget\packages\microsoft.netcore.app.ref\9.0.18\ref\net9.0\System.Drawing.dll".
             Se encontró una referencia en la ubicación de ruta de acceso de búsqueda "{RawFileName}".
             Esta referencia no es "CopyLocal" porque existe al menos un elemento de origen con "Private" establecido en "false" y ningún elemento de origen con "Private" establecido en "true".
         Referencia principal "System.Dynamic.Runtime, Version=9.0.0.0, Culture=neutral, PublicKeyToken=b03f5f7f11d50a3a".
             La ruta de acceso del archivo resuelta es "C:\Users\rm619\.nuget\packages\microsoft.netcore.app.ref\9.0.18\ref\net9.0\System.Dynamic.Runtime.dll".
             Se encontró una referencia en la ubicación de ruta de acceso de búsqueda "{RawFileName}".
             Esta referencia no es "CopyLocal" porque existe al menos un elemento de origen con "Private" establecido en "false" y ningún elemento de origen con "Private" establecido en "true".
         Referencia principal "System.Formats.Asn1, Version=9.0.0.0, Culture=neutral, PublicKeyToken=cc7b13ffcd2ddd51".
             La ruta de acceso del archivo resuelta es "C:\Users\rm619\.nuget\packages\microsoft.netcore.app.ref\9.0.18\ref\net9.0\System.Formats.Asn1.dll".
             Se encontró una referencia en la ubicación de ruta de acceso de búsqueda "{RawFileName}".
             Esta referencia no es "CopyLocal" porque existe al menos un elemento de origen con "Private" establecido en "false" y ningún elemento de origen con "Private" establecido en "true".
         Referencia principal "System.Formats.Tar, Version=9.0.0.0, Culture=neutral, PublicKeyToken=cc7b13ffcd2ddd51".
             La ruta de acceso del archivo resuelta es "C:\Users\rm619\.nuget\packages\microsoft.netcore.app.ref\9.0.18\ref\net9.0\System.Formats.Tar.dll".
             Se encontró una referencia en la ubicación de ruta de acceso de búsqueda "{RawFileName}".
             Esta referencia no es "CopyLocal" porque existe al menos un elemento de origen con "Private" establecido en "false" y ningún elemento de origen con "Private" establecido en "true".
         Referencia principal "System.Globalization.Calendars, Version=9.0.0.0, Culture=neutral, PublicKeyToken=b03f5f7f11d50a3a".
             La ruta de acceso del archivo resuelta es "C:\Users\rm619\.nuget\packages\microsoft.netcore.app.ref\9.0.18\ref\net9.0\System.Globalization.Calendars.dll".
             Se encontró una referencia en la ubicación de ruta de acceso de búsqueda "{RawFileName}".
             Esta referencia no es "CopyLocal" porque existe al menos un elemento de origen con "Private" establecido en "false" y ningún elemento de origen con "Private" establecido en "true".
         Referencia principal "System.Globalization.Extensions, Version=9.0.0.0, Culture=neutral, PublicKeyToken=b03f5f7f11d50a3a".
             La ruta de acceso del archivo resuelta es "C:\Users\rm619\.nuget\packages\microsoft.netcore.app.ref\9.0.18\ref\net9.0\System.Globalization.Extensions.dll".
             Se encontró una referencia en la ubicación de ruta de acceso de búsqueda "{RawFileName}".
             Esta referencia no es "CopyLocal" porque existe al menos un elemento de origen con "Private" establecido en "false" y ningún elemento de origen con "Private" establecido en "true".
         Referencia principal "System.Globalization, Version=9.0.0.0, Culture=neutral, PublicKeyToken=b03f5f7f11d50a3a".
             La ruta de acceso del archivo resuelta es "C:\Users\rm619\.nuget\packages\microsoft.netcore.app.ref\9.0.18\ref\net9.0\System.Globalization.dll".
             Se encontró una referencia en la ubicación de ruta de acceso de búsqueda "{RawFileName}".
             Esta referencia no es "CopyLocal" porque existe al menos un elemento de origen con "Private" establecido en "false" y ningún elemento de origen con "Private" establecido en "true".
         Referencia principal "System.IO.Compression.Brotli, Version=9.0.0.0, Culture=neutral, PublicKeyToken=b77a5c561934e089".
             La ruta de acceso del archivo resuelta es "C:\Users\rm619\.nuget\packages\microsoft.netcore.app.ref\9.0.18\ref\net9.0\System.IO.Compression.Brotli.dll".
             Se encontró una referencia en la ubicación de ruta de acceso de búsqueda "{RawFileName}".
             Esta referencia no es "CopyLocal" porque existe al menos un elemento de origen con "Private" establecido en "false" y ningún elemento de origen con "Private" establecido en "true".
         Referencia principal "System.IO.Compression.FileSystem, Version=4.0.0.0, Culture=neutral, PublicKeyToken=b77a5c561934e089".
             La ruta de acceso del archivo resuelta es "C:\Users\rm619\.nuget\packages\microsoft.netcore.app.ref\9.0.18\ref\net9.0\System.IO.Compression.FileSystem.dll".
             Se encontró una referencia en la ubicación de ruta de acceso de búsqueda "{RawFileName}".
             Esta referencia no es "CopyLocal" porque existe al menos un elemento de origen con "Private" establecido en "false" y ningún elemento de origen con "Private" establecido en "true".
         Referencia principal "System.IO.Compression.ZipFile, Version=9.0.0.0, Culture=neutral, PublicKeyToken=b77a5c561934e089".
             La ruta de acceso del archivo resuelta es "C:\Users\rm619\.nuget\packages\microsoft.netcore.app.ref\9.0.18\ref\net9.0\System.IO.Compression.ZipFile.dll".
             Se encontró una referencia en la ubicación de ruta de acceso de búsqueda "{RawFileName}".
             Esta referencia no es "CopyLocal" porque existe al menos un elemento de origen con "Private" establecido en "false" y ningún elemento de origen con "Private" establecido en "true".
         Referencia principal "System.IO.Compression, Version=9.0.0.0, Culture=neutral, PublicKeyToken=b77a5c561934e089".
             La ruta de acceso del archivo resuelta es "C:\Users\rm619\.nuget\packages\microsoft.netcore.app.ref\9.0.18\ref\net9.0\System.IO.Compression.dll".
             Se encontró una referencia en la ubicación de ruta de acceso de búsqueda "{RawFileName}".
             Esta referencia no es "CopyLocal" porque existe al menos un elemento de origen con "Private" establecido en "false" y ningún elemento de origen con "Private" establecido en "true".
         Referencia principal "System.IO.FileSystem.AccessControl, Version=9.0.0.0, Culture=neutral, PublicKeyToken=b03f5f7f11d50a3a".
             La ruta de acceso del archivo resuelta es "C:\Users\rm619\.nuget\packages\microsoft.netcore.app.ref\9.0.18\ref\net9.0\System.IO.FileSystem.AccessControl.dll".
             Se encontró una referencia en la ubicación de ruta de acceso de búsqueda "{RawFileName}".
             Esta referencia no es "CopyLocal" porque existe al menos un elemento de origen con "Private" establecido en "false" y ningún elemento de origen con "Private" establecido en "true".
         Referencia principal "System.IO.FileSystem.DriveInfo, Version=9.0.0.0, Culture=neutral, PublicKeyToken=b03f5f7f11d50a3a".
             La ruta de acceso del archivo resuelta es "C:\Users\rm619\.nuget\packages\microsoft.netcore.app.ref\9.0.18\ref\net9.0\System.IO.FileSystem.DriveInfo.dll".
             Se encontró una referencia en la ubicación de ruta de acceso de búsqueda "{RawFileName}".
             Esta referencia no es "CopyLocal" porque existe al menos un elemento de origen con "Private" establecido en "false" y ningún elemento de origen con "Private" establecido en "true".
         Referencia principal "System.IO.FileSystem.Primitives, Version=9.0.0.0, Culture=neutral, PublicKeyToken=b03f5f7f11d50a3a".
             La ruta de acceso del archivo resuelta es "C:\Users\rm619\.nuget\packages\microsoft.netcore.app.ref\9.0.18\ref\net9.0\System.IO.FileSystem.Primitives.dll".
             Se encontró una referencia en la ubicación de ruta de acceso de búsqueda "{RawFileName}".
             Esta referencia no es "CopyLocal" porque existe al menos un elemento de origen con "Private" establecido en "false" y ningún elemento de origen con "Private" establecido en "true".
         Referencia principal "System.IO.FileSystem.Watcher, Version=9.0.0.0, Culture=neutral, PublicKeyToken=b03f5f7f11d50a3a".
             La ruta de acceso del archivo resuelta es "C:\Users\rm619\.nuget\packages\microsoft.netcore.app.ref\9.0.18\ref\net9.0\System.IO.FileSystem.Watcher.dll".
             Se encontró una referencia en la ubicación de ruta de acceso de búsqueda "{RawFileName}".
             Esta referencia no es "CopyLocal" porque existe al menos un elemento de origen con "Private" establecido en "false" y ningún elemento de origen con "Private" establecido en "true".
         Referencia principal "System.IO.FileSystem, Version=9.0.0.0, Culture=neutral, PublicKeyToken=b03f5f7f11d50a3a".
             La ruta de acceso del archivo resuelta es "C:\Users\rm619\.nuget\packages\microsoft.netcore.app.ref\9.0.18\ref\net9.0\System.IO.FileSystem.dll".
             Se encontró una referencia en la ubicación de ruta de acceso de búsqueda "{RawFileName}".
             Esta referencia no es "CopyLocal" porque existe al menos un elemento de origen con "Private" establecido en "false" y ningún elemento de origen con "Private" establecido en "true".
         Referencia principal "System.IO.IsolatedStorage, Version=9.0.0.0, Culture=neutral, PublicKeyToken=b03f5f7f11d50a3a".
             La ruta de acceso del archivo resuelta es "C:\Users\rm619\.nuget\packages\microsoft.netcore.app.ref\9.0.18\ref\net9.0\System.IO.IsolatedStorage.dll".
             Se encontró una referencia en la ubicación de ruta de acceso de búsqueda "{RawFileName}".
             Esta referencia no es "CopyLocal" porque existe al menos un elemento de origen con "Private" establecido en "false" y ningún elemento de origen con "Private" establecido en "true".
         Referencia principal "System.IO.MemoryMappedFiles, Version=9.0.0.0, Culture=neutral, PublicKeyToken=b03f5f7f11d50a3a".
             La ruta de acceso del archivo resuelta es "C:\Users\rm619\.nuget\packages\microsoft.netcore.app.ref\9.0.18\ref\net9.0\System.IO.MemoryMappedFiles.dll".
             Se encontró una referencia en la ubicación de ruta de acceso de búsqueda "{RawFileName}".
             Esta referencia no es "CopyLocal" porque existe al menos un elemento de origen con "Private" establecido en "false" y ningún elemento de origen con "Private" establecido en "true".
         Referencia principal "System.IO.Pipelines, Version=9.0.0.0, Culture=neutral, PublicKeyToken=cc7b13ffcd2ddd51".
             La ruta de acceso del archivo resuelta es "C:\Users\rm619\.nuget\packages\microsoft.netcore.app.ref\9.0.18\ref\net9.0\System.IO.Pipelines.dll".
             Se encontró una referencia en la ubicación de ruta de acceso de búsqueda "{RawFileName}".
             Esta referencia no es "CopyLocal" porque existe al menos un elemento de origen con "Private" establecido en "false" y ningún elemento de origen con "Private" establecido en "true".
         Referencia principal "System.IO.Pipes.AccessControl, Version=9.0.0.0, Culture=neutral, PublicKeyToken=b03f5f7f11d50a3a".
             La ruta de acceso del archivo resuelta es "C:\Users\rm619\.nuget\packages\microsoft.netcore.app.ref\9.0.18\ref\net9.0\System.IO.Pipes.AccessControl.dll".
             Se encontró una referencia en la ubicación de ruta de acceso de búsqueda "{RawFileName}".
             Esta referencia no es "CopyLocal" porque existe al menos un elemento de origen con "Private" establecido en "false" y ningún elemento de origen con "Private" establecido en "true".
         Referencia principal "System.IO.Pipes, Version=9.0.0.0, Culture=neutral, PublicKeyToken=b03f5f7f11d50a3a".
             La ruta de acceso del archivo resuelta es "C:\Users\rm619\.nuget\packages\microsoft.netcore.app.ref\9.0.18\ref\net9.0\System.IO.Pipes.dll".
             Se encontró una referencia en la ubicación de ruta de acceso de búsqueda "{RawFileName}".
             Esta referencia no es "CopyLocal" porque existe al menos un elemento de origen con "Private" establecido en "false" y ningún elemento de origen con "Private" establecido en "true".
         Referencia principal "System.IO.UnmanagedMemoryStream, Version=9.0.0.0, Culture=neutral, PublicKeyToken=b03f5f7f11d50a3a".
             La ruta de acceso del archivo resuelta es "C:\Users\rm619\.nuget\packages\microsoft.netcore.app.ref\9.0.18\ref\net9.0\System.IO.UnmanagedMemoryStream.dll".
             Se encontró una referencia en la ubicación de ruta de acceso de búsqueda "{RawFileName}".
             Esta referencia no es "CopyLocal" porque existe al menos un elemento de origen con "Private" establecido en "false" y ningún elemento de origen con "Private" establecido en "true".
         Referencia principal "System.IO, Version=9.0.0.0, Culture=neutral, PublicKeyToken=b03f5f7f11d50a3a".
             La ruta de acceso del archivo resuelta es "C:\Users\rm619\.nuget\packages\microsoft.netcore.app.ref\9.0.18\ref\net9.0\System.IO.dll".
             Se encontró una referencia en la ubicación de ruta de acceso de búsqueda "{RawFileName}".
             Esta referencia no es "CopyLocal" porque existe al menos un elemento de origen con "Private" establecido en "false" y ningún elemento de origen con "Private" establecido en "true".
         Referencia principal "System.Linq.Expressions, Version=9.0.0.0, Culture=neutral, PublicKeyToken=b03f5f7f11d50a3a".
             La ruta de acceso del archivo resuelta es "C:\Users\rm619\.nuget\packages\microsoft.netcore.app.ref\9.0.18\ref\net9.0\System.Linq.Expressions.dll".
             Se encontró una referencia en la ubicación de ruta de acceso de búsqueda "{RawFileName}".
             Esta referencia no es "CopyLocal" porque existe al menos un elemento de origen con "Private" establecido en "false" y ningún elemento de origen con "Private" establecido en "true".
         Referencia principal "System.Linq.Parallel, Version=9.0.0.0, Culture=neutral, PublicKeyToken=b03f5f7f11d50a3a".
             La ruta de acceso del archivo resuelta es "C:\Users\rm619\.nuget\packages\microsoft.netcore.app.ref\9.0.18\ref\net9.0\System.Linq.Parallel.dll".
             Se encontró una referencia en la ubicación de ruta de acceso de búsqueda "{RawFileName}".
             Esta referencia no es "CopyLocal" porque existe al menos un elemento de origen con "Private" establecido en "false" y ningún elemento de origen con "Private" establecido en "true".
         Referencia principal "System.Linq.Queryable, Version=9.0.0.0, Culture=neutral, PublicKeyToken=b03f5f7f11d50a3a".
             La ruta de acceso del archivo resuelta es "C:\Users\rm619\.nuget\packages\microsoft.netcore.app.ref\9.0.18\ref\net9.0\System.Linq.Queryable.dll".
             Se encontró una referencia en la ubicación de ruta de acceso de búsqueda "{RawFileName}".
             Esta referencia no es "CopyLocal" porque existe al menos un elemento de origen con "Private" establecido en "false" y ningún elemento de origen con "Private" establecido en "true".
         Referencia principal "System.Linq, Version=9.0.0.0, Culture=neutral, PublicKeyToken=b03f5f7f11d50a3a".
             La ruta de acceso del archivo resuelta es "C:\Users\rm619\.nuget\packages\microsoft.netcore.app.ref\9.0.18\ref\net9.0\System.Linq.dll".
             Se encontró una referencia en la ubicación de ruta de acceso de búsqueda "{RawFileName}".
             Esta referencia no es "CopyLocal" porque existe al menos un elemento de origen con "Private" establecido en "false" y ningún elemento de origen con "Private" establecido en "true".
         Referencia principal "System.Memory, Version=9.0.0.0, Culture=neutral, PublicKeyToken=cc7b13ffcd2ddd51".
             La ruta de acceso del archivo resuelta es "C:\Users\rm619\.nuget\packages\microsoft.netcore.app.ref\9.0.18\ref\net9.0\System.Memory.dll".
             Se encontró una referencia en la ubicación de ruta de acceso de búsqueda "{RawFileName}".
             Esta referencia no es "CopyLocal" porque existe al menos un elemento de origen con "Private" establecido en "false" y ningún elemento de origen con "Private" establecido en "true".
         Referencia principal "System.Net.Http.Json, Version=9.0.0.0, Culture=neutral, PublicKeyToken=cc7b13ffcd2ddd51".
             La ruta de acceso del archivo resuelta es "C:\Users\rm619\.nuget\packages\microsoft.netcore.app.ref\9.0.18\ref\net9.0\System.Net.Http.Json.dll".
             Se encontró una referencia en la ubicación de ruta de acceso de búsqueda "{RawFileName}".
             Esta referencia no es "CopyLocal" porque existe al menos un elemento de origen con "Private" establecido en "false" y ningún elemento de origen con "Private" establecido en "true".
         Referencia principal "System.Net.Http, Version=9.0.0.0, Culture=neutral, PublicKeyToken=b03f5f7f11d50a3a".
             La ruta de acceso del archivo resuelta es "C:\Users\rm619\.nuget\packages\microsoft.netcore.app.ref\9.0.18\ref\net9.0\System.Net.Http.dll".
             Se encontró una referencia en la ubicación de ruta de acceso de búsqueda "{RawFileName}".
             Esta referencia no es "CopyLocal" porque existe al menos un elemento de origen con "Private" establecido en "false" y ningún elemento de origen con "Private" establecido en "true".
         Referencia principal "System.Net.HttpListener, Version=9.0.0.0, Culture=neutral, PublicKeyToken=cc7b13ffcd2ddd51".
             La ruta de acceso del archivo resuelta es "C:\Users\rm619\.nuget\packages\microsoft.netcore.app.ref\9.0.18\ref\net9.0\System.Net.HttpListener.dll".
             Se encontró una referencia en la ubicación de ruta de acceso de búsqueda "{RawFileName}".
             Esta referencia no es "CopyLocal" porque existe al menos un elemento de origen con "Private" establecido en "false" y ningún elemento de origen con "Private" establecido en "true".
         Referencia principal "System.Net.Mail, Version=9.0.0.0, Culture=neutral, PublicKeyToken=cc7b13ffcd2ddd51".
             La ruta de acceso del archivo resuelta es "C:\Users\rm619\.nuget\packages\microsoft.netcore.app.ref\9.0.18\ref\net9.0\System.Net.Mail.dll".
             Se encontró una referencia en la ubicación de ruta de acceso de búsqueda "{RawFileName}".
             Esta referencia no es "CopyLocal" porque existe al menos un elemento de origen con "Private" establecido en "false" y ningún elemento de origen con "Private" establecido en "true".
         Referencia principal "System.Net.NameResolution, Version=9.0.0.0, Culture=neutral, PublicKeyToken=b03f5f7f11d50a3a".
             La ruta de acceso del archivo resuelta es "C:\Users\rm619\.nuget\packages\microsoft.netcore.app.ref\9.0.18\ref\net9.0\System.Net.NameResolution.dll".
             Se encontró una referencia en la ubicación de ruta de acceso de búsqueda "{RawFileName}".
             Esta referencia no es "CopyLocal" porque existe al menos un elemento de origen con "Private" establecido en "false" y ningún elemento de origen con "Private" establecido en "true".
         Referencia principal "System.Net.NetworkInformation, Version=9.0.0.0, Culture=neutral, PublicKeyToken=b03f5f7f11d50a3a".
             La ruta de acceso del archivo resuelta es "C:\Users\rm619\.nuget\packages\microsoft.netcore.app.ref\9.0.18\ref\net9.0\System.Net.NetworkInformation.dll".
             Se encontró una referencia en la ubicación de ruta de acceso de búsqueda "{RawFileName}".
             Esta referencia no es "CopyLocal" porque existe al menos un elemento de origen con "Private" establecido en "false" y ningún elemento de origen con "Private" establecido en "true".
         Referencia principal "System.Net.Ping, Version=9.0.0.0, Culture=neutral, PublicKeyToken=b03f5f7f11d50a3a".
             La ruta de acceso del archivo resuelta es "C:\Users\rm619\.nuget\packages\microsoft.netcore.app.ref\9.0.18\ref\net9.0\System.Net.Ping.dll".
             Se encontró una referencia en la ubicación de ruta de acceso de búsqueda "{RawFileName}".
             Esta referencia no es "CopyLocal" porque existe al menos un elemento de origen con "Private" establecido en "false" y ningún elemento de origen con "Private" establecido en "true".
         Referencia principal "System.Net.Primitives, Version=9.0.0.0, Culture=neutral, PublicKeyToken=b03f5f7f11d50a3a".
             La ruta de acceso del archivo resuelta es "C:\Users\rm619\.nuget\packages\microsoft.netcore.app.ref\9.0.18\ref\net9.0\System.Net.Primitives.dll".
             Se encontró una referencia en la ubicación de ruta de acceso de búsqueda "{RawFileName}".
             Esta referencia no es "CopyLocal" porque existe al menos un elemento de origen con "Private" establecido en "false" y ningún elemento de origen con "Private" establecido en "true".
         Referencia principal "System.Net.Quic, Version=9.0.0.0, Culture=neutral, PublicKeyToken=b03f5f7f11d50a3a".
             La ruta de acceso del archivo resuelta es "C:\Users\rm619\.nuget\packages\microsoft.netcore.app.ref\9.0.18\ref\net9.0\System.Net.Quic.dll".
             Se encontró una referencia en la ubicación de ruta de acceso de búsqueda "{RawFileName}".
             Esta referencia no es "CopyLocal" porque existe al menos un elemento de origen con "Private" establecido en "false" y ningún elemento de origen con "Private" establecido en "true".
         Referencia principal "System.Net.Requests, Version=9.0.0.0, Culture=neutral, PublicKeyToken=b03f5f7f11d50a3a".
             La ruta de acceso del archivo resuelta es "C:\Users\rm619\.nuget\packages\microsoft.netcore.app.ref\9.0.18\ref\net9.0\System.Net.Requests.dll".
             Se encontró una referencia en la ubicación de ruta de acceso de búsqueda "{RawFileName}".
             Esta referencia no es "CopyLocal" porque existe al menos un elemento de origen con "Private" establecido en "false" y ningún elemento de origen con "Private" establecido en "true".
         Referencia principal "System.Net.Security, Version=9.0.0.0, Culture=neutral, PublicKeyToken=b03f5f7f11d50a3a".
             La ruta de acceso del archivo resuelta es "C:\Users\rm619\.nuget\packages\microsoft.netcore.app.ref\9.0.18\ref\net9.0\System.Net.Security.dll".
             Se encontró una referencia en la ubicación de ruta de acceso de búsqueda "{RawFileName}".
             Esta referencia no es "CopyLocal" porque existe al menos un elemento de origen con "Private" establecido en "false" y ningún elemento de origen con "Private" establecido en "true".
         Referencia principal "System.Net.ServicePoint, Version=9.0.0.0, Culture=neutral, PublicKeyToken=cc7b13ffcd2ddd51".
             La ruta de acceso del archivo resuelta es "C:\Users\rm619\.nuget\packages\microsoft.netcore.app.ref\9.0.18\ref\net9.0\System.Net.ServicePoint.dll".
             Se encontró una referencia en la ubicación de ruta de acceso de búsqueda "{RawFileName}".
             Esta referencia no es "CopyLocal" porque existe al menos un elemento de origen con "Private" establecido en "false" y ningún elemento de origen con "Private" establecido en "true".
         Referencia principal "System.Net.Sockets, Version=9.0.0.0, Culture=neutral, PublicKeyToken=b03f5f7f11d50a3a".
             La ruta de acceso del archivo resuelta es "C:\Users\rm619\.nuget\packages\microsoft.netcore.app.ref\9.0.18\ref\net9.0\System.Net.Sockets.dll".
             Se encontró una referencia en la ubicación de ruta de acceso de búsqueda "{RawFileName}".
             Esta referencia no es "CopyLocal" porque existe al menos un elemento de origen con "Private" establecido en "false" y ningún elemento de origen con "Private" establecido en "true".
         Referencia principal "System.Net.WebClient, Version=9.0.0.0, Culture=neutral, PublicKeyToken=cc7b13ffcd2ddd51".
             La ruta de acceso del archivo resuelta es "C:\Users\rm619\.nuget\packages\microsoft.netcore.app.ref\9.0.18\ref\net9.0\System.Net.WebClient.dll".
             Se encontró una referencia en la ubicación de ruta de acceso de búsqueda "{RawFileName}".
             Esta referencia no es "CopyLocal" porque existe al menos un elemento de origen con "Private" establecido en "false" y ningún elemento de origen con "Private" establecido en "true".
         Referencia principal "System.Net.WebHeaderCollection, Version=9.0.0.0, Culture=neutral, PublicKeyToken=b03f5f7f11d50a3a".
             La ruta de acceso del archivo resuelta es "C:\Users\rm619\.nuget\packages\microsoft.netcore.app.ref\9.0.18\ref\net9.0\System.Net.WebHeaderCollection.dll".
             Se encontró una referencia en la ubicación de ruta de acceso de búsqueda "{RawFileName}".
             Esta referencia no es "CopyLocal" porque existe al menos un elemento de origen con "Private" establecido en "false" y ningún elemento de origen con "Private" establecido en "true".
         Referencia principal "System.Net.WebProxy, Version=9.0.0.0, Culture=neutral, PublicKeyToken=cc7b13ffcd2ddd51".
             La ruta de acceso del archivo resuelta es "C:\Users\rm619\.nuget\packages\microsoft.netcore.app.ref\9.0.18\ref\net9.0\System.Net.WebProxy.dll".
             Se encontró una referencia en la ubicación de ruta de acceso de búsqueda "{RawFileName}".
             Esta referencia no es "CopyLocal" porque existe al menos un elemento de origen con "Private" establecido en "false" y ningún elemento de origen con "Private" establecido en "true".
         Referencia principal "System.Net.WebSockets.Client, Version=9.0.0.0, Culture=neutral, PublicKeyToken=b03f5f7f11d50a3a".
             La ruta de acceso del archivo resuelta es "C:\Users\rm619\.nuget\packages\microsoft.netcore.app.ref\9.0.18\ref\net9.0\System.Net.WebSockets.Client.dll".
             Se encontró una referencia en la ubicación de ruta de acceso de búsqueda "{RawFileName}".
             Esta referencia no es "CopyLocal" porque existe al menos un elemento de origen con "Private" establecido en "false" y ningún elemento de origen con "Private" establecido en "true".
         Referencia principal "System.Net.WebSockets, Version=9.0.0.0, Culture=neutral, PublicKeyToken=b03f5f7f11d50a3a".
             La ruta de acceso del archivo resuelta es "C:\Users\rm619\.nuget\packages\microsoft.netcore.app.ref\9.0.18\ref\net9.0\System.Net.WebSockets.dll".
             Se encontró una referencia en la ubicación de ruta de acceso de búsqueda "{RawFileName}".
             Esta referencia no es "CopyLocal" porque existe al menos un elemento de origen con "Private" establecido en "false" y ningún elemento de origen con "Private" establecido en "true".
         Referencia principal "System.Net, Version=4.0.0.0, Culture=neutral, PublicKeyToken=b03f5f7f11d50a3a".
             La ruta de acceso del archivo resuelta es "C:\Users\rm619\.nuget\packages\microsoft.netcore.app.ref\9.0.18\ref\net9.0\System.Net.dll".
             Se encontró una referencia en la ubicación de ruta de acceso de búsqueda "{RawFileName}".
             Esta referencia no es "CopyLocal" porque existe al menos un elemento de origen con "Private" establecido en "false" y ningún elemento de origen con "Private" establecido en "true".
         Referencia principal "System.Numerics.Vectors, Version=9.0.0.0, Culture=neutral, PublicKeyToken=b03f5f7f11d50a3a".
             La ruta de acceso del archivo resuelta es "C:\Users\rm619\.nuget\packages\microsoft.netcore.app.ref\9.0.18\ref\net9.0\System.Numerics.Vectors.dll".
             Se encontró una referencia en la ubicación de ruta de acceso de búsqueda "{RawFileName}".
             Esta referencia no es "CopyLocal" porque existe al menos un elemento de origen con "Private" establecido en "false" y ningún elemento de origen con "Private" establecido en "true".
         Referencia principal "System.Numerics, Version=4.0.0.0, Culture=neutral, PublicKeyToken=b77a5c561934e089".
             La ruta de acceso del archivo resuelta es "C:\Users\rm619\.nuget\packages\microsoft.netcore.app.ref\9.0.18\ref\net9.0\System.Numerics.dll".
             Se encontró una referencia en la ubicación de ruta de acceso de búsqueda "{RawFileName}".
             Esta referencia no es "CopyLocal" porque existe al menos un elemento de origen con "Private" establecido en "false" y ningún elemento de origen con "Private" establecido en "true".
         Referencia principal "System.ObjectModel, Version=9.0.0.0, Culture=neutral, PublicKeyToken=b03f5f7f11d50a3a".
             La ruta de acceso del archivo resuelta es "C:\Users\rm619\.nuget\packages\microsoft.netcore.app.ref\9.0.18\ref\net9.0\System.ObjectModel.dll".
             Se encontró una referencia en la ubicación de ruta de acceso de búsqueda "{RawFileName}".
             Esta referencia no es "CopyLocal" porque existe al menos un elemento de origen con "Private" establecido en "false" y ningún elemento de origen con "Private" establecido en "true".
         Referencia principal "System.Reflection.DispatchProxy, Version=9.0.0.0, Culture=neutral, PublicKeyToken=b03f5f7f11d50a3a".
             La ruta de acceso del archivo resuelta es "C:\Users\rm619\.nuget\packages\microsoft.netcore.app.ref\9.0.18\ref\net9.0\System.Reflection.DispatchProxy.dll".
             Se encontró una referencia en la ubicación de ruta de acceso de búsqueda "{RawFileName}".
             Esta referencia no es "CopyLocal" porque existe al menos un elemento de origen con "Private" establecido en "false" y ningún elemento de origen con "Private" establecido en "true".
         Referencia principal "System.Reflection.Emit.ILGeneration, Version=9.0.0.0, Culture=neutral, PublicKeyToken=b03f5f7f11d50a3a".
             La ruta de acceso del archivo resuelta es "C:\Users\rm619\.nuget\packages\microsoft.netcore.app.ref\9.0.18\ref\net9.0\System.Reflection.Emit.ILGeneration.dll".
             Se encontró una referencia en la ubicación de ruta de acceso de búsqueda "{RawFileName}".
             Esta referencia no es "CopyLocal" porque existe al menos un elemento de origen con "Private" establecido en "false" y ningún elemento de origen con "Private" establecido en "true".
         Referencia principal "System.Reflection.Emit.Lightweight, Version=9.0.0.0, Culture=neutral, PublicKeyToken=b03f5f7f11d50a3a".
             La ruta de acceso del archivo resuelta es "C:\Users\rm619\.nuget\packages\microsoft.netcore.app.ref\9.0.18\ref\net9.0\System.Reflection.Emit.Lightweight.dll".
             Se encontró una referencia en la ubicación de ruta de acceso de búsqueda "{RawFileName}".
             Esta referencia no es "CopyLocal" porque existe al menos un elemento de origen con "Private" establecido en "false" y ningún elemento de origen con "Private" establecido en "true".
         Referencia principal "System.Reflection.Emit, Version=9.0.0.0, Culture=neutral, PublicKeyToken=b03f5f7f11d50a3a".
             La ruta de acceso del archivo resuelta es "C:\Users\rm619\.nuget\packages\microsoft.netcore.app.ref\9.0.18\ref\net9.0\System.Reflection.Emit.dll".
             Se encontró una referencia en la ubicación de ruta de acceso de búsqueda "{RawFileName}".
             Esta referencia no es "CopyLocal" porque existe al menos un elemento de origen con "Private" establecido en "false" y ningún elemento de origen con "Private" establecido en "true".
         Referencia principal "System.Reflection.Extensions, Version=9.0.0.0, Culture=neutral, PublicKeyToken=b03f5f7f11d50a3a".
             La ruta de acceso del archivo resuelta es "C:\Users\rm619\.nuget\packages\microsoft.netcore.app.ref\9.0.18\ref\net9.0\System.Reflection.Extensions.dll".
             Se encontró una referencia en la ubicación de ruta de acceso de búsqueda "{RawFileName}".
             Esta referencia no es "CopyLocal" porque existe al menos un elemento de origen con "Private" establecido en "false" y ningún elemento de origen con "Private" establecido en "true".
         Referencia principal "System.Reflection.Metadata, Version=9.0.0.0, Culture=neutral, PublicKeyToken=b03f5f7f11d50a3a".
             La ruta de acceso del archivo resuelta es "C:\Users\rm619\.nuget\packages\microsoft.netcore.app.ref\9.0.18\ref\net9.0\System.Reflection.Metadata.dll".
             Se encontró una referencia en la ubicación de ruta de acceso de búsqueda "{RawFileName}".
             Esta referencia no es "CopyLocal" porque existe al menos un elemento de origen con "Private" establecido en "false" y ningún elemento de origen con "Private" establecido en "true".
         Referencia principal "System.Reflection.Primitives, Version=9.0.0.0, Culture=neutral, PublicKeyToken=b03f5f7f11d50a3a".
             La ruta de acceso del archivo resuelta es "C:\Users\rm619\.nuget\packages\microsoft.netcore.app.ref\9.0.18\ref\net9.0\System.Reflection.Primitives.dll".
             Se encontró una referencia en la ubicación de ruta de acceso de búsqueda "{RawFileName}".
             Esta referencia no es "CopyLocal" porque existe al menos un elemento de origen con "Private" establecido en "false" y ningún elemento de origen con "Private" establecido en "true".
         Referencia principal "System.Reflection.TypeExtensions, Version=9.0.0.0, Culture=neutral, PublicKeyToken=b03f5f7f11d50a3a".
             La ruta de acceso del archivo resuelta es "C:\Users\rm619\.nuget\packages\microsoft.netcore.app.ref\9.0.18\ref\net9.0\System.Reflection.TypeExtensions.dll".
             Se encontró una referencia en la ubicación de ruta de acceso de búsqueda "{RawFileName}".
             Esta referencia no es "CopyLocal" porque existe al menos un elemento de origen con "Private" establecido en "false" y ningún elemento de origen con "Private" establecido en "true".
         Referencia principal "System.Reflection, Version=9.0.0.0, Culture=neutral, PublicKeyToken=b03f5f7f11d50a3a".
             La ruta de acceso del archivo resuelta es "C:\Users\rm619\.nuget\packages\microsoft.netcore.app.ref\9.0.18\ref\net9.0\System.Reflection.dll".
             Se encontró una referencia en la ubicación de ruta de acceso de búsqueda "{RawFileName}".
             Esta referencia no es "CopyLocal" porque existe al menos un elemento de origen con "Private" establecido en "false" y ningún elemento de origen con "Private" establecido en "true".
         Referencia principal "System.Resources.Reader, Version=9.0.0.0, Culture=neutral, PublicKeyToken=b03f5f7f11d50a3a".
             La ruta de acceso del archivo resuelta es "C:\Users\rm619\.nuget\packages\microsoft.netcore.app.ref\9.0.18\ref\net9.0\System.Resources.Reader.dll".
             Se encontró una referencia en la ubicación de ruta de acceso de búsqueda "{RawFileName}".
             Esta referencia no es "CopyLocal" porque existe al menos un elemento de origen con "Private" establecido en "false" y ningún elemento de origen con "Private" establecido en "true".
         Referencia principal "System.Resources.ResourceManager, Version=9.0.0.0, Culture=neutral, PublicKeyToken=b03f5f7f11d50a3a".
             La ruta de acceso del archivo resuelta es "C:\Users\rm619\.nuget\packages\microsoft.netcore.app.ref\9.0.18\ref\net9.0\System.Resources.ResourceManager.dll".
             Se encontró una referencia en la ubicación de ruta de acceso de búsqueda "{RawFileName}".
             Esta referencia no es "CopyLocal" porque existe al menos un elemento de origen con "Private" establecido en "false" y ningún elemento de origen con "Private" establecido en "true".
         Referencia principal "System.Resources.Writer, Version=9.0.0.0, Culture=neutral, PublicKeyToken=b03f5f7f11d50a3a".
             La ruta de acceso del archivo resuelta es "C:\Users\rm619\.nuget\packages\microsoft.netcore.app.ref\9.0.18\ref\net9.0\System.Resources.Writer.dll".
             Se encontró una referencia en la ubicación de ruta de acceso de búsqueda "{RawFileName}".
             Esta referencia no es "CopyLocal" porque existe al menos un elemento de origen con "Private" establecido en "false" y ningún elemento de origen con "Private" establecido en "true".
         Referencia principal "System.Runtime.CompilerServices.Unsafe, Version=9.0.0.0, Culture=neutral, PublicKeyToken=b03f5f7f11d50a3a".
             La ruta de acceso del archivo resuelta es "C:\Users\rm619\.nuget\packages\microsoft.netcore.app.ref\9.0.18\ref\net9.0\System.Runtime.CompilerServices.Unsafe.dll".
             Se encontró una referencia en la ubicación de ruta de acceso de búsqueda "{RawFileName}".
             Esta referencia no es "CopyLocal" porque existe al menos un elemento de origen con "Private" establecido en "false" y ningún elemento de origen con "Private" establecido en "true".
         Referencia principal "System.Runtime.CompilerServices.VisualC, Version=9.0.0.0, Culture=neutral, PublicKeyToken=b03f5f7f11d50a3a".
             La ruta de acceso del archivo resuelta es "C:\Users\rm619\.nuget\packages\microsoft.netcore.app.ref\9.0.18\ref\net9.0\System.Runtime.CompilerServices.VisualC.dll".
             Se encontró una referencia en la ubicación de ruta de acceso de búsqueda "{RawFileName}".
             Esta referencia no es "CopyLocal" porque existe al menos un elemento de origen con "Private" establecido en "false" y ningún elemento de origen con "Private" establecido en "true".
         Referencia principal "System.Runtime.Extensions, Version=9.0.0.0, Culture=neutral, PublicKeyToken=b03f5f7f11d50a3a".
             La ruta de acceso del archivo resuelta es "C:\Users\rm619\.nuget\packages\microsoft.netcore.app.ref\9.0.18\ref\net9.0\System.Runtime.Extensions.dll".
             Se encontró una referencia en la ubicación de ruta de acceso de búsqueda "{RawFileName}".
             Esta referencia no es "CopyLocal" porque existe al menos un elemento de origen con "Private" establecido en "false" y ningún elemento de origen con "Private" establecido en "true".
         Referencia principal "System.Runtime.Handles, Version=9.0.0.0, Culture=neutral, PublicKeyToken=b03f5f7f11d50a3a".
             La ruta de acceso del archivo resuelta es "C:\Users\rm619\.nuget\packages\microsoft.netcore.app.ref\9.0.18\ref\net9.0\System.Runtime.Handles.dll".
             Se encontró una referencia en la ubicación de ruta de acceso de búsqueda "{RawFileName}".
             Esta referencia no es "CopyLocal" porque existe al menos un elemento de origen con "Private" establecido en "false" y ningún elemento de origen con "Private" establecido en "true".
         Referencia principal "System.Runtime.InteropServices.JavaScript, Version=9.0.0.0, Culture=neutral, PublicKeyToken=b03f5f7f11d50a3a".
             La ruta de acceso del archivo resuelta es "C:\Users\rm619\.nuget\packages\microsoft.netcore.app.ref\9.0.18\ref\net9.0\System.Runtime.InteropServices.JavaScript.dll".
             Se encontró una referencia en la ubicación de ruta de acceso de búsqueda "{RawFileName}".
             Esta referencia no es "CopyLocal" porque existe al menos un elemento de origen con "Private" establecido en "false" y ningún elemento de origen con "Private" establecido en "true".
         Referencia principal "System.Runtime.InteropServices.RuntimeInformation, Version=9.0.0.0, Culture=neutral, PublicKeyToken=b03f5f7f11d50a3a".
             La ruta de acceso del archivo resuelta es "C:\Users\rm619\.nuget\packages\microsoft.netcore.app.ref\9.0.18\ref\net9.0\System.Runtime.InteropServices.RuntimeInformation.dll".
             Se encontró una referencia en la ubicación de ruta de acceso de búsqueda "{RawFileName}".
             Esta referencia no es "CopyLocal" porque existe al menos un elemento de origen con "Private" establecido en "false" y ningún elemento de origen con "Private" establecido en "true".
         Referencia principal "System.Runtime.InteropServices, Version=9.0.0.0, Culture=neutral, PublicKeyToken=b03f5f7f11d50a3a".
             La ruta de acceso del archivo resuelta es "C:\Users\rm619\.nuget\packages\microsoft.netcore.app.ref\9.0.18\ref\net9.0\System.Runtime.InteropServices.dll".
             Se encontró una referencia en la ubicación de ruta de acceso de búsqueda "{RawFileName}".
             Esta referencia no es "CopyLocal" porque existe al menos un elemento de origen con "Private" establecido en "false" y ningún elemento de origen con "Private" establecido en "true".
         Referencia principal "System.Runtime.Intrinsics, Version=9.0.0.0, Culture=neutral, PublicKeyToken=cc7b13ffcd2ddd51".
             La ruta de acceso del archivo resuelta es "C:\Users\rm619\.nuget\packages\microsoft.netcore.app.ref\9.0.18\ref\net9.0\System.Runtime.Intrinsics.dll".
             Se encontró una referencia en la ubicación de ruta de acceso de búsqueda "{RawFileName}".
             Esta referencia no es "CopyLocal" porque existe al menos un elemento de origen con "Private" establecido en "false" y ningún elemento de origen con "Private" establecido en "true".
         Referencia principal "System.Runtime.Loader, Version=9.0.0.0, Culture=neutral, PublicKeyToken=b03f5f7f11d50a3a".
             La ruta de acceso del archivo resuelta es "C:\Users\rm619\.nuget\packages\microsoft.netcore.app.ref\9.0.18\ref\net9.0\System.Runtime.Loader.dll".
             Se encontró una referencia en la ubicación de ruta de acceso de búsqueda "{RawFileName}".
             Esta referencia no es "CopyLocal" porque existe al menos un elemento de origen con "Private" establecido en "false" y ningún elemento de origen con "Private" establecido en "true".
         Referencia principal "System.Runtime.Numerics, Version=9.0.0.0, Culture=neutral, PublicKeyToken=b03f5f7f11d50a3a".
             La ruta de acceso del archivo resuelta es "C:\Users\rm619\.nuget\packages\microsoft.netcore.app.ref\9.0.18\ref\net9.0\System.Runtime.Numerics.dll".
             Se encontró una referencia en la ubicación de ruta de acceso de búsqueda "{RawFileName}".
             Esta referencia no es "CopyLocal" porque existe al menos un elemento de origen con "Private" establecido en "false" y ningún elemento de origen con "Private" establecido en "true".
         Referencia principal "System.Runtime.Serialization.Formatters, Version=8.1.0.0, Culture=neutral, PublicKeyToken=b03f5f7f11d50a3a".
             La ruta de acceso del archivo resuelta es "C:\Users\rm619\.nuget\packages\microsoft.netcore.app.ref\9.0.18\ref\net9.0\System.Runtime.Serialization.Formatters.dll".
             Se encontró una referencia en la ubicación de ruta de acceso de búsqueda "{RawFileName}".
             Esta referencia no es "CopyLocal" porque existe al menos un elemento de origen con "Private" establecido en "false" y ningún elemento de origen con "Private" establecido en "true".
         Referencia principal "System.Runtime.Serialization.Json, Version=9.0.0.0, Culture=neutral, PublicKeyToken=b03f5f7f11d50a3a".
             La ruta de acceso del archivo resuelta es "C:\Users\rm619\.nuget\packages\microsoft.netcore.app.ref\9.0.18\ref\net9.0\System.Runtime.Serialization.Json.dll".
             Se encontró una referencia en la ubicación de ruta de acceso de búsqueda "{RawFileName}".
             Esta referencia no es "CopyLocal" porque existe al menos un elemento de origen con "Private" establecido en "false" y ningún elemento de origen con "Private" establecido en "true".
         Referencia principal "System.Runtime.Serialization.Primitives, Version=9.0.0.0, Culture=neutral, PublicKeyToken=b03f5f7f11d50a3a".
             La ruta de acceso del archivo resuelta es "C:\Users\rm619\.nuget\packages\microsoft.netcore.app.ref\9.0.18\ref\net9.0\System.Runtime.Serialization.Primitives.dll".
             Se encontró una referencia en la ubicación de ruta de acceso de búsqueda "{RawFileName}".
             Esta referencia no es "CopyLocal" porque existe al menos un elemento de origen con "Private" establecido en "false" y ningún elemento de origen con "Private" establecido en "true".
         Referencia principal "System.Runtime.Serialization.Xml, Version=9.0.0.0, Culture=neutral, PublicKeyToken=b03f5f7f11d50a3a".
             La ruta de acceso del archivo resuelta es "C:\Users\rm619\.nuget\packages\microsoft.netcore.app.ref\9.0.18\ref\net9.0\System.Runtime.Serialization.Xml.dll".
             Se encontró una referencia en la ubicación de ruta de acceso de búsqueda "{RawFileName}".
             Esta referencia no es "CopyLocal" porque existe al menos un elemento de origen con "Private" establecido en "false" y ningún elemento de origen con "Private" establecido en "true".
         Referencia principal "System.Runtime.Serialization, Version=4.0.0.0, Culture=neutral, PublicKeyToken=b77a5c561934e089".
             La ruta de acceso del archivo resuelta es "C:\Users\rm619\.nuget\packages\microsoft.netcore.app.ref\9.0.18\ref\net9.0\System.Runtime.Serialization.dll".
             Se encontró una referencia en la ubicación de ruta de acceso de búsqueda "{RawFileName}".
             Esta referencia no es "CopyLocal" porque existe al menos un elemento de origen con "Private" establecido en "false" y ningún elemento de origen con "Private" establecido en "true".
         Referencia principal "System.Runtime, Version=9.0.0.0, Culture=neutral, PublicKeyToken=b03f5f7f11d50a3a".
             La ruta de acceso del archivo resuelta es "C:\Users\rm619\.nuget\packages\microsoft.netcore.app.ref\9.0.18\ref\net9.0\System.Runtime.dll".
             Se encontró una referencia en la ubicación de ruta de acceso de búsqueda "{RawFileName}".
             Esta referencia no es "CopyLocal" porque existe al menos un elemento de origen con "Private" establecido en "false" y ningún elemento de origen con "Private" establecido en "true".
         Referencia principal "System.Security.AccessControl, Version=9.0.0.0, Culture=neutral, PublicKeyToken=b03f5f7f11d50a3a".
             La ruta de acceso del archivo resuelta es "C:\Users\rm619\.nuget\packages\microsoft.netcore.app.ref\9.0.18\ref\net9.0\System.Security.AccessControl.dll".
             Se encontró una referencia en la ubicación de ruta de acceso de búsqueda "{RawFileName}".
             Esta referencia no es "CopyLocal" porque existe al menos un elemento de origen con "Private" establecido en "false" y ningún elemento de origen con "Private" establecido en "true".
         Referencia principal "System.Security.Claims, Version=9.0.0.0, Culture=neutral, PublicKeyToken=b03f5f7f11d50a3a".
             La ruta de acceso del archivo resuelta es "C:\Users\rm619\.nuget\packages\microsoft.netcore.app.ref\9.0.18\ref\net9.0\System.Security.Claims.dll".
             Se encontró una referencia en la ubicación de ruta de acceso de búsqueda "{RawFileName}".
             Esta referencia no es "CopyLocal" porque existe al menos un elemento de origen con "Private" establecido en "false" y ningún elemento de origen con "Private" establecido en "true".
         Referencia principal "System.Security.Cryptography.Algorithms, Version=9.0.0.0, Culture=neutral, PublicKeyToken=b03f5f7f11d50a3a".
             La ruta de acceso del archivo resuelta es "C:\Users\rm619\.nuget\packages\microsoft.netcore.app.ref\9.0.18\ref\net9.0\System.Security.Cryptography.Algorithms.dll".
             Se encontró una referencia en la ubicación de ruta de acceso de búsqueda "{RawFileName}".
             Esta referencia no es "CopyLocal" porque existe al menos un elemento de origen con "Private" establecido en "false" y ningún elemento de origen con "Private" establecido en "true".
         Referencia principal "System.Security.Cryptography.Cng, Version=9.0.0.0, Culture=neutral, PublicKeyToken=b03f5f7f11d50a3a".
             La ruta de acceso del archivo resuelta es "C:\Users\rm619\.nuget\packages\microsoft.netcore.app.ref\9.0.18\ref\net9.0\System.Security.Cryptography.Cng.dll".
             Se encontró una referencia en la ubicación de ruta de acceso de búsqueda "{RawFileName}".
             Esta referencia no es "CopyLocal" porque existe al menos un elemento de origen con "Private" establecido en "false" y ningún elemento de origen con "Private" establecido en "true".
         Referencia principal "System.Security.Cryptography.Csp, Version=9.0.0.0, Culture=neutral, PublicKeyToken=b03f5f7f11d50a3a".
             La ruta de acceso del archivo resuelta es "C:\Users\rm619\.nuget\packages\microsoft.netcore.app.ref\9.0.18\ref\net9.0\System.Security.Cryptography.Csp.dll".
             Se encontró una referencia en la ubicación de ruta de acceso de búsqueda "{RawFileName}".
             Esta referencia no es "CopyLocal" porque existe al menos un elemento de origen con "Private" establecido en "false" y ningún elemento de origen con "Private" establecido en "true".
         Referencia principal "System.Security.Cryptography.Encoding, Version=9.0.0.0, Culture=neutral, PublicKeyToken=b03f5f7f11d50a3a".
             La ruta de acceso del archivo resuelta es "C:\Users\rm619\.nuget\packages\microsoft.netcore.app.ref\9.0.18\ref\net9.0\System.Security.Cryptography.Encoding.dll".
             Se encontró una referencia en la ubicación de ruta de acceso de búsqueda "{RawFileName}".
             Esta referencia no es "CopyLocal" porque existe al menos un elemento de origen con "Private" establecido en "false" y ningún elemento de origen con "Private" establecido en "true".
         Referencia principal "System.Security.Cryptography.OpenSsl, Version=9.0.0.0, Culture=neutral, PublicKeyToken=b03f5f7f11d50a3a".
             La ruta de acceso del archivo resuelta es "C:\Users\rm619\.nuget\packages\microsoft.netcore.app.ref\9.0.18\ref\net9.0\System.Security.Cryptography.OpenSsl.dll".
             Se encontró una referencia en la ubicación de ruta de acceso de búsqueda "{RawFileName}".
             Esta referencia no es "CopyLocal" porque existe al menos un elemento de origen con "Private" establecido en "false" y ningún elemento de origen con "Private" establecido en "true".
         Referencia principal "System.Security.Cryptography.Primitives, Version=9.0.0.0, Culture=neutral, PublicKeyToken=b03f5f7f11d50a3a".
             La ruta de acceso del archivo resuelta es "C:\Users\rm619\.nuget\packages\microsoft.netcore.app.ref\9.0.18\ref\net9.0\System.Security.Cryptography.Primitives.dll".
             Se encontró una referencia en la ubicación de ruta de acceso de búsqueda "{RawFileName}".
             Esta referencia no es "CopyLocal" porque existe al menos un elemento de origen con "Private" establecido en "false" y ningún elemento de origen con "Private" establecido en "true".
         Referencia principal "System.Security.Cryptography.X509Certificates, Version=9.0.0.0, Culture=neutral, PublicKeyToken=b03f5f7f11d50a3a".
             La ruta de acceso del archivo resuelta es "C:\Users\rm619\.nuget\packages\microsoft.netcore.app.ref\9.0.18\ref\net9.0\System.Security.Cryptography.X509Certificates.dll".
             Se encontró una referencia en la ubicación de ruta de acceso de búsqueda "{RawFileName}".
             Esta referencia no es "CopyLocal" porque existe al menos un elemento de origen con "Private" establecido en "false" y ningún elemento de origen con "Private" establecido en "true".
         Referencia principal "System.Security.Cryptography, Version=9.0.0.0, Culture=neutral, PublicKeyToken=b03f5f7f11d50a3a".
             La ruta de acceso del archivo resuelta es "C:\Users\rm619\.nuget\packages\microsoft.netcore.app.ref\9.0.18\ref\net9.0\System.Security.Cryptography.dll".
             Se encontró una referencia en la ubicación de ruta de acceso de búsqueda "{RawFileName}".
             Esta referencia no es "CopyLocal" porque existe al menos un elemento de origen con "Private" establecido en "false" y ningún elemento de origen con "Private" establecido en "true".
         Referencia principal "System.Security.Principal.Windows, Version=9.0.0.0, Culture=neutral, PublicKeyToken=b03f5f7f11d50a3a".
             La ruta de acceso del archivo resuelta es "C:\Users\rm619\.nuget\packages\microsoft.netcore.app.ref\9.0.18\ref\net9.0\System.Security.Principal.Windows.dll".
             Se encontró una referencia en la ubicación de ruta de acceso de búsqueda "{RawFileName}".
             Esta referencia no es "CopyLocal" porque existe al menos un elemento de origen con "Private" establecido en "false" y ningún elemento de origen con "Private" establecido en "true".
         Referencia principal "System.Security.Principal, Version=9.0.0.0, Culture=neutral, PublicKeyToken=b03f5f7f11d50a3a".
             La ruta de acceso del archivo resuelta es "C:\Users\rm619\.nuget\packages\microsoft.netcore.app.ref\9.0.18\ref\net9.0\System.Security.Principal.dll".
             Se encontró una referencia en la ubicación de ruta de acceso de búsqueda "{RawFileName}".
             Esta referencia no es "CopyLocal" porque existe al menos un elemento de origen con "Private" establecido en "false" y ningún elemento de origen con "Private" establecido en "true".
         Referencia principal "System.Security.SecureString, Version=9.0.0.0, Culture=neutral, PublicKeyToken=b03f5f7f11d50a3a".
             La ruta de acceso del archivo resuelta es "C:\Users\rm619\.nuget\packages\microsoft.netcore.app.ref\9.0.18\ref\net9.0\System.Security.SecureString.dll".
             Se encontró una referencia en la ubicación de ruta de acceso de búsqueda "{RawFileName}".
             Esta referencia no es "CopyLocal" porque existe al menos un elemento de origen con "Private" establecido en "false" y ningún elemento de origen con "Private" establecido en "true".
         Referencia principal "System.Security, Version=4.0.0.0, Culture=neutral, PublicKeyToken=b03f5f7f11d50a3a".
             La ruta de acceso del archivo resuelta es "C:\Users\rm619\.nuget\packages\microsoft.netcore.app.ref\9.0.18\ref\net9.0\System.Security.dll".
             Se encontró una referencia en la ubicación de ruta de acceso de búsqueda "{RawFileName}".
             Esta referencia no es "CopyLocal" porque existe al menos un elemento de origen con "Private" establecido en "false" y ningún elemento de origen con "Private" establecido en "true".
         Referencia principal "System.ServiceModel.Web, Version=4.0.0.0, Culture=neutral, PublicKeyToken=31bf3856ad364e35".
             La ruta de acceso del archivo resuelta es "C:\Users\rm619\.nuget\packages\microsoft.netcore.app.ref\9.0.18\ref\net9.0\System.ServiceModel.Web.dll".
             Se encontró una referencia en la ubicación de ruta de acceso de búsqueda "{RawFileName}".
             Esta referencia no es "CopyLocal" porque existe al menos un elemento de origen con "Private" establecido en "false" y ningún elemento de origen con "Private" establecido en "true".
         Referencia principal "System.ServiceProcess, Version=4.0.0.0, Culture=neutral, PublicKeyToken=b03f5f7f11d50a3a".
             La ruta de acceso del archivo resuelta es "C:\Users\rm619\.nuget\packages\microsoft.netcore.app.ref\9.0.18\ref\net9.0\System.ServiceProcess.dll".
             Se encontró una referencia en la ubicación de ruta de acceso de búsqueda "{RawFileName}".
             Esta referencia no es "CopyLocal" porque existe al menos un elemento de origen con "Private" establecido en "false" y ningún elemento de origen con "Private" establecido en "true".
         Referencia principal "System.Text.Encoding.CodePages, Version=9.0.0.0, Culture=neutral, PublicKeyToken=b03f5f7f11d50a3a".
             La ruta de acceso del archivo resuelta es "C:\Users\rm619\.nuget\packages\microsoft.netcore.app.ref\9.0.18\ref\net9.0\System.Text.Encoding.CodePages.dll".
             Se encontró una referencia en la ubicación de ruta de acceso de búsqueda "{RawFileName}".
             Esta referencia no es "CopyLocal" porque existe al menos un elemento de origen con "Private" establecido en "false" y ningún elemento de origen con "Private" establecido en "true".
         Referencia principal "System.Text.Encoding.Extensions, Version=9.0.0.0, Culture=neutral, PublicKeyToken=b03f5f7f11d50a3a".
             La ruta de acceso del archivo resuelta es "C:\Users\rm619\.nuget\packages\microsoft.netcore.app.ref\9.0.18\ref\net9.0\System.Text.Encoding.Extensions.dll".
             Se encontró una referencia en la ubicación de ruta de acceso de búsqueda "{RawFileName}".
             Esta referencia no es "CopyLocal" porque existe al menos un elemento de origen con "Private" establecido en "false" y ningún elemento de origen con "Private" establecido en "true".
         Referencia principal "System.Text.Encoding, Version=9.0.0.0, Culture=neutral, PublicKeyToken=b03f5f7f11d50a3a".
             La ruta de acceso del archivo resuelta es "C:\Users\rm619\.nuget\packages\microsoft.netcore.app.ref\9.0.18\ref\net9.0\System.Text.Encoding.dll".
             Se encontró una referencia en la ubicación de ruta de acceso de búsqueda "{RawFileName}".
             Esta referencia no es "CopyLocal" porque existe al menos un elemento de origen con "Private" establecido en "false" y ningún elemento de origen con "Private" establecido en "true".
         Referencia principal "System.Text.Encodings.Web, Version=9.0.0.0, Culture=neutral, PublicKeyToken=cc7b13ffcd2ddd51".
             La ruta de acceso del archivo resuelta es "C:\Users\rm619\.nuget\packages\microsoft.netcore.app.ref\9.0.18\ref\net9.0\System.Text.Encodings.Web.dll".
             Se encontró una referencia en la ubicación de ruta de acceso de búsqueda "{RawFileName}".
             Esta referencia no es "CopyLocal" porque existe al menos un elemento de origen con "Private" establecido en "false" y ningún elemento de origen con "Private" establecido en "true".
         Referencia principal "System.Text.Json, Version=9.0.0.0, Culture=neutral, PublicKeyToken=cc7b13ffcd2ddd51".
             La ruta de acceso del archivo resuelta es "C:\Users\rm619\.nuget\packages\microsoft.netcore.app.ref\9.0.18\ref\net9.0\System.Text.Json.dll".
             Se encontró una referencia en la ubicación de ruta de acceso de búsqueda "{RawFileName}".
             Esta referencia no es "CopyLocal" porque existe al menos un elemento de origen con "Private" establecido en "false" y ningún elemento de origen con "Private" establecido en "true".
         Referencia principal "System.Text.RegularExpressions, Version=9.0.0.0, Culture=neutral, PublicKeyToken=b03f5f7f11d50a3a".
             La ruta de acceso del archivo resuelta es "C:\Users\rm619\.nuget\packages\microsoft.netcore.app.ref\9.0.18\ref\net9.0\System.Text.RegularExpressions.dll".
             Se encontró una referencia en la ubicación de ruta de acceso de búsqueda "{RawFileName}".
             Esta referencia no es "CopyLocal" porque existe al menos un elemento de origen con "Private" establecido en "false" y ningún elemento de origen con "Private" establecido en "true".
         Referencia principal "System.Threading.Channels, Version=9.0.0.0, Culture=neutral, PublicKeyToken=cc7b13ffcd2ddd51".
             La ruta de acceso del archivo resuelta es "C:\Users\rm619\.nuget\packages\microsoft.netcore.app.ref\9.0.18\ref\net9.0\System.Threading.Channels.dll".
             Se encontró una referencia en la ubicación de ruta de acceso de búsqueda "{RawFileName}".
             Esta referencia no es "CopyLocal" porque existe al menos un elemento de origen con "Private" establecido en "false" y ningún elemento de origen con "Private" establecido en "true".
         Referencia principal "System.Threading.Overlapped, Version=9.0.0.0, Culture=neutral, PublicKeyToken=b03f5f7f11d50a3a".
             La ruta de acceso del archivo resuelta es "C:\Users\rm619\.nuget\packages\microsoft.netcore.app.ref\9.0.18\ref\net9.0\System.Threading.Overlapped.dll".
             Se encontró una referencia en la ubicación de ruta de acceso de búsqueda "{RawFileName}".
             Esta referencia no es "CopyLocal" porque existe al menos un elemento de origen con "Private" establecido en "false" y ningún elemento de origen con "Private" establecido en "true".
         Referencia principal "System.Threading.Tasks.Dataflow, Version=9.0.0.0, Culture=neutral, PublicKeyToken=b03f5f7f11d50a3a".
             La ruta de acceso del archivo resuelta es "C:\Users\rm619\.nuget\packages\microsoft.netcore.app.ref\9.0.18\ref\net9.0\System.Threading.Tasks.Dataflow.dll".
             Se encontró una referencia en la ubicación de ruta de acceso de búsqueda "{RawFileName}".
             Esta referencia no es "CopyLocal" porque existe al menos un elemento de origen con "Private" establecido en "false" y ningún elemento de origen con "Private" establecido en "true".
         Referencia principal "System.Threading.Tasks.Extensions, Version=9.0.0.0, Culture=neutral, PublicKeyToken=cc7b13ffcd2ddd51".
             La ruta de acceso del archivo resuelta es "C:\Users\rm619\.nuget\packages\microsoft.netcore.app.ref\9.0.18\ref\net9.0\System.Threading.Tasks.Extensions.dll".
             Se encontró una referencia en la ubicación de ruta de acceso de búsqueda "{RawFileName}".
             Esta referencia no es "CopyLocal" porque existe al menos un elemento de origen con "Private" establecido en "false" y ningún elemento de origen con "Private" establecido en "true".
         Referencia principal "System.Threading.Tasks.Parallel, Version=9.0.0.0, Culture=neutral, PublicKeyToken=b03f5f7f11d50a3a".
             La ruta de acceso del archivo resuelta es "C:\Users\rm619\.nuget\packages\microsoft.netcore.app.ref\9.0.18\ref\net9.0\System.Threading.Tasks.Parallel.dll".
             Se encontró una referencia en la ubicación de ruta de acceso de búsqueda "{RawFileName}".
             Esta referencia no es "CopyLocal" porque existe al menos un elemento de origen con "Private" establecido en "false" y ningún elemento de origen con "Private" establecido en "true".
         Referencia principal "System.Threading.Tasks, Version=9.0.0.0, Culture=neutral, PublicKeyToken=b03f5f7f11d50a3a".
             La ruta de acceso del archivo resuelta es "C:\Users\rm619\.nuget\packages\microsoft.netcore.app.ref\9.0.18\ref\net9.0\System.Threading.Tasks.dll".
             Se encontró una referencia en la ubicación de ruta de acceso de búsqueda "{RawFileName}".
             Esta referencia no es "CopyLocal" porque existe al menos un elemento de origen con "Private" establecido en "false" y ningún elemento de origen con "Private" establecido en "true".
         Referencia principal "System.Threading.Thread, Version=9.0.0.0, Culture=neutral, PublicKeyToken=b03f5f7f11d50a3a".
             La ruta de acceso del archivo resuelta es "C:\Users\rm619\.nuget\packages\microsoft.netcore.app.ref\9.0.18\ref\net9.0\System.Threading.Thread.dll".
             Se encontró una referencia en la ubicación de ruta de acceso de búsqueda "{RawFileName}".
             Esta referencia no es "CopyLocal" porque existe al menos un elemento de origen con "Private" establecido en "false" y ningún elemento de origen con "Private" establecido en "true".
         Referencia principal "System.Threading.ThreadPool, Version=9.0.0.0, Culture=neutral, PublicKeyToken=b03f5f7f11d50a3a".
             La ruta de acceso del archivo resuelta es "C:\Users\rm619\.nuget\packages\microsoft.netcore.app.ref\9.0.18\ref\net9.0\System.Threading.ThreadPool.dll".
             Se encontró una referencia en la ubicación de ruta de acceso de búsqueda "{RawFileName}".
             Esta referencia no es "CopyLocal" porque existe al menos un elemento de origen con "Private" establecido en "false" y ningún elemento de origen con "Private" establecido en "true".
         Referencia principal "System.Threading.Timer, Version=9.0.0.0, Culture=neutral, PublicKeyToken=b03f5f7f11d50a3a".
             La ruta de acceso del archivo resuelta es "C:\Users\rm619\.nuget\packages\microsoft.netcore.app.ref\9.0.18\ref\net9.0\System.Threading.Timer.dll".
             Se encontró una referencia en la ubicación de ruta de acceso de búsqueda "{RawFileName}".
             Esta referencia no es "CopyLocal" porque existe al menos un elemento de origen con "Private" establecido en "false" y ningún elemento de origen con "Private" establecido en "true".
         Referencia principal "System.Threading, Version=9.0.0.0, Culture=neutral, PublicKeyToken=b03f5f7f11d50a3a".
             La ruta de acceso del archivo resuelta es "C:\Users\rm619\.nuget\packages\microsoft.netcore.app.ref\9.0.18\ref\net9.0\System.Threading.dll".
             Se encontró una referencia en la ubicación de ruta de acceso de búsqueda "{RawFileName}".
             Esta referencia no es "CopyLocal" porque existe al menos un elemento de origen con "Private" establecido en "false" y ningún elemento de origen con "Private" establecido en "true".
         Referencia principal "System.Transactions.Local, Version=9.0.0.0, Culture=neutral, PublicKeyToken=cc7b13ffcd2ddd51".
             La ruta de acceso del archivo resuelta es "C:\Users\rm619\.nuget\packages\microsoft.netcore.app.ref\9.0.18\ref\net9.0\System.Transactions.Local.dll".
             Se encontró una referencia en la ubicación de ruta de acceso de búsqueda "{RawFileName}".
             Esta referencia no es "CopyLocal" porque existe al menos un elemento de origen con "Private" establecido en "false" y ningún elemento de origen con "Private" establecido en "true".
         Referencia principal "System.Transactions, Version=4.0.0.0, Culture=neutral, PublicKeyToken=b77a5c561934e089".
             La ruta de acceso del archivo resuelta es "C:\Users\rm619\.nuget\packages\microsoft.netcore.app.ref\9.0.18\ref\net9.0\System.Transactions.dll".
             Se encontró una referencia en la ubicación de ruta de acceso de búsqueda "{RawFileName}".
             Esta referencia no es "CopyLocal" porque existe al menos un elemento de origen con "Private" establecido en "false" y ningún elemento de origen con "Private" establecido en "true".
         Referencia principal "System.ValueTuple, Version=9.0.0.0, Culture=neutral, PublicKeyToken=cc7b13ffcd2ddd51".
             La ruta de acceso del archivo resuelta es "C:\Users\rm619\.nuget\packages\microsoft.netcore.app.ref\9.0.18\ref\net9.0\System.ValueTuple.dll".
             Se encontró una referencia en la ubicación de ruta de acceso de búsqueda "{RawFileName}".
             Esta referencia no es "CopyLocal" porque existe al menos un elemento de origen con "Private" establecido en "false" y ningún elemento de origen con "Private" establecido en "true".
         Referencia principal "System.Web.HttpUtility, Version=9.0.0.0, Culture=neutral, PublicKeyToken=cc7b13ffcd2ddd51".
             La ruta de acceso del archivo resuelta es "C:\Users\rm619\.nuget\packages\microsoft.netcore.app.ref\9.0.18\ref\net9.0\System.Web.HttpUtility.dll".
             Se encontró una referencia en la ubicación de ruta de acceso de búsqueda "{RawFileName}".
             Esta referencia no es "CopyLocal" porque existe al menos un elemento de origen con "Private" establecido en "false" y ningún elemento de origen con "Private" establecido en "true".
         Referencia principal "System.Web, Version=4.0.0.0, Culture=neutral, PublicKeyToken=b03f5f7f11d50a3a".
             La ruta de acceso del archivo resuelta es "C:\Users\rm619\.nuget\packages\microsoft.netcore.app.ref\9.0.18\ref\net9.0\System.Web.dll".
             Se encontró una referencia en la ubicación de ruta de acceso de búsqueda "{RawFileName}".
             Esta referencia no es "CopyLocal" porque existe al menos un elemento de origen con "Private" establecido en "false" y ningún elemento de origen con "Private" establecido en "true".
         Referencia principal "System.Windows, Version=4.0.0.0, Culture=neutral, PublicKeyToken=b03f5f7f11d50a3a".
             La ruta de acceso del archivo resuelta es "C:\Users\rm619\.nuget\packages\microsoft.netcore.app.ref\9.0.18\ref\net9.0\System.Windows.dll".
             Se encontró una referencia en la ubicación de ruta de acceso de búsqueda "{RawFileName}".
             Esta referencia no es "CopyLocal" porque existe al menos un elemento de origen con "Private" establecido en "false" y ningún elemento de origen con "Private" establecido en "true".
         Referencia principal "System.Xml.Linq, Version=4.0.0.0, Culture=neutral, PublicKeyToken=b77a5c561934e089".
             La ruta de acceso del archivo resuelta es "C:\Users\rm619\.nuget\packages\microsoft.netcore.app.ref\9.0.18\ref\net9.0\System.Xml.Linq.dll".
             Se encontró una referencia en la ubicación de ruta de acceso de búsqueda "{RawFileName}".
             Esta referencia no es "CopyLocal" porque existe al menos un elemento de origen con "Private" establecido en "false" y ningún elemento de origen con "Private" establecido en "true".
         Referencia principal "System.Xml.ReaderWriter, Version=9.0.0.0, Culture=neutral, PublicKeyToken=b03f5f7f11d50a3a".
             La ruta de acceso del archivo resuelta es "C:\Users\rm619\.nuget\packages\microsoft.netcore.app.ref\9.0.18\ref\net9.0\System.Xml.ReaderWriter.dll".
             Se encontró una referencia en la ubicación de ruta de acceso de búsqueda "{RawFileName}".
             Esta referencia no es "CopyLocal" porque existe al menos un elemento de origen con "Private" establecido en "false" y ningún elemento de origen con "Private" establecido en "true".
         Referencia principal "System.Xml.Serialization, Version=4.0.0.0, Culture=neutral, PublicKeyToken=b77a5c561934e089".
             La ruta de acceso del archivo resuelta es "C:\Users\rm619\.nuget\packages\microsoft.netcore.app.ref\9.0.18\ref\net9.0\System.Xml.Serialization.dll".
             Se encontró una referencia en la ubicación de ruta de acceso de búsqueda "{RawFileName}".
             Esta referencia no es "CopyLocal" porque existe al menos un elemento de origen con "Private" establecido en "false" y ningún elemento de origen con "Private" establecido en "true".
         Referencia principal "System.Xml.XDocument, Version=9.0.0.0, Culture=neutral, PublicKeyToken=b03f5f7f11d50a3a".
             La ruta de acceso del archivo resuelta es "C:\Users\rm619\.nuget\packages\microsoft.netcore.app.ref\9.0.18\ref\net9.0\System.Xml.XDocument.dll".
             Se encontró una referencia en la ubicación de ruta de acceso de búsqueda "{RawFileName}".
             Esta referencia no es "CopyLocal" porque existe al menos un elemento de origen con "Private" establecido en "false" y ningún elemento de origen con "Private" establecido en "true".
         Referencia principal "System.Xml.XPath.XDocument, Version=9.0.0.0, Culture=neutral, PublicKeyToken=b03f5f7f11d50a3a".
             La ruta de acceso del archivo resuelta es "C:\Users\rm619\.nuget\packages\microsoft.netcore.app.ref\9.0.18\ref\net9.0\System.Xml.XPath.XDocument.dll".
             Se encontró una referencia en la ubicación de ruta de acceso de búsqueda "{RawFileName}".
             Esta referencia no es "CopyLocal" porque existe al menos un elemento de origen con "Private" establecido en "false" y ningún elemento de origen con "Private" establecido en "true".
         Referencia principal "System.Xml.XPath, Version=9.0.0.0, Culture=neutral, PublicKeyToken=b03f5f7f11d50a3a".
             La ruta de acceso del archivo resuelta es "C:\Users\rm619\.nuget\packages\microsoft.netcore.app.ref\9.0.18\ref\net9.0\System.Xml.XPath.dll".
             Se encontró una referencia en la ubicación de ruta de acceso de búsqueda "{RawFileName}".
             Esta referencia no es "CopyLocal" porque existe al menos un elemento de origen con "Private" establecido en "false" y ningún elemento de origen con "Private" establecido en "true".
         Referencia principal "System.Xml.XmlDocument, Version=9.0.0.0, Culture=neutral, PublicKeyToken=b03f5f7f11d50a3a".
             La ruta de acceso del archivo resuelta es "C:\Users\rm619\.nuget\packages\microsoft.netcore.app.ref\9.0.18\ref\net9.0\System.Xml.XmlDocument.dll".
             Se encontró una referencia en la ubicación de ruta de acceso de búsqueda "{RawFileName}".
             Esta referencia no es "CopyLocal" porque existe al menos un elemento de origen con "Private" establecido en "false" y ningún elemento de origen con "Private" establecido en "true".
         Referencia principal "System.Xml.XmlSerializer, Version=9.0.0.0, Culture=neutral, PublicKeyToken=b03f5f7f11d50a3a".
             La ruta de acceso del archivo resuelta es "C:\Users\rm619\.nuget\packages\microsoft.netcore.app.ref\9.0.18\ref\net9.0\System.Xml.XmlSerializer.dll".
             Se encontró una referencia en la ubicación de ruta de acceso de búsqueda "{RawFileName}".
             Esta referencia no es "CopyLocal" porque existe al menos un elemento de origen con "Private" establecido en "false" y ningún elemento de origen con "Private" establecido en "true".
         Referencia principal "System.Xml, Version=4.0.0.0, Culture=neutral, PublicKeyToken=b77a5c561934e089".
             La ruta de acceso del archivo resuelta es "C:\Users\rm619\.nuget\packages\microsoft.netcore.app.ref\9.0.18\ref\net9.0\System.Xml.dll".
             Se encontró una referencia en la ubicación de ruta de acceso de búsqueda "{RawFileName}".
             Esta referencia no es "CopyLocal" porque existe al menos un elemento de origen con "Private" establecido en "false" y ningún elemento de origen con "Private" establecido en "true".
         Referencia principal "System, Version=4.0.0.0, Culture=neutral, PublicKeyToken=b77a5c561934e089".
             La ruta de acceso del archivo resuelta es "C:\Users\rm619\.nuget\packages\microsoft.netcore.app.ref\9.0.18\ref\net9.0\System.dll".
             Se encontró una referencia en la ubicación de ruta de acceso de búsqueda "{RawFileName}".
             Esta referencia no es "CopyLocal" porque existe al menos un elemento de origen con "Private" establecido en "false" y ningún elemento de origen con "Private" establecido en "true".
         Referencia principal "WindowsBase, Version=4.0.0.0, Culture=neutral, PublicKeyToken=31bf3856ad364e35".
             La ruta de acceso del archivo resuelta es "C:\Users\rm619\.nuget\packages\microsoft.netcore.app.ref\9.0.18\ref\net9.0\WindowsBase.dll".
             Se encontró una referencia en la ubicación de ruta de acceso de búsqueda "{RawFileName}".
             Esta referencia no es "CopyLocal" porque existe al menos un elemento de origen con "Private" establecido en "false" y ningún elemento de origen con "Private" establecido en "true".
         Referencia principal "mscorlib, Version=4.0.0.0, Culture=neutral, PublicKeyToken=b77a5c561934e089".
             La ruta de acceso del archivo resuelta es "C:\Users\rm619\.nuget\packages\microsoft.netcore.app.ref\9.0.18\ref\net9.0\mscorlib.dll".
             Se encontró una referencia en la ubicación de ruta de acceso de búsqueda "{RawFileName}".
             Esta referencia no es "CopyLocal" porque existe al menos un elemento de origen con "Private" establecido en "false" y ningún elemento de origen con "Private" establecido en "true".
         Referencia principal "netstandard, Version=2.1.0.0, Culture=neutral, PublicKeyToken=cc7b13ffcd2ddd51".
             La ruta de acceso del archivo resuelta es "C:\Users\rm619\.nuget\packages\microsoft.netcore.app.ref\9.0.18\ref\net9.0\netstandard.dll".
             Se encontró una referencia en la ubicación de ruta de acceso de búsqueda "{RawFileName}".
             Esta referencia no es "CopyLocal" porque existe al menos un elemento de origen con "Private" establecido en "false" y ningún elemento de origen con "Private" establecido en "true".
         Referencia principal "Microsoft.AspNetCore.Antiforgery, Version=9.0.0.0, Culture=neutral, PublicKeyToken=adb9793829ddae60".
             La ruta de acceso del archivo resuelta es "C:\Users\rm619\.nuget\packages\microsoft.aspnetcore.app.ref\9.0.18\ref\net9.0\Microsoft.AspNetCore.Antiforgery.dll".
             Se encontró una referencia en la ubicación de ruta de acceso de búsqueda "{RawFileName}".
             Esta referencia no es "CopyLocal" porque existe al menos un elemento de origen con "Private" establecido en "false" y ningún elemento de origen con "Private" establecido en "true".
         Referencia principal "Microsoft.AspNetCore.Authentication.Abstractions, Version=9.0.0.0, Culture=neutral, PublicKeyToken=adb9793829ddae60".
             La ruta de acceso del archivo resuelta es "C:\Users\rm619\.nuget\packages\microsoft.aspnetcore.app.ref\9.0.18\ref\net9.0\Microsoft.AspNetCore.Authentication.Abstractions.dll".
             Se encontró una referencia en la ubicación de ruta de acceso de búsqueda "{RawFileName}".
             Esta referencia no es "CopyLocal" porque existe al menos un elemento de origen con "Private" establecido en "false" y ningún elemento de origen con "Private" establecido en "true".
         Referencia principal "Microsoft.AspNetCore.Authentication.BearerToken, Version=9.0.0.0, Culture=neutral, PublicKeyToken=adb9793829ddae60".
             La ruta de acceso del archivo resuelta es "C:\Users\rm619\.nuget\packages\microsoft.aspnetcore.app.ref\9.0.18\ref\net9.0\Microsoft.AspNetCore.Authentication.BearerToken.dll".
             Se encontró una referencia en la ubicación de ruta de acceso de búsqueda "{RawFileName}".
             Esta referencia no es "CopyLocal" porque existe al menos un elemento de origen con "Private" establecido en "false" y ningún elemento de origen con "Private" establecido en "true".
         Referencia principal "Microsoft.AspNetCore.Authentication.Cookies, Version=9.0.0.0, Culture=neutral, PublicKeyToken=adb9793829ddae60".
             La ruta de acceso del archivo resuelta es "C:\Users\rm619\.nuget\packages\microsoft.aspnetcore.app.ref\9.0.18\ref\net9.0\Microsoft.AspNetCore.Authentication.Cookies.dll".
             Se encontró una referencia en la ubicación de ruta de acceso de búsqueda "{RawFileName}".
             Esta referencia no es "CopyLocal" porque existe al menos un elemento de origen con "Private" establecido en "false" y ningún elemento de origen con "Private" establecido en "true".
         Referencia principal "Microsoft.AspNetCore.Authentication.Core, Version=9.0.0.0, Culture=neutral, PublicKeyToken=adb9793829ddae60".
             La ruta de acceso del archivo resuelta es "C:\Users\rm619\.nuget\packages\microsoft.aspnetcore.app.ref\9.0.18\ref\net9.0\Microsoft.AspNetCore.Authentication.Core.dll".
             Se encontró una referencia en la ubicación de ruta de acceso de búsqueda "{RawFileName}".
             Esta referencia no es "CopyLocal" porque existe al menos un elemento de origen con "Private" establecido en "false" y ningún elemento de origen con "Private" establecido en "true".
         Referencia principal "Microsoft.AspNetCore.Authentication.OAuth, Version=9.0.0.0, Culture=neutral, PublicKeyToken=adb9793829ddae60".
             La ruta de acceso del archivo resuelta es "C:\Users\rm619\.nuget\packages\microsoft.aspnetcore.app.ref\9.0.18\ref\net9.0\Microsoft.AspNetCore.Authentication.OAuth.dll".
             Se encontró una referencia en la ubicación de ruta de acceso de búsqueda "{RawFileName}".
             Esta referencia no es "CopyLocal" porque existe al menos un elemento de origen con "Private" establecido en "false" y ningún elemento de origen con "Private" establecido en "true".
         Referencia principal "Microsoft.AspNetCore.Authentication, Version=9.0.0.0, Culture=neutral, PublicKeyToken=adb9793829ddae60".
             La ruta de acceso del archivo resuelta es "C:\Users\rm619\.nuget\packages\microsoft.aspnetcore.app.ref\9.0.18\ref\net9.0\Microsoft.AspNetCore.Authentication.dll".
             Se encontró una referencia en la ubicación de ruta de acceso de búsqueda "{RawFileName}".
             Esta referencia no es "CopyLocal" porque existe al menos un elemento de origen con "Private" establecido en "false" y ningún elemento de origen con "Private" establecido en "true".
         Referencia principal "Microsoft.AspNetCore.Authorization.Policy, Version=9.0.0.0, Culture=neutral, PublicKeyToken=adb9793829ddae60".
             La ruta de acceso del archivo resuelta es "C:\Users\rm619\.nuget\packages\microsoft.aspnetcore.app.ref\9.0.18\ref\net9.0\Microsoft.AspNetCore.Authorization.Policy.dll".
             Se encontró una referencia en la ubicación de ruta de acceso de búsqueda "{RawFileName}".
             Esta referencia no es "CopyLocal" porque existe al menos un elemento de origen con "Private" establecido en "false" y ningún elemento de origen con "Private" establecido en "true".
         Referencia principal "Microsoft.AspNetCore.Authorization, Version=9.0.0.0, Culture=neutral, PublicKeyToken=adb9793829ddae60".
             La ruta de acceso del archivo resuelta es "C:\Users\rm619\.nuget\packages\microsoft.aspnetcore.app.ref\9.0.18\ref\net9.0\Microsoft.AspNetCore.Authorization.dll".
             Se encontró una referencia en la ubicación de ruta de acceso de búsqueda "{RawFileName}".
             Esta referencia no es "CopyLocal" porque existe al menos un elemento de origen con "Private" establecido en "false" y ningún elemento de origen con "Private" establecido en "true".
         Referencia principal "Microsoft.AspNetCore.Components.Authorization, Version=9.0.0.0, Culture=neutral, PublicKeyToken=adb9793829ddae60".
             La ruta de acceso del archivo resuelta es "C:\Users\rm619\.nuget\packages\microsoft.aspnetcore.app.ref\9.0.18\ref\net9.0\Microsoft.AspNetCore.Components.Authorization.dll".
             Se encontró una referencia en la ubicación de ruta de acceso de búsqueda "{RawFileName}".
             Esta referencia no es "CopyLocal" porque existe al menos un elemento de origen con "Private" establecido en "false" y ningún elemento de origen con "Private" establecido en "true".
         Referencia principal "Microsoft.AspNetCore.Components.Endpoints, Version=9.0.0.0, Culture=neutral, PublicKeyToken=adb9793829ddae60".
             La ruta de acceso del archivo resuelta es "C:\Users\rm619\.nuget\packages\microsoft.aspnetcore.app.ref\9.0.18\ref\net9.0\Microsoft.AspNetCore.Components.Endpoints.dll".
             Se encontró una referencia en la ubicación de ruta de acceso de búsqueda "{RawFileName}".
             Esta referencia no es "CopyLocal" porque existe al menos un elemento de origen con "Private" establecido en "false" y ningún elemento de origen con "Private" establecido en "true".
         Referencia principal "Microsoft.AspNetCore.Components.Forms, Version=9.0.0.0, Culture=neutral, PublicKeyToken=adb9793829ddae60".
             La ruta de acceso del archivo resuelta es "C:\Users\rm619\.nuget\packages\microsoft.aspnetcore.app.ref\9.0.18\ref\net9.0\Microsoft.AspNetCore.Components.Forms.dll".
             Se encontró una referencia en la ubicación de ruta de acceso de búsqueda "{RawFileName}".
             Esta referencia no es "CopyLocal" porque existe al menos un elemento de origen con "Private" establecido en "false" y ningún elemento de origen con "Private" establecido en "true".
         Referencia principal "Microsoft.AspNetCore.Components.Server, Version=9.0.0.0, Culture=neutral, PublicKeyToken=adb9793829ddae60".
             La ruta de acceso del archivo resuelta es "C:\Users\rm619\.nuget\packages\microsoft.aspnetcore.app.ref\9.0.18\ref\net9.0\Microsoft.AspNetCore.Components.Server.dll".
             Se encontró una referencia en la ubicación de ruta de acceso de búsqueda "{RawFileName}".
             Esta referencia no es "CopyLocal" porque existe al menos un elemento de origen con "Private" establecido en "false" y ningún elemento de origen con "Private" establecido en "true".
         Referencia principal "Microsoft.AspNetCore.Components.Web, Version=9.0.0.0, Culture=neutral, PublicKeyToken=adb9793829ddae60".
             La ruta de acceso del archivo resuelta es "C:\Users\rm619\.nuget\packages\microsoft.aspnetcore.app.ref\9.0.18\ref\net9.0\Microsoft.AspNetCore.Components.Web.dll".
             Se encontró una referencia en la ubicación de ruta de acceso de búsqueda "{RawFileName}".
             Esta referencia no es "CopyLocal" porque existe al menos un elemento de origen con "Private" establecido en "false" y ningún elemento de origen con "Private" establecido en "true".
         Referencia principal "Microsoft.AspNetCore.Components, Version=9.0.0.0, Culture=neutral, PublicKeyToken=adb9793829ddae60".
             La ruta de acceso del archivo resuelta es "C:\Users\rm619\.nuget\packages\microsoft.aspnetcore.app.ref\9.0.18\ref\net9.0\Microsoft.AspNetCore.Components.dll".
             Se encontró una referencia en la ubicación de ruta de acceso de búsqueda "{RawFileName}".
             Esta referencia no es "CopyLocal" porque existe al menos un elemento de origen con "Private" establecido en "false" y ningún elemento de origen con "Private" establecido en "true".
         Referencia principal "Microsoft.AspNetCore.Connections.Abstractions, Version=9.0.0.0, Culture=neutral, PublicKeyToken=adb9793829ddae60".
             La ruta de acceso del archivo resuelta es "C:\Users\rm619\.nuget\packages\microsoft.aspnetcore.app.ref\9.0.18\ref\net9.0\Microsoft.AspNetCore.Connections.Abstractions.dll".
             Se encontró una referencia en la ubicación de ruta de acceso de búsqueda "{RawFileName}".
             Esta referencia no es "CopyLocal" porque existe al menos un elemento de origen con "Private" establecido en "false" y ningún elemento de origen con "Private" establecido en "true".
         Referencia principal "Microsoft.AspNetCore.CookiePolicy, Version=9.0.0.0, Culture=neutral, PublicKeyToken=adb9793829ddae60".
             La ruta de acceso del archivo resuelta es "C:\Users\rm619\.nuget\packages\microsoft.aspnetcore.app.ref\9.0.18\ref\net9.0\Microsoft.AspNetCore.CookiePolicy.dll".
             Se encontró una referencia en la ubicación de ruta de acceso de búsqueda "{RawFileName}".
             Esta referencia no es "CopyLocal" porque existe al menos un elemento de origen con "Private" establecido en "false" y ningún elemento de origen con "Private" establecido en "true".
         Referencia principal "Microsoft.AspNetCore.Cors, Version=9.0.0.0, Culture=neutral, PublicKeyToken=adb9793829ddae60".
             La ruta de acceso del archivo resuelta es "C:\Users\rm619\.nuget\packages\microsoft.aspnetcore.app.ref\9.0.18\ref\net9.0\Microsoft.AspNetCore.Cors.dll".
             Se encontró una referencia en la ubicación de ruta de acceso de búsqueda "{RawFileName}".
             Esta referencia no es "CopyLocal" porque existe al menos un elemento de origen con "Private" establecido en "false" y ningún elemento de origen con "Private" establecido en "true".
         Referencia principal "Microsoft.AspNetCore.Cryptography.Internal, Version=9.0.0.0, Culture=neutral, PublicKeyToken=adb9793829ddae60".
             La ruta de acceso del archivo resuelta es "C:\Users\rm619\.nuget\packages\microsoft.aspnetcore.app.ref\9.0.18\ref\net9.0\Microsoft.AspNetCore.Cryptography.Internal.dll".
             Se encontró una referencia en la ubicación de ruta de acceso de búsqueda "{RawFileName}".
             Esta referencia no es "CopyLocal" porque existe al menos un elemento de origen con "Private" establecido en "false" y ningún elemento de origen con "Private" establecido en "true".
         Referencia principal "Microsoft.AspNetCore.Cryptography.KeyDerivation, Version=9.0.0.0, Culture=neutral, PublicKeyToken=adb9793829ddae60".
             La ruta de acceso del archivo resuelta es "C:\Users\rm619\.nuget\packages\microsoft.aspnetcore.app.ref\9.0.18\ref\net9.0\Microsoft.AspNetCore.Cryptography.KeyDerivation.dll".
             Se encontró una referencia en la ubicación de ruta de acceso de búsqueda "{RawFileName}".
             Esta referencia no es "CopyLocal" porque existe al menos un elemento de origen con "Private" establecido en "false" y ningún elemento de origen con "Private" establecido en "true".
         Referencia principal "Microsoft.AspNetCore.DataProtection.Abstractions, Version=9.0.0.0, Culture=neutral, PublicKeyToken=adb9793829ddae60".
             La ruta de acceso del archivo resuelta es "C:\Users\rm619\.nuget\packages\microsoft.aspnetcore.app.ref\9.0.18\ref\net9.0\Microsoft.AspNetCore.DataProtection.Abstractions.dll".
             Se encontró una referencia en la ubicación de ruta de acceso de búsqueda "{RawFileName}".
             Esta referencia no es "CopyLocal" porque existe al menos un elemento de origen con "Private" establecido en "false" y ningún elemento de origen con "Private" establecido en "true".
         Referencia principal "Microsoft.AspNetCore.DataProtection.Extensions, Version=9.0.0.0, Culture=neutral, PublicKeyToken=adb9793829ddae60".
             La ruta de acceso del archivo resuelta es "C:\Users\rm619\.nuget\packages\microsoft.aspnetcore.app.ref\9.0.18\ref\net9.0\Microsoft.AspNetCore.DataProtection.Extensions.dll".
             Se encontró una referencia en la ubicación de ruta de acceso de búsqueda "{RawFileName}".
             Esta referencia no es "CopyLocal" porque existe al menos un elemento de origen con "Private" establecido en "false" y ningún elemento de origen con "Private" establecido en "true".
         Referencia principal "Microsoft.AspNetCore.DataProtection, Version=9.0.0.0, Culture=neutral, PublicKeyToken=adb9793829ddae60".
             La ruta de acceso del archivo resuelta es "C:\Users\rm619\.nuget\packages\microsoft.aspnetcore.app.ref\9.0.18\ref\net9.0\Microsoft.AspNetCore.DataProtection.dll".
             Se encontró una referencia en la ubicación de ruta de acceso de búsqueda "{RawFileName}".
             Esta referencia no es "CopyLocal" porque existe al menos un elemento de origen con "Private" establecido en "false" y ningún elemento de origen con "Private" establecido en "true".
         Referencia principal "Microsoft.AspNetCore.Diagnostics.Abstractions, Version=9.0.0.0, Culture=neutral, PublicKeyToken=adb9793829ddae60".
             La ruta de acceso del archivo resuelta es "C:\Users\rm619\.nuget\packages\microsoft.aspnetcore.app.ref\9.0.18\ref\net9.0\Microsoft.AspNetCore.Diagnostics.Abstractions.dll".
             Se encontró una referencia en la ubicación de ruta de acceso de búsqueda "{RawFileName}".
             Esta referencia no es "CopyLocal" porque existe al menos un elemento de origen con "Private" establecido en "false" y ningún elemento de origen con "Private" establecido en "true".
         Referencia principal "Microsoft.AspNetCore.Diagnostics.HealthChecks, Version=9.0.0.0, Culture=neutral, PublicKeyToken=adb9793829ddae60".
             La ruta de acceso del archivo resuelta es "C:\Users\rm619\.nuget\packages\microsoft.aspnetcore.app.ref\9.0.18\ref\net9.0\Microsoft.AspNetCore.Diagnostics.HealthChecks.dll".
             Se encontró una referencia en la ubicación de ruta de acceso de búsqueda "{RawFileName}".
             Esta referencia no es "CopyLocal" porque existe al menos un elemento de origen con "Private" establecido en "false" y ningún elemento de origen con "Private" establecido en "true".
         Referencia principal "Microsoft.AspNetCore.Diagnostics, Version=9.0.0.0, Culture=neutral, PublicKeyToken=adb9793829ddae60".
             La ruta de acceso del archivo resuelta es "C:\Users\rm619\.nuget\packages\microsoft.aspnetcore.app.ref\9.0.18\ref\net9.0\Microsoft.AspNetCore.Diagnostics.dll".
             Se encontró una referencia en la ubicación de ruta de acceso de búsqueda "{RawFileName}".
             Esta referencia no es "CopyLocal" porque existe al menos un elemento de origen con "Private" establecido en "false" y ningún elemento de origen con "Private" establecido en "true".
         Referencia principal "Microsoft.AspNetCore.HostFiltering, Version=9.0.0.0, Culture=neutral, PublicKeyToken=adb9793829ddae60".
             La ruta de acceso del archivo resuelta es "C:\Users\rm619\.nuget\packages\microsoft.aspnetcore.app.ref\9.0.18\ref\net9.0\Microsoft.AspNetCore.HostFiltering.dll".
             Se encontró una referencia en la ubicación de ruta de acceso de búsqueda "{RawFileName}".
             Esta referencia no es "CopyLocal" porque existe al menos un elemento de origen con "Private" establecido en "false" y ningún elemento de origen con "Private" establecido en "true".
         Referencia principal "Microsoft.AspNetCore.Hosting.Abstractions, Version=9.0.0.0, Culture=neutral, PublicKeyToken=adb9793829ddae60".
             La ruta de acceso del archivo resuelta es "C:\Users\rm619\.nuget\packages\microsoft.aspnetcore.app.ref\9.0.18\ref\net9.0\Microsoft.AspNetCore.Hosting.Abstractions.dll".
             Se encontró una referencia en la ubicación de ruta de acceso de búsqueda "{RawFileName}".
             Esta referencia no es "CopyLocal" porque existe al menos un elemento de origen con "Private" establecido en "false" y ningún elemento de origen con "Private" establecido en "true".
         Referencia principal "Microsoft.AspNetCore.Hosting.Server.Abstractions, Version=9.0.0.0, Culture=neutral, PublicKeyToken=adb9793829ddae60".
             La ruta de acceso del archivo resuelta es "C:\Users\rm619\.nuget\packages\microsoft.aspnetcore.app.ref\9.0.18\ref\net9.0\Microsoft.AspNetCore.Hosting.Server.Abstractions.dll".
             Se encontró una referencia en la ubicación de ruta de acceso de búsqueda "{RawFileName}".
             Esta referencia no es "CopyLocal" porque existe al menos un elemento de origen con "Private" establecido en "false" y ningún elemento de origen con "Private" establecido en "true".
         Referencia principal "Microsoft.AspNetCore.Hosting, Version=9.0.0.0, Culture=neutral, PublicKeyToken=adb9793829ddae60".
             La ruta de acceso del archivo resuelta es "C:\Users\rm619\.nuget\packages\microsoft.aspnetcore.app.ref\9.0.18\ref\net9.0\Microsoft.AspNetCore.Hosting.dll".
             Se encontró una referencia en la ubicación de ruta de acceso de búsqueda "{RawFileName}".
             Esta referencia no es "CopyLocal" porque existe al menos un elemento de origen con "Private" establecido en "false" y ningún elemento de origen con "Private" establecido en "true".
         Referencia principal "Microsoft.AspNetCore.Html.Abstractions, Version=9.0.0.0, Culture=neutral, PublicKeyToken=adb9793829ddae60".
             La ruta de acceso del archivo resuelta es "C:\Users\rm619\.nuget\packages\microsoft.aspnetcore.app.ref\9.0.18\ref\net9.0\Microsoft.AspNetCore.Html.Abstractions.dll".
             Se encontró una referencia en la ubicación de ruta de acceso de búsqueda "{RawFileName}".
             Esta referencia no es "CopyLocal" porque existe al menos un elemento de origen con "Private" establecido en "false" y ningún elemento de origen con "Private" establecido en "true".
         Referencia principal "Microsoft.AspNetCore.Http.Abstractions, Version=9.0.0.0, Culture=neutral, PublicKeyToken=adb9793829ddae60".
             La ruta de acceso del archivo resuelta es "C:\Users\rm619\.nuget\packages\microsoft.aspnetcore.app.ref\9.0.18\ref\net9.0\Microsoft.AspNetCore.Http.Abstractions.dll".
             Se encontró una referencia en la ubicación de ruta de acceso de búsqueda "{RawFileName}".
             Esta referencia no es "CopyLocal" porque existe al menos un elemento de origen con "Private" establecido en "false" y ningún elemento de origen con "Private" establecido en "true".
         Referencia principal "Microsoft.AspNetCore.Http.Connections.Common, Version=9.0.0.0, Culture=neutral, PublicKeyToken=adb9793829ddae60".
             La ruta de acceso del archivo resuelta es "C:\Users\rm619\.nuget\packages\microsoft.aspnetcore.app.ref\9.0.18\ref\net9.0\Microsoft.AspNetCore.Http.Connections.Common.dll".
             Se encontró una referencia en la ubicación de ruta de acceso de búsqueda "{RawFileName}".
             Esta referencia no es "CopyLocal" porque existe al menos un elemento de origen con "Private" establecido en "false" y ningún elemento de origen con "Private" establecido en "true".
         Referencia principal "Microsoft.AspNetCore.Http.Connections, Version=9.0.0.0, Culture=neutral, PublicKeyToken=adb9793829ddae60".
             La ruta de acceso del archivo resuelta es "C:\Users\rm619\.nuget\packages\microsoft.aspnetcore.app.ref\9.0.18\ref\net9.0\Microsoft.AspNetCore.Http.Connections.dll".
             Se encontró una referencia en la ubicación de ruta de acceso de búsqueda "{RawFileName}".
             Esta referencia no es "CopyLocal" porque existe al menos un elemento de origen con "Private" establecido en "false" y ningún elemento de origen con "Private" establecido en "true".
         Referencia principal "Microsoft.AspNetCore.Http.Extensions, Version=9.0.0.0, Culture=neutral, PublicKeyToken=adb9793829ddae60".
             La ruta de acceso del archivo resuelta es "C:\Users\rm619\.nuget\packages\microsoft.aspnetcore.app.ref\9.0.18\ref\net9.0\Microsoft.AspNetCore.Http.Extensions.dll".
             Se encontró una referencia en la ubicación de ruta de acceso de búsqueda "{RawFileName}".
             Esta referencia no es "CopyLocal" porque existe al menos un elemento de origen con "Private" establecido en "false" y ningún elemento de origen con "Private" establecido en "true".
         Referencia principal "Microsoft.AspNetCore.Http.Features, Version=9.0.0.0, Culture=neutral, PublicKeyToken=adb9793829ddae60".
             La ruta de acceso del archivo resuelta es "C:\Users\rm619\.nuget\packages\microsoft.aspnetcore.app.ref\9.0.18\ref\net9.0\Microsoft.AspNetCore.Http.Features.dll".
             Se encontró una referencia en la ubicación de ruta de acceso de búsqueda "{RawFileName}".
             Esta referencia no es "CopyLocal" porque existe al menos un elemento de origen con "Private" establecido en "false" y ningún elemento de origen con "Private" establecido en "true".
         Referencia principal "Microsoft.AspNetCore.Http.Results, Version=9.0.0.0, Culture=neutral, PublicKeyToken=adb9793829ddae60".
             La ruta de acceso del archivo resuelta es "C:\Users\rm619\.nuget\packages\microsoft.aspnetcore.app.ref\9.0.18\ref\net9.0\Microsoft.AspNetCore.Http.Results.dll".
             Se encontró una referencia en la ubicación de ruta de acceso de búsqueda "{RawFileName}".
             Esta referencia no es "CopyLocal" porque existe al menos un elemento de origen con "Private" establecido en "false" y ningún elemento de origen con "Private" establecido en "true".
         Referencia principal "Microsoft.AspNetCore.Http, Version=9.0.0.0, Culture=neutral, PublicKeyToken=adb9793829ddae60".
             La ruta de acceso del archivo resuelta es "C:\Users\rm619\.nuget\packages\microsoft.aspnetcore.app.ref\9.0.18\ref\net9.0\Microsoft.AspNetCore.Http.dll".
             Se encontró una referencia en la ubicación de ruta de acceso de búsqueda "{RawFileName}".
             Esta referencia no es "CopyLocal" porque existe al menos un elemento de origen con "Private" establecido en "false" y ningún elemento de origen con "Private" establecido en "true".
         Referencia principal "Microsoft.AspNetCore.HttpLogging, Version=9.0.0.0, Culture=neutral, PublicKeyToken=adb9793829ddae60".
             La ruta de acceso del archivo resuelta es "C:\Users\rm619\.nuget\packages\microsoft.aspnetcore.app.ref\9.0.18\ref\net9.0\Microsoft.AspNetCore.HttpLogging.dll".
             Se encontró una referencia en la ubicación de ruta de acceso de búsqueda "{RawFileName}".
             Esta referencia no es "CopyLocal" porque existe al menos un elemento de origen con "Private" establecido en "false" y ningún elemento de origen con "Private" establecido en "true".
         Referencia principal "Microsoft.AspNetCore.HttpOverrides, Version=9.0.0.0, Culture=neutral, PublicKeyToken=adb9793829ddae60".
             La ruta de acceso del archivo resuelta es "C:\Users\rm619\.nuget\packages\microsoft.aspnetcore.app.ref\9.0.18\ref\net9.0\Microsoft.AspNetCore.HttpOverrides.dll".
             Se encontró una referencia en la ubicación de ruta de acceso de búsqueda "{RawFileName}".
             Esta referencia no es "CopyLocal" porque existe al menos un elemento de origen con "Private" establecido en "false" y ningún elemento de origen con "Private" establecido en "true".
         Referencia principal "Microsoft.AspNetCore.HttpsPolicy, Version=9.0.0.0, Culture=neutral, PublicKeyToken=adb9793829ddae60".
             La ruta de acceso del archivo resuelta es "C:\Users\rm619\.nuget\packages\microsoft.aspnetcore.app.ref\9.0.18\ref\net9.0\Microsoft.AspNetCore.HttpsPolicy.dll".
             Se encontró una referencia en la ubicación de ruta de acceso de búsqueda "{RawFileName}".
             Esta referencia no es "CopyLocal" porque existe al menos un elemento de origen con "Private" establecido en "false" y ningún elemento de origen con "Private" establecido en "true".
         Referencia principal "Microsoft.AspNetCore.Identity, Version=9.0.0.0, Culture=neutral, PublicKeyToken=adb9793829ddae60".
             La ruta de acceso del archivo resuelta es "C:\Users\rm619\.nuget\packages\microsoft.aspnetcore.app.ref\9.0.18\ref\net9.0\Microsoft.AspNetCore.Identity.dll".
             Se encontró una referencia en la ubicación de ruta de acceso de búsqueda "{RawFileName}".
             Esta referencia no es "CopyLocal" porque existe al menos un elemento de origen con "Private" establecido en "false" y ningún elemento de origen con "Private" establecido en "true".
         Referencia principal "Microsoft.AspNetCore.Localization.Routing, Version=9.0.0.0, Culture=neutral, PublicKeyToken=adb9793829ddae60".
             La ruta de acceso del archivo resuelta es "C:\Users\rm619\.nuget\packages\microsoft.aspnetcore.app.ref\9.0.18\ref\net9.0\Microsoft.AspNetCore.Localization.Routing.dll".
             Se encontró una referencia en la ubicación de ruta de acceso de búsqueda "{RawFileName}".
             Esta referencia no es "CopyLocal" porque existe al menos un elemento de origen con "Private" establecido en "false" y ningún elemento de origen con "Private" establecido en "true".
         Referencia principal "Microsoft.AspNetCore.Localization, Version=9.0.0.0, Culture=neutral, PublicKeyToken=adb9793829ddae60".
             La ruta de acceso del archivo resuelta es "C:\Users\rm619\.nuget\packages\microsoft.aspnetcore.app.ref\9.0.18\ref\net9.0\Microsoft.AspNetCore.Localization.dll".
             Se encontró una referencia en la ubicación de ruta de acceso de búsqueda "{RawFileName}".
             Esta referencia no es "CopyLocal" porque existe al menos un elemento de origen con "Private" establecido en "false" y ningún elemento de origen con "Private" establecido en "true".
         Referencia principal "Microsoft.AspNetCore.Metadata, Version=9.0.0.0, Culture=neutral, PublicKeyToken=adb9793829ddae60".
             La ruta de acceso del archivo resuelta es "C:\Users\rm619\.nuget\packages\microsoft.aspnetcore.app.ref\9.0.18\ref\net9.0\Microsoft.AspNetCore.Metadata.dll".
             Se encontró una referencia en la ubicación de ruta de acceso de búsqueda "{RawFileName}".
             Esta referencia no es "CopyLocal" porque existe al menos un elemento de origen con "Private" establecido en "false" y ningún elemento de origen con "Private" establecido en "true".
         Referencia principal "Microsoft.AspNetCore.Mvc.Abstractions, Version=9.0.0.0, Culture=neutral, PublicKeyToken=adb9793829ddae60".
             La ruta de acceso del archivo resuelta es "C:\Users\rm619\.nuget\packages\microsoft.aspnetcore.app.ref\9.0.18\ref\net9.0\Microsoft.AspNetCore.Mvc.Abstractions.dll".
             Se encontró una referencia en la ubicación de ruta de acceso de búsqueda "{RawFileName}".
             Esta referencia no es "CopyLocal" porque existe al menos un elemento de origen con "Private" establecido en "false" y ningún elemento de origen con "Private" establecido en "true".
         Referencia principal "Microsoft.AspNetCore.Mvc.ApiExplorer, Version=9.0.0.0, Culture=neutral, PublicKeyToken=adb9793829ddae60".
             La ruta de acceso del archivo resuelta es "C:\Users\rm619\.nuget\packages\microsoft.aspnetcore.app.ref\9.0.18\ref\net9.0\Microsoft.AspNetCore.Mvc.ApiExplorer.dll".
             Se encontró una referencia en la ubicación de ruta de acceso de búsqueda "{RawFileName}".
             Esta referencia no es "CopyLocal" porque existe al menos un elemento de origen con "Private" establecido en "false" y ningún elemento de origen con "Private" establecido en "true".
         Referencia principal "Microsoft.AspNetCore.Mvc.Core, Version=9.0.0.0, Culture=neutral, PublicKeyToken=adb9793829ddae60".
             La ruta de acceso del archivo resuelta es "C:\Users\rm619\.nuget\packages\microsoft.aspnetcore.app.ref\9.0.18\ref\net9.0\Microsoft.AspNetCore.Mvc.Core.dll".
             Se encontró una referencia en la ubicación de ruta de acceso de búsqueda "{RawFileName}".
             Esta referencia no es "CopyLocal" porque existe al menos un elemento de origen con "Private" establecido en "false" y ningún elemento de origen con "Private" establecido en "true".
         Referencia principal "Microsoft.AspNetCore.Mvc.Cors, Version=9.0.0.0, Culture=neutral, PublicKeyToken=adb9793829ddae60".
             La ruta de acceso del archivo resuelta es "C:\Users\rm619\.nuget\packages\microsoft.aspnetcore.app.ref\9.0.18\ref\net9.0\Microsoft.AspNetCore.Mvc.Cors.dll".
             Se encontró una referencia en la ubicación de ruta de acceso de búsqueda "{RawFileName}".
             Esta referencia no es "CopyLocal" porque existe al menos un elemento de origen con "Private" establecido en "false" y ningún elemento de origen con "Private" establecido en "true".
         Referencia principal "Microsoft.AspNetCore.Mvc.DataAnnotations, Version=9.0.0.0, Culture=neutral, PublicKeyToken=adb9793829ddae60".
             La ruta de acceso del archivo resuelta es "C:\Users\rm619\.nuget\packages\microsoft.aspnetcore.app.ref\9.0.18\ref\net9.0\Microsoft.AspNetCore.Mvc.DataAnnotations.dll".
             Se encontró una referencia en la ubicación de ruta de acceso de búsqueda "{RawFileName}".
             Esta referencia no es "CopyLocal" porque existe al menos un elemento de origen con "Private" establecido en "false" y ningún elemento de origen con "Private" establecido en "true".
         Referencia principal "Microsoft.AspNetCore.Mvc.Formatters.Json, Version=9.0.0.0, Culture=neutral, PublicKeyToken=adb9793829ddae60".
             La ruta de acceso del archivo resuelta es "C:\Users\rm619\.nuget\packages\microsoft.aspnetcore.app.ref\9.0.18\ref\net9.0\Microsoft.AspNetCore.Mvc.Formatters.Json.dll".
             Se encontró una referencia en la ubicación de ruta de acceso de búsqueda "{RawFileName}".
             Esta referencia no es "CopyLocal" porque existe al menos un elemento de origen con "Private" establecido en "false" y ningún elemento de origen con "Private" establecido en "true".
         Referencia principal "Microsoft.AspNetCore.Mvc.Formatters.Xml, Version=9.0.0.0, Culture=neutral, PublicKeyToken=adb9793829ddae60".
             La ruta de acceso del archivo resuelta es "C:\Users\rm619\.nuget\packages\microsoft.aspnetcore.app.ref\9.0.18\ref\net9.0\Microsoft.AspNetCore.Mvc.Formatters.Xml.dll".
             Se encontró una referencia en la ubicación de ruta de acceso de búsqueda "{RawFileName}".
             Esta referencia no es "CopyLocal" porque existe al menos un elemento de origen con "Private" establecido en "false" y ningún elemento de origen con "Private" establecido en "true".
         Referencia principal "Microsoft.AspNetCore.Mvc.Localization, Version=9.0.0.0, Culture=neutral, PublicKeyToken=adb9793829ddae60".
             La ruta de acceso del archivo resuelta es "C:\Users\rm619\.nuget\packages\microsoft.aspnetcore.app.ref\9.0.18\ref\net9.0\Microsoft.AspNetCore.Mvc.Localization.dll".
             Se encontró una referencia en la ubicación de ruta de acceso de búsqueda "{RawFileName}".
             Esta referencia no es "CopyLocal" porque existe al menos un elemento de origen con "Private" establecido en "false" y ningún elemento de origen con "Private" establecido en "true".
         Referencia principal "Microsoft.AspNetCore.Mvc.Razor, Version=9.0.0.0, Culture=neutral, PublicKeyToken=adb9793829ddae60".
             La ruta de acceso del archivo resuelta es "C:\Users\rm619\.nuget\packages\microsoft.aspnetcore.app.ref\9.0.18\ref\net9.0\Microsoft.AspNetCore.Mvc.Razor.dll".
             Se encontró una referencia en la ubicación de ruta de acceso de búsqueda "{RawFileName}".
             Esta referencia no es "CopyLocal" porque existe al menos un elemento de origen con "Private" establecido en "false" y ningún elemento de origen con "Private" establecido en "true".
         Referencia principal "Microsoft.AspNetCore.Mvc.RazorPages, Version=9.0.0.0, Culture=neutral, PublicKeyToken=adb9793829ddae60".
             La ruta de acceso del archivo resuelta es "C:\Users\rm619\.nuget\packages\microsoft.aspnetcore.app.ref\9.0.18\ref\net9.0\Microsoft.AspNetCore.Mvc.RazorPages.dll".
             Se encontró una referencia en la ubicación de ruta de acceso de búsqueda "{RawFileName}".
             Esta referencia no es "CopyLocal" porque existe al menos un elemento de origen con "Private" establecido en "false" y ningún elemento de origen con "Private" establecido en "true".
         Referencia principal "Microsoft.AspNetCore.Mvc.TagHelpers, Version=9.0.0.0, Culture=neutral, PublicKeyToken=adb9793829ddae60".
             La ruta de acceso del archivo resuelta es "C:\Users\rm619\.nuget\packages\microsoft.aspnetcore.app.ref\9.0.18\ref\net9.0\Microsoft.AspNetCore.Mvc.TagHelpers.dll".
             Se encontró una referencia en la ubicación de ruta de acceso de búsqueda "{RawFileName}".
             Esta referencia no es "CopyLocal" porque existe al menos un elemento de origen con "Private" establecido en "false" y ningún elemento de origen con "Private" establecido en "true".
         Referencia principal "Microsoft.AspNetCore.Mvc.ViewFeatures, Version=9.0.0.0, Culture=neutral, PublicKeyToken=adb9793829ddae60".
             La ruta de acceso del archivo resuelta es "C:\Users\rm619\.nuget\packages\microsoft.aspnetcore.app.ref\9.0.18\ref\net9.0\Microsoft.AspNetCore.Mvc.ViewFeatures.dll".
             Se encontró una referencia en la ubicación de ruta de acceso de búsqueda "{RawFileName}".
             Esta referencia no es "CopyLocal" porque existe al menos un elemento de origen con "Private" establecido en "false" y ningún elemento de origen con "Private" establecido en "true".
         Referencia principal "Microsoft.AspNetCore.Mvc, Version=9.0.0.0, Culture=neutral, PublicKeyToken=adb9793829ddae60".
             La ruta de acceso del archivo resuelta es "C:\Users\rm619\.nuget\packages\microsoft.aspnetcore.app.ref\9.0.18\ref\net9.0\Microsoft.AspNetCore.Mvc.dll".
             Se encontró una referencia en la ubicación de ruta de acceso de búsqueda "{RawFileName}".
             Esta referencia no es "CopyLocal" porque existe al menos un elemento de origen con "Private" establecido en "false" y ningún elemento de origen con "Private" establecido en "true".
         Referencia principal "Microsoft.AspNetCore.OutputCaching, Version=9.0.0.0, Culture=neutral, PublicKeyToken=adb9793829ddae60".
             La ruta de acceso del archivo resuelta es "C:\Users\rm619\.nuget\packages\microsoft.aspnetcore.app.ref\9.0.18\ref\net9.0\Microsoft.AspNetCore.OutputCaching.dll".
             Se encontró una referencia en la ubicación de ruta de acceso de búsqueda "{RawFileName}".
             Esta referencia no es "CopyLocal" porque existe al menos un elemento de origen con "Private" establecido en "false" y ningún elemento de origen con "Private" establecido en "true".
         Referencia principal "Microsoft.AspNetCore.RateLimiting, Version=9.0.0.0, Culture=neutral, PublicKeyToken=adb9793829ddae60".
             La ruta de acceso del archivo resuelta es "C:\Users\rm619\.nuget\packages\microsoft.aspnetcore.app.ref\9.0.18\ref\net9.0\Microsoft.AspNetCore.RateLimiting.dll".
             Se encontró una referencia en la ubicación de ruta de acceso de búsqueda "{RawFileName}".
             Esta referencia no es "CopyLocal" porque existe al menos un elemento de origen con "Private" establecido en "false" y ningún elemento de origen con "Private" establecido en "true".
         Referencia principal "Microsoft.AspNetCore.Razor.Runtime, Version=9.0.0.0, Culture=neutral, PublicKeyToken=adb9793829ddae60".
             La ruta de acceso del archivo resuelta es "C:\Users\rm619\.nuget\packages\microsoft.aspnetcore.app.ref\9.0.18\ref\net9.0\Microsoft.AspNetCore.Razor.Runtime.dll".
             Se encontró una referencia en la ubicación de ruta de acceso de búsqueda "{RawFileName}".
             Esta referencia no es "CopyLocal" porque existe al menos un elemento de origen con "Private" establecido en "false" y ningún elemento de origen con "Private" establecido en "true".
         Referencia principal "Microsoft.AspNetCore.Razor, Version=9.0.0.0, Culture=neutral, PublicKeyToken=adb9793829ddae60".
             La ruta de acceso del archivo resuelta es "C:\Users\rm619\.nuget\packages\microsoft.aspnetcore.app.ref\9.0.18\ref\net9.0\Microsoft.AspNetCore.Razor.dll".
             Se encontró una referencia en la ubicación de ruta de acceso de búsqueda "{RawFileName}".
             Esta referencia no es "CopyLocal" porque existe al menos un elemento de origen con "Private" establecido en "false" y ningún elemento de origen con "Private" establecido en "true".
         Referencia principal "Microsoft.AspNetCore.RequestDecompression, Version=9.0.0.0, Culture=neutral, PublicKeyToken=adb9793829ddae60".
             La ruta de acceso del archivo resuelta es "C:\Users\rm619\.nuget\packages\microsoft.aspnetcore.app.ref\9.0.18\ref\net9.0\Microsoft.AspNetCore.RequestDecompression.dll".
             Se encontró una referencia en la ubicación de ruta de acceso de búsqueda "{RawFileName}".
             Esta referencia no es "CopyLocal" porque existe al menos un elemento de origen con "Private" establecido en "false" y ningún elemento de origen con "Private" establecido en "true".
         Referencia principal "Microsoft.AspNetCore.ResponseCaching.Abstractions, Version=9.0.0.0, Culture=neutral, PublicKeyToken=adb9793829ddae60".
             La ruta de acceso del archivo resuelta es "C:\Users\rm619\.nuget\packages\microsoft.aspnetcore.app.ref\9.0.18\ref\net9.0\Microsoft.AspNetCore.ResponseCaching.Abstractions.dll".
             Se encontró una referencia en la ubicación de ruta de acceso de búsqueda "{RawFileName}".
             Esta referencia no es "CopyLocal" porque existe al menos un elemento de origen con "Private" establecido en "false" y ningún elemento de origen con "Private" establecido en "true".
         Referencia principal "Microsoft.AspNetCore.ResponseCaching, Version=9.0.0.0, Culture=neutral, PublicKeyToken=adb9793829ddae60".
             La ruta de acceso del archivo resuelta es "C:\Users\rm619\.nuget\packages\microsoft.aspnetcore.app.ref\9.0.18\ref\net9.0\Microsoft.AspNetCore.ResponseCaching.dll".
             Se encontró una referencia en la ubicación de ruta de acceso de búsqueda "{RawFileName}".
             Esta referencia no es "CopyLocal" porque existe al menos un elemento de origen con "Private" establecido en "false" y ningún elemento de origen con "Private" establecido en "true".
         Referencia principal "Microsoft.AspNetCore.ResponseCompression, Version=9.0.0.0, Culture=neutral, PublicKeyToken=adb9793829ddae60".
             La ruta de acceso del archivo resuelta es "C:\Users\rm619\.nuget\packages\microsoft.aspnetcore.app.ref\9.0.18\ref\net9.0\Microsoft.AspNetCore.ResponseCompression.dll".
             Se encontró una referencia en la ubicación de ruta de acceso de búsqueda "{RawFileName}".
             Esta referencia no es "CopyLocal" porque existe al menos un elemento de origen con "Private" establecido en "false" y ningún elemento de origen con "Private" establecido en "true".
         Referencia principal "Microsoft.AspNetCore.Rewrite, Version=9.0.0.0, Culture=neutral, PublicKeyToken=adb9793829ddae60".
             La ruta de acceso del archivo resuelta es "C:\Users\rm619\.nuget\packages\microsoft.aspnetcore.app.ref\9.0.18\ref\net9.0\Microsoft.AspNetCore.Rewrite.dll".
             Se encontró una referencia en la ubicación de ruta de acceso de búsqueda "{RawFileName}".
             Esta referencia no es "CopyLocal" porque existe al menos un elemento de origen con "Private" establecido en "false" y ningún elemento de origen con "Private" establecido en "true".
         Referencia principal "Microsoft.AspNetCore.Routing.Abstractions, Version=9.0.0.0, Culture=neutral, PublicKeyToken=adb9793829ddae60".
             La ruta de acceso del archivo resuelta es "C:\Users\rm619\.nuget\packages\microsoft.aspnetcore.app.ref\9.0.18\ref\net9.0\Microsoft.AspNetCore.Routing.Abstractions.dll".
             Se encontró una referencia en la ubicación de ruta de acceso de búsqueda "{RawFileName}".
             Esta referencia no es "CopyLocal" porque existe al menos un elemento de origen con "Private" establecido en "false" y ningún elemento de origen con "Private" establecido en "true".
         Referencia principal "Microsoft.AspNetCore.Routing, Version=9.0.0.0, Culture=neutral, PublicKeyToken=adb9793829ddae60".
             La ruta de acceso del archivo resuelta es "C:\Users\rm619\.nuget\packages\microsoft.aspnetcore.app.ref\9.0.18\ref\net9.0\Microsoft.AspNetCore.Routing.dll".
             Se encontró una referencia en la ubicación de ruta de acceso de búsqueda "{RawFileName}".
             Esta referencia no es "CopyLocal" porque existe al menos un elemento de origen con "Private" establecido en "false" y ningún elemento de origen con "Private" establecido en "true".
         Referencia principal "Microsoft.AspNetCore.Server.HttpSys, Version=9.0.0.0, Culture=neutral, PublicKeyToken=adb9793829ddae60".
             La ruta de acceso del archivo resuelta es "C:\Users\rm619\.nuget\packages\microsoft.aspnetcore.app.ref\9.0.18\ref\net9.0\Microsoft.AspNetCore.Server.HttpSys.dll".
             Se encontró una referencia en la ubicación de ruta de acceso de búsqueda "{RawFileName}".
             Esta referencia no es "CopyLocal" porque existe al menos un elemento de origen con "Private" establecido en "false" y ningún elemento de origen con "Private" establecido en "true".
         Referencia principal "Microsoft.AspNetCore.Server.IIS, Version=9.0.0.0, Culture=neutral, PublicKeyToken=adb9793829ddae60".
             La ruta de acceso del archivo resuelta es "C:\Users\rm619\.nuget\packages\microsoft.aspnetcore.app.ref\9.0.18\ref\net9.0\Microsoft.AspNetCore.Server.IIS.dll".
             Se encontró una referencia en la ubicación de ruta de acceso de búsqueda "{RawFileName}".
             Esta referencia no es "CopyLocal" porque existe al menos un elemento de origen con "Private" establecido en "false" y ningún elemento de origen con "Private" establecido en "true".
         Referencia principal "Microsoft.AspNetCore.Server.IISIntegration, Version=9.0.0.0, Culture=neutral, PublicKeyToken=adb9793829ddae60".
             La ruta de acceso del archivo resuelta es "C:\Users\rm619\.nuget\packages\microsoft.aspnetcore.app.ref\9.0.18\ref\net9.0\Microsoft.AspNetCore.Server.IISIntegration.dll".
             Se encontró una referencia en la ubicación de ruta de acceso de búsqueda "{RawFileName}".
             Esta referencia no es "CopyLocal" porque existe al menos un elemento de origen con "Private" establecido en "false" y ningún elemento de origen con "Private" establecido en "true".
         Referencia principal "Microsoft.AspNetCore.Server.Kestrel.Core, Version=9.0.0.0, Culture=neutral, PublicKeyToken=adb9793829ddae60".
             La ruta de acceso del archivo resuelta es "C:\Users\rm619\.nuget\packages\microsoft.aspnetcore.app.ref\9.0.18\ref\net9.0\Microsoft.AspNetCore.Server.Kestrel.Core.dll".
             Se encontró una referencia en la ubicación de ruta de acceso de búsqueda "{RawFileName}".
             Esta referencia no es "CopyLocal" porque existe al menos un elemento de origen con "Private" establecido en "false" y ningún elemento de origen con "Private" establecido en "true".
         Referencia principal "Microsoft.AspNetCore.Server.Kestrel.Transport.NamedPipes, Version=9.0.0.0, Culture=neutral, PublicKeyToken=adb9793829ddae60".
             La ruta de acceso del archivo resuelta es "C:\Users\rm619\.nuget\packages\microsoft.aspnetcore.app.ref\9.0.18\ref\net9.0\Microsoft.AspNetCore.Server.Kestrel.Transport.NamedPipes.dll".
             Se encontró una referencia en la ubicación de ruta de acceso de búsqueda "{RawFileName}".
             Esta referencia no es "CopyLocal" porque existe al menos un elemento de origen con "Private" establecido en "false" y ningún elemento de origen con "Private" establecido en "true".
         Referencia principal "Microsoft.AspNetCore.Server.Kestrel.Transport.Quic, Version=9.0.0.0, Culture=neutral, PublicKeyToken=adb9793829ddae60".
             La ruta de acceso del archivo resuelta es "C:\Users\rm619\.nuget\packages\microsoft.aspnetcore.app.ref\9.0.18\ref\net9.0\Microsoft.AspNetCore.Server.Kestrel.Transport.Quic.dll".
             Se encontró una referencia en la ubicación de ruta de acceso de búsqueda "{RawFileName}".
             Esta referencia no es "CopyLocal" porque existe al menos un elemento de origen con "Private" establecido en "false" y ningún elemento de origen con "Private" establecido en "true".
         Referencia principal "Microsoft.AspNetCore.Server.Kestrel.Transport.Sockets, Version=9.0.0.0, Culture=neutral, PublicKeyToken=adb9793829ddae60".
             La ruta de acceso del archivo resuelta es "C:\Users\rm619\.nuget\packages\microsoft.aspnetcore.app.ref\9.0.18\ref\net9.0\Microsoft.AspNetCore.Server.Kestrel.Transport.Sockets.dll".
             Se encontró una referencia en la ubicación de ruta de acceso de búsqueda "{RawFileName}".
             Esta referencia no es "CopyLocal" porque existe al menos un elemento de origen con "Private" establecido en "false" y ningún elemento de origen con "Private" establecido en "true".
         Referencia principal "Microsoft.AspNetCore.Server.Kestrel, Version=9.0.0.0, Culture=neutral, PublicKeyToken=adb9793829ddae60".
             La ruta de acceso del archivo resuelta es "C:\Users\rm619\.nuget\packages\microsoft.aspnetcore.app.ref\9.0.18\ref\net9.0\Microsoft.AspNetCore.Server.Kestrel.dll".
             Se encontró una referencia en la ubicación de ruta de acceso de búsqueda "{RawFileName}".
             Esta referencia no es "CopyLocal" porque existe al menos un elemento de origen con "Private" establecido en "false" y ningún elemento de origen con "Private" establecido en "true".
         Referencia principal "Microsoft.AspNetCore.Session, Version=9.0.0.0, Culture=neutral, PublicKeyToken=adb9793829ddae60".
             La ruta de acceso del archivo resuelta es "C:\Users\rm619\.nuget\packages\microsoft.aspnetcore.app.ref\9.0.18\ref\net9.0\Microsoft.AspNetCore.Session.dll".
             Se encontró una referencia en la ubicación de ruta de acceso de búsqueda "{RawFileName}".
             Esta referencia no es "CopyLocal" porque existe al menos un elemento de origen con "Private" establecido en "false" y ningún elemento de origen con "Private" establecido en "true".
         Referencia principal "Microsoft.AspNetCore.SignalR.Common, Version=9.0.0.0, Culture=neutral, PublicKeyToken=adb9793829ddae60".
             La ruta de acceso del archivo resuelta es "C:\Users\rm619\.nuget\packages\microsoft.aspnetcore.app.ref\9.0.18\ref\net9.0\Microsoft.AspNetCore.SignalR.Common.dll".
             Se encontró una referencia en la ubicación de ruta de acceso de búsqueda "{RawFileName}".
             Esta referencia no es "CopyLocal" porque existe al menos un elemento de origen con "Private" establecido en "false" y ningún elemento de origen con "Private" establecido en "true".
         Referencia principal "Microsoft.AspNetCore.SignalR.Core, Version=9.0.0.0, Culture=neutral, PublicKeyToken=adb9793829ddae60".
             La ruta de acceso del archivo resuelta es "C:\Users\rm619\.nuget\packages\microsoft.aspnetcore.app.ref\9.0.18\ref\net9.0\Microsoft.AspNetCore.SignalR.Core.dll".
             Se encontró una referencia en la ubicación de ruta de acceso de búsqueda "{RawFileName}".
             Esta referencia no es "CopyLocal" porque existe al menos un elemento de origen con "Private" establecido en "false" y ningún elemento de origen con "Private" establecido en "true".
         Referencia principal "Microsoft.AspNetCore.SignalR.Protocols.Json, Version=9.0.0.0, Culture=neutral, PublicKeyToken=adb9793829ddae60".
             La ruta de acceso del archivo resuelta es "C:\Users\rm619\.nuget\packages\microsoft.aspnetcore.app.ref\9.0.18\ref\net9.0\Microsoft.AspNetCore.SignalR.Protocols.Json.dll".
             Se encontró una referencia en la ubicación de ruta de acceso de búsqueda "{RawFileName}".
             Esta referencia no es "CopyLocal" porque existe al menos un elemento de origen con "Private" establecido en "false" y ningún elemento de origen con "Private" establecido en "true".
         Referencia principal "Microsoft.AspNetCore.SignalR, Version=9.0.0.0, Culture=neutral, PublicKeyToken=adb9793829ddae60".
             La ruta de acceso del archivo resuelta es "C:\Users\rm619\.nuget\packages\microsoft.aspnetcore.app.ref\9.0.18\ref\net9.0\Microsoft.AspNetCore.SignalR.dll".
             Se encontró una referencia en la ubicación de ruta de acceso de búsqueda "{RawFileName}".
             Esta referencia no es "CopyLocal" porque existe al menos un elemento de origen con "Private" establecido en "false" y ningún elemento de origen con "Private" establecido en "true".
         Referencia principal "Microsoft.AspNetCore.StaticAssets, Version=9.0.0.0, Culture=neutral, PublicKeyToken=adb9793829ddae60".
             La ruta de acceso del archivo resuelta es "C:\Users\rm619\.nuget\packages\microsoft.aspnetcore.app.ref\9.0.18\ref\net9.0\Microsoft.AspNetCore.StaticAssets.dll".
             Se encontró una referencia en la ubicación de ruta de acceso de búsqueda "{RawFileName}".
             Esta referencia no es "CopyLocal" porque existe al menos un elemento de origen con "Private" establecido en "false" y ningún elemento de origen con "Private" establecido en "true".
         Referencia principal "Microsoft.AspNetCore.StaticFiles, Version=9.0.0.0, Culture=neutral, PublicKeyToken=adb9793829ddae60".
             La ruta de acceso del archivo resuelta es "C:\Users\rm619\.nuget\packages\microsoft.aspnetcore.app.ref\9.0.18\ref\net9.0\Microsoft.AspNetCore.StaticFiles.dll".
             Se encontró una referencia en la ubicación de ruta de acceso de búsqueda "{RawFileName}".
             Esta referencia no es "CopyLocal" porque existe al menos un elemento de origen con "Private" establecido en "false" y ningún elemento de origen con "Private" establecido en "true".
         Referencia principal "Microsoft.AspNetCore.WebSockets, Version=9.0.0.0, Culture=neutral, PublicKeyToken=adb9793829ddae60".
             La ruta de acceso del archivo resuelta es "C:\Users\rm619\.nuget\packages\microsoft.aspnetcore.app.ref\9.0.18\ref\net9.0\Microsoft.AspNetCore.WebSockets.dll".
             Se encontró una referencia en la ubicación de ruta de acceso de búsqueda "{RawFileName}".
             Esta referencia no es "CopyLocal" porque existe al menos un elemento de origen con "Private" establecido en "false" y ningún elemento de origen con "Private" establecido en "true".
         Referencia principal "Microsoft.AspNetCore.WebUtilities, Version=9.0.0.0, Culture=neutral, PublicKeyToken=adb9793829ddae60".
             La ruta de acceso del archivo resuelta es "C:\Users\rm619\.nuget\packages\microsoft.aspnetcore.app.ref\9.0.18\ref\net9.0\Microsoft.AspNetCore.WebUtilities.dll".
             Se encontró una referencia en la ubicación de ruta de acceso de búsqueda "{RawFileName}".
             Esta referencia no es "CopyLocal" porque existe al menos un elemento de origen con "Private" establecido en "false" y ningún elemento de origen con "Private" establecido en "true".
         Referencia principal "Microsoft.AspNetCore, Version=9.0.0.0, Culture=neutral, PublicKeyToken=adb9793829ddae60".
             La ruta de acceso del archivo resuelta es "C:\Users\rm619\.nuget\packages\microsoft.aspnetcore.app.ref\9.0.18\ref\net9.0\Microsoft.AspNetCore.dll".
             Se encontró una referencia en la ubicación de ruta de acceso de búsqueda "{RawFileName}".
             Esta referencia no es "CopyLocal" porque existe al menos un elemento de origen con "Private" establecido en "false" y ningún elemento de origen con "Private" establecido en "true".
         Referencia principal "Microsoft.Extensions.Caching.Abstractions, Version=9.0.0.0, Culture=neutral, PublicKeyToken=adb9793829ddae60".
             La ruta de acceso del archivo resuelta es "C:\Users\rm619\.nuget\packages\microsoft.aspnetcore.app.ref\9.0.18\ref\net9.0\Microsoft.Extensions.Caching.Abstractions.dll".
             Se encontró una referencia en la ubicación de ruta de acceso de búsqueda "{RawFileName}".
             Esta referencia no es "CopyLocal" porque existe al menos un elemento de origen con "Private" establecido en "false" y ningún elemento de origen con "Private" establecido en "true".
         Referencia principal "Microsoft.Extensions.Caching.Memory, Version=9.0.0.0, Culture=neutral, PublicKeyToken=adb9793829ddae60".
             La ruta de acceso del archivo resuelta es "C:\Users\rm619\.nuget\packages\microsoft.aspnetcore.app.ref\9.0.18\ref\net9.0\Microsoft.Extensions.Caching.Memory.dll".
             Se encontró una referencia en la ubicación de ruta de acceso de búsqueda "{RawFileName}".
             Esta referencia no es "CopyLocal" porque existe al menos un elemento de origen con "Private" establecido en "false" y ningún elemento de origen con "Private" establecido en "true".
         Referencia principal "Microsoft.Extensions.Configuration.Abstractions, Version=9.0.0.0, Culture=neutral, PublicKeyToken=adb9793829ddae60".
             La ruta de acceso del archivo resuelta es "C:\Users\rm619\.nuget\packages\microsoft.aspnetcore.app.ref\9.0.18\ref\net9.0\Microsoft.Extensions.Configuration.Abstractions.dll".
             Se encontró una referencia en la ubicación de ruta de acceso de búsqueda "{RawFileName}".
             Esta referencia no es "CopyLocal" porque existe al menos un elemento de origen con "Private" establecido en "false" y ningún elemento de origen con "Private" establecido en "true".
         Referencia principal "Microsoft.Extensions.Configuration.Binder, Version=9.0.0.0, Culture=neutral, PublicKeyToken=adb9793829ddae60".
             La ruta de acceso del archivo resuelta es "C:\Users\rm619\.nuget\packages\microsoft.aspnetcore.app.ref\9.0.18\ref\net9.0\Microsoft.Extensions.Configuration.Binder.dll".
             Se encontró una referencia en la ubicación de ruta de acceso de búsqueda "{RawFileName}".
             Esta referencia no es "CopyLocal" porque existe al menos un elemento de origen con "Private" establecido en "false" y ningún elemento de origen con "Private" establecido en "true".
         Referencia principal "Microsoft.Extensions.Configuration.CommandLine, Version=9.0.0.0, Culture=neutral, PublicKeyToken=adb9793829ddae60".
             La ruta de acceso del archivo resuelta es "C:\Users\rm619\.nuget\packages\microsoft.aspnetcore.app.ref\9.0.18\ref\net9.0\Microsoft.Extensions.Configuration.CommandLine.dll".
             Se encontró una referencia en la ubicación de ruta de acceso de búsqueda "{RawFileName}".
             Esta referencia no es "CopyLocal" porque existe al menos un elemento de origen con "Private" establecido en "false" y ningún elemento de origen con "Private" establecido en "true".
         Referencia principal "Microsoft.Extensions.Configuration.EnvironmentVariables, Version=9.0.0.0, Culture=neutral, PublicKeyToken=adb9793829ddae60".
             La ruta de acceso del archivo resuelta es "C:\Users\rm619\.nuget\packages\microsoft.aspnetcore.app.ref\9.0.18\ref\net9.0\Microsoft.Extensions.Configuration.EnvironmentVariables.dll".
             Se encontró una referencia en la ubicación de ruta de acceso de búsqueda "{RawFileName}".
             Esta referencia no es "CopyLocal" porque existe al menos un elemento de origen con "Private" establecido en "false" y ningún elemento de origen con "Private" establecido en "true".
         Referencia principal "Microsoft.Extensions.Configuration.FileExtensions, Version=9.0.0.0, Culture=neutral, PublicKeyToken=adb9793829ddae60".
             La ruta de acceso del archivo resuelta es "C:\Users\rm619\.nuget\packages\microsoft.aspnetcore.app.ref\9.0.18\ref\net9.0\Microsoft.Extensions.Configuration.FileExtensions.dll".
             Se encontró una referencia en la ubicación de ruta de acceso de búsqueda "{RawFileName}".
             Esta referencia no es "CopyLocal" porque existe al menos un elemento de origen con "Private" establecido en "false" y ningún elemento de origen con "Private" establecido en "true".
         Referencia principal "Microsoft.Extensions.Configuration.Ini, Version=9.0.0.0, Culture=neutral, PublicKeyToken=adb9793829ddae60".
             La ruta de acceso del archivo resuelta es "C:\Users\rm619\.nuget\packages\microsoft.aspnetcore.app.ref\9.0.18\ref\net9.0\Microsoft.Extensions.Configuration.Ini.dll".
             Se encontró una referencia en la ubicación de ruta de acceso de búsqueda "{RawFileName}".
             Esta referencia no es "CopyLocal" porque existe al menos un elemento de origen con "Private" establecido en "false" y ningún elemento de origen con "Private" establecido en "true".
         Referencia principal "Microsoft.Extensions.Configuration.Json, Version=9.0.0.0, Culture=neutral, PublicKeyToken=adb9793829ddae60".
             La ruta de acceso del archivo resuelta es "C:\Users\rm619\.nuget\packages\microsoft.aspnetcore.app.ref\9.0.18\ref\net9.0\Microsoft.Extensions.Configuration.Json.dll".
             Se encontró una referencia en la ubicación de ruta de acceso de búsqueda "{RawFileName}".
             Esta referencia no es "CopyLocal" porque existe al menos un elemento de origen con "Private" establecido en "false" y ningún elemento de origen con "Private" establecido en "true".
         Referencia principal "Microsoft.Extensions.Configuration.KeyPerFile, Version=9.0.0.0, Culture=neutral, PublicKeyToken=adb9793829ddae60".
             La ruta de acceso del archivo resuelta es "C:\Users\rm619\.nuget\packages\microsoft.aspnetcore.app.ref\9.0.18\ref\net9.0\Microsoft.Extensions.Configuration.KeyPerFile.dll".
             Se encontró una referencia en la ubicación de ruta de acceso de búsqueda "{RawFileName}".
             Esta referencia no es "CopyLocal" porque existe al menos un elemento de origen con "Private" establecido en "false" y ningún elemento de origen con "Private" establecido en "true".
         Referencia principal "Microsoft.Extensions.Configuration.UserSecrets, Version=9.0.0.0, Culture=neutral, PublicKeyToken=adb9793829ddae60".
             La ruta de acceso del archivo resuelta es "C:\Users\rm619\.nuget\packages\microsoft.aspnetcore.app.ref\9.0.18\ref\net9.0\Microsoft.Extensions.Configuration.UserSecrets.dll".
             Se encontró una referencia en la ubicación de ruta de acceso de búsqueda "{RawFileName}".
             Esta referencia no es "CopyLocal" porque existe al menos un elemento de origen con "Private" establecido en "false" y ningún elemento de origen con "Private" establecido en "true".
         Referencia principal "Microsoft.Extensions.Configuration.Xml, Version=9.0.0.0, Culture=neutral, PublicKeyToken=adb9793829ddae60".
             La ruta de acceso del archivo resuelta es "C:\Users\rm619\.nuget\packages\microsoft.aspnetcore.app.ref\9.0.18\ref\net9.0\Microsoft.Extensions.Configuration.Xml.dll".
             Se encontró una referencia en la ubicación de ruta de acceso de búsqueda "{RawFileName}".
             Esta referencia no es "CopyLocal" porque existe al menos un elemento de origen con "Private" establecido en "false" y ningún elemento de origen con "Private" establecido en "true".
         Referencia principal "Microsoft.Extensions.Configuration, Version=9.0.0.0, Culture=neutral, PublicKeyToken=adb9793829ddae60".
             La ruta de acceso del archivo resuelta es "C:\Users\rm619\.nuget\packages\microsoft.aspnetcore.app.ref\9.0.18\ref\net9.0\Microsoft.Extensions.Configuration.dll".
             Se encontró una referencia en la ubicación de ruta de acceso de búsqueda "{RawFileName}".
             Esta referencia no es "CopyLocal" porque existe al menos un elemento de origen con "Private" establecido en "false" y ningún elemento de origen con "Private" establecido en "true".
         Referencia principal "Microsoft.Extensions.DependencyInjection.Abstractions, Version=9.0.0.0, Culture=neutral, PublicKeyToken=adb9793829ddae60".
             La ruta de acceso del archivo resuelta es "C:\Users\rm619\.nuget\packages\microsoft.aspnetcore.app.ref\9.0.18\ref\net9.0\Microsoft.Extensions.DependencyInjection.Abstractions.dll".
             Se encontró una referencia en la ubicación de ruta de acceso de búsqueda "{RawFileName}".
             Esta referencia no es "CopyLocal" porque existe al menos un elemento de origen con "Private" establecido en "false" y ningún elemento de origen con "Private" establecido en "true".
         Referencia principal "Microsoft.Extensions.DependencyInjection, Version=9.0.0.0, Culture=neutral, PublicKeyToken=adb9793829ddae60".
             La ruta de acceso del archivo resuelta es "C:\Users\rm619\.nuget\packages\microsoft.aspnetcore.app.ref\9.0.18\ref\net9.0\Microsoft.Extensions.DependencyInjection.dll".
             Se encontró una referencia en la ubicación de ruta de acceso de búsqueda "{RawFileName}".
             Esta referencia no es "CopyLocal" porque existe al menos un elemento de origen con "Private" establecido en "false" y ningún elemento de origen con "Private" establecido en "true".
         Referencia principal "Microsoft.Extensions.Diagnostics.Abstractions, Version=9.0.0.0, Culture=neutral, PublicKeyToken=adb9793829ddae60".
             La ruta de acceso del archivo resuelta es "C:\Users\rm619\.nuget\packages\microsoft.aspnetcore.app.ref\9.0.18\ref\net9.0\Microsoft.Extensions.Diagnostics.Abstractions.dll".
             Se encontró una referencia en la ubicación de ruta de acceso de búsqueda "{RawFileName}".
             Esta referencia no es "CopyLocal" porque existe al menos un elemento de origen con "Private" establecido en "false" y ningún elemento de origen con "Private" establecido en "true".
         Referencia principal "Microsoft.Extensions.Diagnostics.HealthChecks.Abstractions, Version=9.0.0.0, Culture=neutral, PublicKeyToken=adb9793829ddae60".
             La ruta de acceso del archivo resuelta es "C:\Users\rm619\.nuget\packages\microsoft.aspnetcore.app.ref\9.0.18\ref\net9.0\Microsoft.Extensions.Diagnostics.HealthChecks.Abstractions.dll".
             Se encontró una referencia en la ubicación de ruta de acceso de búsqueda "{RawFileName}".
             Esta referencia no es "CopyLocal" porque existe al menos un elemento de origen con "Private" establecido en "false" y ningún elemento de origen con "Private" establecido en "true".
         Referencia principal "Microsoft.Extensions.Diagnostics.HealthChecks, Version=9.0.0.0, Culture=neutral, PublicKeyToken=adb9793829ddae60".
             La ruta de acceso del archivo resuelta es "C:\Users\rm619\.nuget\packages\microsoft.aspnetcore.app.ref\9.0.18\ref\net9.0\Microsoft.Extensions.Diagnostics.HealthChecks.dll".
             Se encontró una referencia en la ubicación de ruta de acceso de búsqueda "{RawFileName}".
             Esta referencia no es "CopyLocal" porque existe al menos un elemento de origen con "Private" establecido en "false" y ningún elemento de origen con "Private" establecido en "true".
         Referencia principal "Microsoft.Extensions.Diagnostics, Version=9.0.0.0, Culture=neutral, PublicKeyToken=adb9793829ddae60".
             La ruta de acceso del archivo resuelta es "C:\Users\rm619\.nuget\packages\microsoft.aspnetcore.app.ref\9.0.18\ref\net9.0\Microsoft.Extensions.Diagnostics.dll".
             Se encontró una referencia en la ubicación de ruta de acceso de búsqueda "{RawFileName}".
             Esta referencia no es "CopyLocal" porque existe al menos un elemento de origen con "Private" establecido en "false" y ningún elemento de origen con "Private" establecido en "true".
         Referencia principal "Microsoft.Extensions.Features, Version=9.0.0.0, Culture=neutral, PublicKeyToken=adb9793829ddae60".
             La ruta de acceso del archivo resuelta es "C:\Users\rm619\.nuget\packages\microsoft.aspnetcore.app.ref\9.0.18\ref\net9.0\Microsoft.Extensions.Features.dll".
             Se encontró una referencia en la ubicación de ruta de acceso de búsqueda "{RawFileName}".
             Esta referencia no es "CopyLocal" porque existe al menos un elemento de origen con "Private" establecido en "false" y ningún elemento de origen con "Private" establecido en "true".
         Referencia principal "Microsoft.Extensions.FileProviders.Abstractions, Version=9.0.0.0, Culture=neutral, PublicKeyToken=adb9793829ddae60".
             La ruta de acceso del archivo resuelta es "C:\Users\rm619\.nuget\packages\microsoft.aspnetcore.app.ref\9.0.18\ref\net9.0\Microsoft.Extensions.FileProviders.Abstractions.dll".
             Se encontró una referencia en la ubicación de ruta de acceso de búsqueda "{RawFileName}".
             Esta referencia no es "CopyLocal" porque existe al menos un elemento de origen con "Private" establecido en "false" y ningún elemento de origen con "Private" establecido en "true".
         Referencia principal "Microsoft.Extensions.FileProviders.Composite, Version=9.0.0.0, Culture=neutral, PublicKeyToken=adb9793829ddae60".
             La ruta de acceso del archivo resuelta es "C:\Users\rm619\.nuget\packages\microsoft.aspnetcore.app.ref\9.0.18\ref\net9.0\Microsoft.Extensions.FileProviders.Composite.dll".
             Se encontró una referencia en la ubicación de ruta de acceso de búsqueda "{RawFileName}".
             Esta referencia no es "CopyLocal" porque existe al menos un elemento de origen con "Private" establecido en "false" y ningún elemento de origen con "Private" establecido en "true".
         Referencia principal "Microsoft.Extensions.FileProviders.Embedded, Version=9.0.0.0, Culture=neutral, PublicKeyToken=adb9793829ddae60".
             La ruta de acceso del archivo resuelta es "C:\Users\rm619\.nuget\packages\microsoft.aspnetcore.app.ref\9.0.18\ref\net9.0\Microsoft.Extensions.FileProviders.Embedded.dll".
             Se encontró una referencia en la ubicación de ruta de acceso de búsqueda "{RawFileName}".
             Esta referencia no es "CopyLocal" porque existe al menos un elemento de origen con "Private" establecido en "false" y ningún elemento de origen con "Private" establecido en "true".
         Referencia principal "Microsoft.Extensions.FileProviders.Physical, Version=9.0.0.0, Culture=neutral, PublicKeyToken=adb9793829ddae60".
             La ruta de acceso del archivo resuelta es "C:\Users\rm619\.nuget\packages\microsoft.aspnetcore.app.ref\9.0.18\ref\net9.0\Microsoft.Extensions.FileProviders.Physical.dll".
             Se encontró una referencia en la ubicación de ruta de acceso de búsqueda "{RawFileName}".
             Esta referencia no es "CopyLocal" porque existe al menos un elemento de origen con "Private" establecido en "false" y ningún elemento de origen con "Private" establecido en "true".
         Referencia principal "Microsoft.Extensions.FileSystemGlobbing, Version=9.0.0.0, Culture=neutral, PublicKeyToken=adb9793829ddae60".
             La ruta de acceso del archivo resuelta es "C:\Users\rm619\.nuget\packages\microsoft.aspnetcore.app.ref\9.0.18\ref\net9.0\Microsoft.Extensions.FileSystemGlobbing.dll".
             Se encontró una referencia en la ubicación de ruta de acceso de búsqueda "{RawFileName}".
             Esta referencia no es "CopyLocal" porque existe al menos un elemento de origen con "Private" establecido en "false" y ningún elemento de origen con "Private" establecido en "true".
         Referencia principal "Microsoft.Extensions.Hosting.Abstractions, Version=9.0.0.0, Culture=neutral, PublicKeyToken=adb9793829ddae60".
             La ruta de acceso del archivo resuelta es "C:\Users\rm619\.nuget\packages\microsoft.aspnetcore.app.ref\9.0.18\ref\net9.0\Microsoft.Extensions.Hosting.Abstractions.dll".
             Se encontró una referencia en la ubicación de ruta de acceso de búsqueda "{RawFileName}".
             Esta referencia no es "CopyLocal" porque existe al menos un elemento de origen con "Private" establecido en "false" y ningún elemento de origen con "Private" establecido en "true".
         Referencia principal "Microsoft.Extensions.Hosting, Version=9.0.0.0, Culture=neutral, PublicKeyToken=adb9793829ddae60".
             La ruta de acceso del archivo resuelta es "C:\Users\rm619\.nuget\packages\microsoft.aspnetcore.app.ref\9.0.18\ref\net9.0\Microsoft.Extensions.Hosting.dll".
             Se encontró una referencia en la ubicación de ruta de acceso de búsqueda "{RawFileName}".
             Esta referencia no es "CopyLocal" porque existe al menos un elemento de origen con "Private" establecido en "false" y ningún elemento de origen con "Private" establecido en "true".
         Referencia principal "Microsoft.Extensions.Http, Version=9.0.0.0, Culture=neutral, PublicKeyToken=adb9793829ddae60".
             La ruta de acceso del archivo resuelta es "C:\Users\rm619\.nuget\packages\microsoft.aspnetcore.app.ref\9.0.18\ref\net9.0\Microsoft.Extensions.Http.dll".
             Se encontró una referencia en la ubicación de ruta de acceso de búsqueda "{RawFileName}".
             Esta referencia no es "CopyLocal" porque existe al menos un elemento de origen con "Private" establecido en "false" y ningún elemento de origen con "Private" establecido en "true".
         Referencia principal "Microsoft.Extensions.Identity.Core, Version=9.0.0.0, Culture=neutral, PublicKeyToken=adb9793829ddae60".
             La ruta de acceso del archivo resuelta es "C:\Users\rm619\.nuget\packages\microsoft.aspnetcore.app.ref\9.0.18\ref\net9.0\Microsoft.Extensions.Identity.Core.dll".
             Se encontró una referencia en la ubicación de ruta de acceso de búsqueda "{RawFileName}".
             Esta referencia no es "CopyLocal" porque existe al menos un elemento de origen con "Private" establecido en "false" y ningún elemento de origen con "Private" establecido en "true".
         Referencia principal "Microsoft.Extensions.Identity.Stores, Version=9.0.0.0, Culture=neutral, PublicKeyToken=adb9793829ddae60".
             La ruta de acceso del archivo resuelta es "C:\Users\rm619\.nuget\packages\microsoft.aspnetcore.app.ref\9.0.18\ref\net9.0\Microsoft.Extensions.Identity.Stores.dll".
             Se encontró una referencia en la ubicación de ruta de acceso de búsqueda "{RawFileName}".
             Esta referencia no es "CopyLocal" porque existe al menos un elemento de origen con "Private" establecido en "false" y ningún elemento de origen con "Private" establecido en "true".
         Referencia principal "Microsoft.Extensions.Localization.Abstractions, Version=9.0.0.0, Culture=neutral, PublicKeyToken=adb9793829ddae60".
             La ruta de acceso del archivo resuelta es "C:\Users\rm619\.nuget\packages\microsoft.aspnetcore.app.ref\9.0.18\ref\net9.0\Microsoft.Extensions.Localization.Abstractions.dll".
             Se encontró una referencia en la ubicación de ruta de acceso de búsqueda "{RawFileName}".
             Esta referencia no es "CopyLocal" porque existe al menos un elemento de origen con "Private" establecido en "false" y ningún elemento de origen con "Private" establecido en "true".
         Referencia principal "Microsoft.Extensions.Localization, Version=9.0.0.0, Culture=neutral, PublicKeyToken=adb9793829ddae60".
             La ruta de acceso del archivo resuelta es "C:\Users\rm619\.nuget\packages\microsoft.aspnetcore.app.ref\9.0.18\ref\net9.0\Microsoft.Extensions.Localization.dll".
             Se encontró una referencia en la ubicación de ruta de acceso de búsqueda "{RawFileName}".
             Esta referencia no es "CopyLocal" porque existe al menos un elemento de origen con "Private" establecido en "false" y ningún elemento de origen con "Private" establecido en "true".
         Referencia principal "Microsoft.Extensions.Logging.Abstractions, Version=9.0.0.0, Culture=neutral, PublicKeyToken=adb9793829ddae60".
             La ruta de acceso del archivo resuelta es "C:\Users\rm619\.nuget\packages\microsoft.aspnetcore.app.ref\9.0.18\ref\net9.0\Microsoft.Extensions.Logging.Abstractions.dll".
             Se encontró una referencia en la ubicación de ruta de acceso de búsqueda "{RawFileName}".
             Esta referencia no es "CopyLocal" porque existe al menos un elemento de origen con "Private" establecido en "false" y ningún elemento de origen con "Private" establecido en "true".
         Referencia principal "Microsoft.Extensions.Logging.Configuration, Version=9.0.0.0, Culture=neutral, PublicKeyToken=adb9793829ddae60".
             La ruta de acceso del archivo resuelta es "C:\Users\rm619\.nuget\packages\microsoft.aspnetcore.app.ref\9.0.18\ref\net9.0\Microsoft.Extensions.Logging.Configuration.dll".
             Se encontró una referencia en la ubicación de ruta de acceso de búsqueda "{RawFileName}".
             Esta referencia no es "CopyLocal" porque existe al menos un elemento de origen con "Private" establecido en "false" y ningún elemento de origen con "Private" establecido en "true".
         Referencia principal "Microsoft.Extensions.Logging.Console, Version=9.0.0.0, Culture=neutral, PublicKeyToken=adb9793829ddae60".
             La ruta de acceso del archivo resuelta es "C:\Users\rm619\.nuget\packages\microsoft.aspnetcore.app.ref\9.0.18\ref\net9.0\Microsoft.Extensions.Logging.Console.dll".
             Se encontró una referencia en la ubicación de ruta de acceso de búsqueda "{RawFileName}".
             Esta referencia no es "CopyLocal" porque existe al menos un elemento de origen con "Private" establecido en "false" y ningún elemento de origen con "Private" establecido en "true".
         Referencia principal "Microsoft.Extensions.Logging.Debug, Version=9.0.0.0, Culture=neutral, PublicKeyToken=adb9793829ddae60".
             La ruta de acceso del archivo resuelta es "C:\Users\rm619\.nuget\packages\microsoft.aspnetcore.app.ref\9.0.18\ref\net9.0\Microsoft.Extensions.Logging.Debug.dll".
             Se encontró una referencia en la ubicación de ruta de acceso de búsqueda "{RawFileName}".
             Esta referencia no es "CopyLocal" porque existe al menos un elemento de origen con "Private" establecido en "false" y ningún elemento de origen con "Private" establecido en "true".
         Referencia principal "Microsoft.Extensions.Logging.EventLog, Version=9.0.0.0, Culture=neutral, PublicKeyToken=adb9793829ddae60".
             La ruta de acceso del archivo resuelta es "C:\Users\rm619\.nuget\packages\microsoft.aspnetcore.app.ref\9.0.18\ref\net9.0\Microsoft.Extensions.Logging.EventLog.dll".
             Se encontró una referencia en la ubicación de ruta de acceso de búsqueda "{RawFileName}".
             Esta referencia no es "CopyLocal" porque existe al menos un elemento de origen con "Private" establecido en "false" y ningún elemento de origen con "Private" establecido en "true".
         Referencia principal "Microsoft.Extensions.Logging.EventSource, Version=9.0.0.0, Culture=neutral, PublicKeyToken=adb9793829ddae60".
             La ruta de acceso del archivo resuelta es "C:\Users\rm619\.nuget\packages\microsoft.aspnetcore.app.ref\9.0.18\ref\net9.0\Microsoft.Extensions.Logging.EventSource.dll".
             Se encontró una referencia en la ubicación de ruta de acceso de búsqueda "{RawFileName}".
             Esta referencia no es "CopyLocal" porque existe al menos un elemento de origen con "Private" establecido en "false" y ningún elemento de origen con "Private" establecido en "true".
         Referencia principal "Microsoft.Extensions.Logging.TraceSource, Version=9.0.0.0, Culture=neutral, PublicKeyToken=adb9793829ddae60".
             La ruta de acceso del archivo resuelta es "C:\Users\rm619\.nuget\packages\microsoft.aspnetcore.app.ref\9.0.18\ref\net9.0\Microsoft.Extensions.Logging.TraceSource.dll".
             Se encontró una referencia en la ubicación de ruta de acceso de búsqueda "{RawFileName}".
             Esta referencia no es "CopyLocal" porque existe al menos un elemento de origen con "Private" establecido en "false" y ningún elemento de origen con "Private" establecido en "true".
         Referencia principal "Microsoft.Extensions.Logging, Version=9.0.0.0, Culture=neutral, PublicKeyToken=adb9793829ddae60".
             La ruta de acceso del archivo resuelta es "C:\Users\rm619\.nuget\packages\microsoft.aspnetcore.app.ref\9.0.18\ref\net9.0\Microsoft.Extensions.Logging.dll".
             Se encontró una referencia en la ubicación de ruta de acceso de búsqueda "{RawFileName}".
             Esta referencia no es "CopyLocal" porque existe al menos un elemento de origen con "Private" establecido en "false" y ningún elemento de origen con "Private" establecido en "true".
         Referencia principal "Microsoft.Extensions.ObjectPool, Version=9.0.0.0, Culture=neutral, PublicKeyToken=adb9793829ddae60".
             La ruta de acceso del archivo resuelta es "C:\Users\rm619\.nuget\packages\microsoft.aspnetcore.app.ref\9.0.18\ref\net9.0\Microsoft.Extensions.ObjectPool.dll".
             Se encontró una referencia en la ubicación de ruta de acceso de búsqueda "{RawFileName}".
             Esta referencia no es "CopyLocal" porque existe al menos un elemento de origen con "Private" establecido en "false" y ningún elemento de origen con "Private" establecido en "true".
         Referencia principal "Microsoft.Extensions.Options.ConfigurationExtensions, Version=9.0.0.0, Culture=neutral, PublicKeyToken=adb9793829ddae60".
             La ruta de acceso del archivo resuelta es "C:\Users\rm619\.nuget\packages\microsoft.aspnetcore.app.ref\9.0.18\ref\net9.0\Microsoft.Extensions.Options.ConfigurationExtensions.dll".
             Se encontró una referencia en la ubicación de ruta de acceso de búsqueda "{RawFileName}".
             Esta referencia no es "CopyLocal" porque existe al menos un elemento de origen con "Private" establecido en "false" y ningún elemento de origen con "Private" establecido en "true".
         Referencia principal "Microsoft.Extensions.Options.DataAnnotations, Version=9.0.0.0, Culture=neutral, PublicKeyToken=adb9793829ddae60".
             La ruta de acceso del archivo resuelta es "C:\Users\rm619\.nuget\packages\microsoft.aspnetcore.app.ref\9.0.18\ref\net9.0\Microsoft.Extensions.Options.DataAnnotations.dll".
             Se encontró una referencia en la ubicación de ruta de acceso de búsqueda "{RawFileName}".
             Esta referencia no es "CopyLocal" porque existe al menos un elemento de origen con "Private" establecido en "false" y ningún elemento de origen con "Private" establecido en "true".
         Referencia principal "Microsoft.Extensions.Options, Version=9.0.0.0, Culture=neutral, PublicKeyToken=adb9793829ddae60".
             La ruta de acceso del archivo resuelta es "C:\Users\rm619\.nuget\packages\microsoft.aspnetcore.app.ref\9.0.18\ref\net9.0\Microsoft.Extensions.Options.dll".
             Se encontró una referencia en la ubicación de ruta de acceso de búsqueda "{RawFileName}".
             Esta referencia no es "CopyLocal" porque existe al menos un elemento de origen con "Private" establecido en "false" y ningún elemento de origen con "Private" establecido en "true".
         Referencia principal "Microsoft.Extensions.Primitives, Version=9.0.0.0, Culture=neutral, PublicKeyToken=adb9793829ddae60".
             La ruta de acceso del archivo resuelta es "C:\Users\rm619\.nuget\packages\microsoft.aspnetcore.app.ref\9.0.18\ref\net9.0\Microsoft.Extensions.Primitives.dll".
             Se encontró una referencia en la ubicación de ruta de acceso de búsqueda "{RawFileName}".
             Esta referencia no es "CopyLocal" porque existe al menos un elemento de origen con "Private" establecido en "false" y ningún elemento de origen con "Private" establecido en "true".
         Referencia principal "Microsoft.Extensions.WebEncoders, Version=9.0.0.0, Culture=neutral, PublicKeyToken=adb9793829ddae60".
             La ruta de acceso del archivo resuelta es "C:\Users\rm619\.nuget\packages\microsoft.aspnetcore.app.ref\9.0.18\ref\net9.0\Microsoft.Extensions.WebEncoders.dll".
             Se encontró una referencia en la ubicación de ruta de acceso de búsqueda "{RawFileName}".
             Esta referencia no es "CopyLocal" porque existe al menos un elemento de origen con "Private" establecido en "false" y ningún elemento de origen con "Private" establecido en "true".
         Referencia principal "Microsoft.JSInterop, Version=9.0.0.0, Culture=neutral, PublicKeyToken=adb9793829ddae60".
             La ruta de acceso del archivo resuelta es "C:\Users\rm619\.nuget\packages\microsoft.aspnetcore.app.ref\9.0.18\ref\net9.0\Microsoft.JSInterop.dll".
             Se encontró una referencia en la ubicación de ruta de acceso de búsqueda "{RawFileName}".
             Esta referencia no es "CopyLocal" porque existe al menos un elemento de origen con "Private" establecido en "false" y ningún elemento de origen con "Private" establecido en "true".
         Referencia principal "Microsoft.Net.Http.Headers, Version=9.0.0.0, Culture=neutral, PublicKeyToken=adb9793829ddae60".
             La ruta de acceso del archivo resuelta es "C:\Users\rm619\.nuget\packages\microsoft.aspnetcore.app.ref\9.0.18\ref\net9.0\Microsoft.Net.Http.Headers.dll".
             Se encontró una referencia en la ubicación de ruta de acceso de búsqueda "{RawFileName}".
             Esta referencia no es "CopyLocal" porque existe al menos un elemento de origen con "Private" establecido en "false" y ningún elemento de origen con "Private" establecido en "true".
         Referencia principal "System.Diagnostics.EventLog, Version=9.0.0.0, Culture=neutral, PublicKeyToken=cc7b13ffcd2ddd51".
             La ruta de acceso del archivo resuelta es "C:\Users\rm619\.nuget\packages\microsoft.aspnetcore.app.ref\9.0.18\ref\net9.0\System.Diagnostics.EventLog.dll".
             Se encontró una referencia en la ubicación de ruta de acceso de búsqueda "{RawFileName}".
             Esta referencia no es "CopyLocal" porque existe al menos un elemento de origen con "Private" establecido en "false" y ningún elemento de origen con "Private" establecido en "true".
         Referencia principal "System.Security.Cryptography.Xml, Version=9.0.0.0, Culture=neutral, PublicKeyToken=cc7b13ffcd2ddd51".
             La ruta de acceso del archivo resuelta es "C:\Users\rm619\.nuget\packages\microsoft.aspnetcore.app.ref\9.0.18\ref\net9.0\System.Security.Cryptography.Xml.dll".
             Se encontró una referencia en la ubicación de ruta de acceso de búsqueda "{RawFileName}".
             Esta referencia no es "CopyLocal" porque existe al menos un elemento de origen con "Private" establecido en "false" y ningún elemento de origen con "Private" establecido en "true".
         Referencia principal "System.Threading.RateLimiting, Version=9.0.0.0, Culture=neutral, PublicKeyToken=cc7b13ffcd2ddd51".
             La ruta de acceso del archivo resuelta es "C:\Users\rm619\.nuget\packages\microsoft.aspnetcore.app.ref\9.0.18\ref\net9.0\System.Threading.RateLimiting.dll".
             Se encontró una referencia en la ubicación de ruta de acceso de búsqueda "{RawFileName}".
             Esta referencia no es "CopyLocal" porque existe al menos un elemento de origen con "Private" establecido en "false" y ningún elemento de origen con "Private" establecido en "true".
       Ejecución de la tarea "ResolveAssemblyReference" terminada.
   2:6>Compilación terminada del destino "ResolveAssemblyReferences" en el proyecto "ERP.Api.csproj".
   2:6>Destino "AfterResolveReferences" en el archivo "C:\Program Files\dotnet\sdk\10.0.302\Microsoft.Common.CurrentVersion.targets" del proyecto "D:\TEXNICA\ERP-API\ERP.Api\ERP.Api.csproj" (el destino "ResolveReferences" depende de él):
   2:6>Compilación terminada del destino "AfterResolveReferences" en el proyecto "ERP.Api.csproj".
   2:6>Destino "ResolveReferences" en el archivo "C:\Program Files\dotnet\sdk\10.0.302\Microsoft.Common.CurrentVersion.targets" del proyecto "D:\TEXNICA\ERP-API\ERP.Api\ERP.Api.csproj" (el destino "_BlockWinMDsOnUnsupportedTFMs" depende de él):
   2:6>Compilación terminada del destino "ResolveReferences" en el proyecto "ERP.Api.csproj".
   2:6>Destino "_BlockWinMDsOnUnsupportedTFMs" en el archivo "C:\Program Files\dotnet\sdk\10.0.302\Sdks\Microsoft.NET.Sdk\targets\Microsoft.NET.Sdk.targets" del proyecto "D:\TEXNICA\ERP-API\ERP.Api\ERP.Api.csproj" (el destino "CoreBuild" depende de él):
       Usando la tarea "CheckForUnsupportedWinMDReferences" del ensamblado "C:\Program Files\dotnet\sdk\10.0.302\Sdks\Microsoft.NET.Sdk\targets\..\tools\net10.0\Microsoft.NET.Build.Tasks.dll".
       Tarea "CheckForUnsupportedWinMDReferences"
       Ejecución de la tarea "CheckForUnsupportedWinMDReferences" terminada.
   2:6>Compilación terminada del destino "_BlockWinMDsOnUnsupportedTFMs" en el proyecto "ERP.Api.csproj".
       Se omitió el destino "ResolveReferences". Compilado previamente de forma correcta.
       Se omitió el destino "ResolvePackageDependenciesForBuild". Compilado previamente de forma correcta.
       Se omitió el destino "_HandlePackageFileConflicts". Compilado previamente de forma correcta.
   2:6>Destino "CopyAdditionalFiles" en el archivo "C:\Program Files\dotnet\sdk\10.0.302\Roslyn\Microsoft.Managed.Core.targets" del proyecto "D:\TEXNICA\ERP-API\ERP.Api\ERP.Api.csproj" (el destino "AssignTargetPaths" depende de él):
   2:6>Compilación terminada del destino "CopyAdditionalFiles" en el proyecto "ERP.Api.csproj".
       Se omitió el destino "ResolvePackageAssets". Compilado previamente de forma correcta.
       Se omitió el destino "ResolveFrameworkReferences". Compilado previamente de forma correcta.
   2:6>Destino "_GetAppHostPaths" en el archivo "C:\Program Files\dotnet\sdk\10.0.302\Sdks\Microsoft.NET.Sdk\targets\Microsoft.NET.Sdk.targets" del proyecto "D:\TEXNICA\ERP-API\ERP.Api\ERP.Api.csproj" (el destino "_ComputeNETCoreBuildOutputFiles" depende de él):
   2:6>Compilación terminada del destino "_GetAppHostPaths" en el proyecto "ERP.Api.csproj".
   2:6>Destino "_GetAppHostCreationConfiguration" en el archivo "C:\Program Files\dotnet\sdk\10.0.302\Sdks\Microsoft.NET.Sdk\targets\Microsoft.NET.Sdk.targets" del proyecto "D:\TEXNICA\ERP-API\ERP.Api\ERP.Api.csproj" (el destino "_ComputeNETCoreBuildOutputFiles" depende de él):
   2:6>Compilación terminada del destino "_GetAppHostCreationConfiguration" en el proyecto "ERP.Api.csproj".
   2:6>Destino "_ComputeNETCoreBuildOutputFiles" en el archivo "C:\Program Files\dotnet\sdk\10.0.302\Sdks\Microsoft.NET.Sdk\targets\Microsoft.NET.Sdk.targets" del proyecto "D:\TEXNICA\ERP-API\ERP.Api\ERP.Api.csproj" (el destino "AssignTargetPaths" depende de él):
   2:6>Compilación terminada del destino "_ComputeNETCoreBuildOutputFiles" en el proyecto "ERP.Api.csproj".
   2:6>Destino "ResolveStaticWebAssetsConfiguration" en el archivo "C:\Program Files\dotnet\sdk\10.0.302\Sdks\Microsoft.NET.Sdk.StaticWebAssets\targets\Microsoft.NET.Sdk.StaticWebAssets.targets" del proyecto "D:\TEXNICA\ERP-API\ERP.Api\ERP.Api.csproj" (el destino "ResolveProjectStaticWebAssets" depende de él):
   2:6>Compilación terminada del destino "ResolveStaticWebAssetsConfiguration" en el proyecto "ERP.Api.csproj".
   2:6>Destino "UpdateExistingPackageStaticWebAssets" en el archivo "C:\Program Files\dotnet\sdk\10.0.302\Sdks\Microsoft.NET.Sdk.StaticWebAssets\targets\Microsoft.NET.Sdk.StaticWebAssets.targets" del proyecto "D:\TEXNICA\ERP-API\ERP.Api\ERP.Api.csproj" (el destino "ResolveProjectStaticWebAssets" depende de él):
       Usando la tarea "UpdatePackageStaticWebAssets" del ensamblado "C:\Program Files\dotnet\sdk\10.0.302\Sdks\Microsoft.NET.Sdk.StaticWebAssets\targets\..\tasks\net10.0\Microsoft.NET.Sdk.StaticWebAssets.Tasks.dll".
       Tarea "UpdatePackageStaticWebAssets"
       Ejecución de la tarea "UpdatePackageStaticWebAssets" terminada.
       Usando la tarea "DefineStaticWebAssetEndpoints" del ensamblado "C:\Program Files\dotnet\sdk\10.0.302\Sdks\Microsoft.NET.Sdk.StaticWebAssets\targets\..\tasks\net10.0\Microsoft.NET.Sdk.StaticWebAssets.Tasks.dll".
       Tarea "DefineStaticWebAssetEndpoints"
       Ejecución de la tarea "DefineStaticWebAssetEndpoints" terminada.
   2:6>Compilación terminada del destino "UpdateExistingPackageStaticWebAssets" en el proyecto "ERP.Api.csproj".
   2:6>Destino "ResolveProjectStaticWebAssets" en el archivo "C:\Program Files\dotnet\sdk\10.0.302\Sdks\Microsoft.NET.Sdk.StaticWebAssets\targets\Microsoft.NET.Sdk.StaticWebAssets.targets" del proyecto "D:\TEXNICA\ERP-API\ERP.Api\ERP.Api.csproj" (el destino "AssignTargetPaths" depende de él):
       Usando la tarea "DefineStaticWebAssets" del ensamblado "C:\Program Files\dotnet\sdk\10.0.302\Sdks\Microsoft.NET.Sdk.StaticWebAssets\targets\..\tasks\net10.0\Microsoft.NET.Sdk.StaticWebAssets.Tasks.dll".
       Tarea "DefineStaticWebAssets"
         Cache is fully up to date.
       Ejecución de la tarea "DefineStaticWebAssets" terminada.
       Tarea "DefineStaticWebAssetEndpoints"
       Ejecución de la tarea "DefineStaticWebAssetEndpoints" terminada.
   2:6>Compilación terminada del destino "ResolveProjectStaticWebAssets" en el proyecto "ERP.Api.csproj".
   2:6>Destino "AssignTargetPaths" en el archivo "C:\Program Files\dotnet\sdk\10.0.302\Microsoft.Common.CurrentVersion.targets" del proyecto "D:\TEXNICA\ERP-API\ERP.Api\ERP.Api.csproj" (el destino "PrepareResourceNames" depende de él):
       Usando la tarea "AssignTargetPath" del ensamblado "Microsoft.Build.Tasks.Core, Version=15.1.0.0, Culture=neutral, PublicKeyToken=b03f5f7f11d50a3a".
       Tarea "AssignTargetPath"
       Ejecución de la tarea "AssignTargetPath" terminada.
       Tarea "AssignTargetPath"
       Ejecución de la tarea "AssignTargetPath" terminada.
       Tarea "AssignTargetPath"
       Ejecución de la tarea "AssignTargetPath" terminada.
       Tarea "AssignTargetPath"
       Ejecución de la tarea "AssignTargetPath" terminada.
   2:6>Compilación terminada del destino "AssignTargetPaths" en el proyecto "ERP.Api.csproj".
   2:6>Destino "_IncludeContentItemsWithOnlyPublishMetadata" en el archivo "C:\Program Files\dotnet\sdk\10.0.302\Sdks\Microsoft.NET.Sdk\targets\Microsoft.NET.Publish.targets" del proyecto "D:\TEXNICA\ERP-API\ERP.Api\ERP.Api.csproj" (el destino "PrepareResourceNames" depende de él):
   2:6>Compilación terminada del destino "_IncludeContentItemsWithOnlyPublishMetadata" en el proyecto "ERP.Api.csproj".
       Se omitió el destino "AssignTargetPaths". Compilado previamente de forma correcta.
   2:6>Destino "SplitResourcesByCulture" en el archivo "C:\Program Files\dotnet\sdk\10.0.302\Microsoft.Common.CurrentVersion.targets" del proyecto "D:\TEXNICA\ERP-API\ERP.Api\ERP.Api.csproj" (el destino "PrepareResourceNames" depende de él):
       Usando la tarea "AssignCulture" del ensamblado "Microsoft.Build.Tasks.Core, Version=15.1.0.0, Culture=neutral, PublicKeyToken=b03f5f7f11d50a3a".
       Tarea "AssignCulture"
       Ejecución de la tarea "AssignCulture" terminada.
   2:6>Compilación terminada del destino "SplitResourcesByCulture" en el proyecto "ERP.Api.csproj".
   2:6>Destino "CreateCustomManifestResourceNames" en el archivo "C:\Program Files\dotnet\sdk\10.0.302\Microsoft.Common.CurrentVersion.targets" del proyecto "D:\TEXNICA\ERP-API\ERP.Api\ERP.Api.csproj" (el destino "PrepareResourceNames" depende de él):
   2:6>Compilación terminada del destino "CreateCustomManifestResourceNames" en el proyecto "ERP.Api.csproj".
   2:6>Destino "PrepareResourceNames" en el archivo "C:\Program Files\dotnet\sdk\10.0.302\Microsoft.Common.CurrentVersion.targets" del proyecto "D:\TEXNICA\ERP-API\ERP.Api\ERP.Api.csproj" (el destino "PrepareResources" depende de él):
   2:6>Compilación terminada del destino "PrepareResourceNames" en el proyecto "ERP.Api.csproj".
       Se omitió el destino "ResolveAssemblyReferences". Compilado previamente de forma correcta.
       Se omitió el destino "SplitResourcesByCulture". Compilado previamente de forma correcta.
   2:6>Destino "BeforeResGen" en el archivo "C:\Program Files\dotnet\sdk\10.0.302\Microsoft.Common.CurrentVersion.targets" del proyecto "D:\TEXNICA\ERP-API\ERP.Api\ERP.Api.csproj" (el destino "ResGen" depende de él):
   2:6>Compilación terminada del destino "BeforeResGen" en el proyecto "ERP.Api.csproj".
       Se omitió el destino "ResolveReferences". Compilado previamente de forma correcta.
   2:6>Destino "FindReferenceAssembliesForReferences" en el archivo "C:\Program Files\dotnet\sdk\10.0.302\Microsoft.Common.CurrentVersion.targets" del proyecto "D:\TEXNICA\ERP-API\ERP.Api\ERP.Api.csproj" (el destino "CoreResGen" depende de él):
   2:6>Compilación terminada del destino "FindReferenceAssembliesForReferences" en el proyecto "ERP.Api.csproj".
   2:6>Destino "CoreResGen" en el archivo "C:\Program Files\dotnet\sdk\10.0.302\Microsoft.Common.CurrentVersion.targets" del proyecto "D:\TEXNICA\ERP-API\ERP.Api\ERP.Api.csproj" (el destino "ResGen" depende de él):
   2:6>Compilación terminada del destino "CoreResGen" en el proyecto "ERP.Api.csproj".
   2:6>Destino "AfterResGen" en el archivo "C:\Program Files\dotnet\sdk\10.0.302\Microsoft.Common.CurrentVersion.targets" del proyecto "D:\TEXNICA\ERP-API\ERP.Api\ERP.Api.csproj" (el destino "ResGen" depende de él):
   2:6>Compilación terminada del destino "AfterResGen" en el proyecto "ERP.Api.csproj".
   2:6>Destino "ResGen" en el archivo "C:\Program Files\dotnet\sdk\10.0.302\Microsoft.Common.CurrentVersion.targets" del proyecto "D:\TEXNICA\ERP-API\ERP.Api\ERP.Api.csproj" (el destino "PrepareResources" depende de él):
   2:6>Compilación terminada del destino "ResGen" en el proyecto "ERP.Api.csproj".
   2:6>Destino "PrepareResources" en el archivo "C:\Program Files\dotnet\sdk\10.0.302\Microsoft.Common.CurrentVersion.targets" del proyecto "D:\TEXNICA\ERP-API\ERP.Api\ERP.Api.csproj" (el destino "CoreBuild" depende de él):
   2:6>Compilación terminada del destino "PrepareResources" en el proyecto "ERP.Api.csproj".
       Se omitió el destino "ResolveReferences". Compilado previamente de forma correcta.
   2:6>Destino "_SetEmbeddedWin32ManifestProperties" en el archivo "C:\Program Files\dotnet\sdk\10.0.302\Microsoft.Common.CurrentVersion.targets" del proyecto "D:\TEXNICA\ERP-API\ERP.Api\ERP.Api.csproj" (el destino "SetWin32ManifestProperties" depende de él):
       Usando la tarea "GetFrameworkPath" del ensamblado "Microsoft.Build.Tasks.Core, Version=15.1.0.0, Culture=neutral, PublicKeyToken=b03f5f7f11d50a3a".
       Tarea "GetFrameworkPath"
       Ejecución de la tarea "GetFrameworkPath" terminada.
   2:6>Compilación terminada del destino "_SetEmbeddedWin32ManifestProperties" en el proyecto "ERP.Api.csproj".
   2:6>Destino "SetWin32ManifestProperties" en el archivo "C:\Program Files\dotnet\sdk\10.0.302\Microsoft.Common.CurrentVersion.targets" del proyecto "D:\TEXNICA\ERP-API\ERP.Api\ERP.Api.csproj" (el destino "Compile" depende de él):
   2:6>Compilación terminada del destino "SetWin32ManifestProperties" en el proyecto "ERP.Api.csproj".
       Se omitió el destino "FindReferenceAssembliesForReferences". Compilado previamente de forma correcta.
   2:6>Destino "_GenerateCompileInputs" en el archivo "C:\Program Files\dotnet\sdk\10.0.302\Microsoft.Common.CurrentVersion.targets" del proyecto "D:\TEXNICA\ERP-API\ERP.Api\ERP.Api.csproj" (el destino "Compile" depende de él):
   2:6>Compilación terminada del destino "_GenerateCompileInputs" en el proyecto "ERP.Api.csproj".
       Se omitió el destino "PrepareForBuild". Compilado previamente de forma correcta.
   2:6>Destino "ResolveRazorConfiguration" en el archivo "C:\Program Files\dotnet\sdk\10.0.302\Sdks\Microsoft.NET.Sdk.Razor\targets\Sdk.Razor.CurrentVersion.targets" del proyecto "D:\TEXNICA\ERP-API\ERP.Api\ERP.Api.csproj" (el destino "PrepareForRazorGenerate" depende de él):
       Usando la tarea "FindInList" del ensamblado "Microsoft.Build.Tasks.Core, Version=15.1.0.0, Culture=neutral, PublicKeyToken=b03f5f7f11d50a3a".
       Tarea "FindInList"
         Se encontró "MVC-3.0".
       Ejecución de la tarea "FindInList" terminada.
   2:6>Compilación terminada del destino "ResolveRazorConfiguration" en el proyecto "ERP.Api.csproj".
       Se omitió el destino "ResolveRazorGenerateInputs". Compilado previamente de forma correcta.
   2:6>Destino "ResolveScopedCssInputs" en el archivo "C:\Program Files\dotnet\sdk\10.0.302\Sdks\Microsoft.NET.Sdk.StaticWebAssets\targets\Microsoft.NET.Sdk.StaticWebAssets.ScopedCss.targets" del proyecto "D:\TEXNICA\ERP-API\ERP.Api\ERP.Api.csproj" (el destino "ComputeCssScope" depende de él):
       Usando la tarea "DiscoverDefaultScopedCssItems" del ensamblado "C:\Program Files\dotnet\sdk\10.0.302\Sdks\Microsoft.NET.Sdk.StaticWebAssets\targets\..\tasks\net10.0\Microsoft.NET.Sdk.StaticWebAssets.Tasks.dll".
       Tarea "DiscoverDefaultScopedCssItems"
       Ejecución de la tarea "DiscoverDefaultScopedCssItems" terminada.
   2:6>Compilación terminada del destino "ResolveScopedCssInputs" en el proyecto "ERP.Api.csproj".
   2:6>Destino "ComputeCssScope" en el archivo "C:\Program Files\dotnet\sdk\10.0.302\Sdks\Microsoft.NET.Sdk.StaticWebAssets\targets\Microsoft.NET.Sdk.StaticWebAssets.ScopedCss.targets" del proyecto "D:\TEXNICA\ERP-API\ERP.Api\ERP.Api.csproj" (el destino "ResolveCssScopes" depende de él):
       Usando la tarea "ComputeCssScope" del ensamblado "C:\Program Files\dotnet\sdk\10.0.302\Sdks\Microsoft.NET.Sdk.StaticWebAssets\targets\..\tasks\net10.0\Microsoft.NET.Sdk.StaticWebAssets.Tasks.dll".
       Tarea "ComputeCssScope"
       Ejecución de la tarea "ComputeCssScope" terminada.
   2:6>Compilación terminada del destino "ComputeCssScope" en el proyecto "ERP.Api.csproj".
       Se omitió el destino "ResolveRazorComponentInputs". Compilado previamente de forma correcta.
       Se omitió el destino "ResolveRazorGenerateInputs". Compilado previamente de forma correcta.
   2:6>Destino "ResolveCssScopes" en el archivo "C:\Program Files\dotnet\sdk\10.0.302\Sdks\Microsoft.NET.Sdk.Razor\targets\Sdk.Razor.CurrentVersion.targets" del proyecto "D:\TEXNICA\ERP-API\ERP.Api\ERP.Api.csproj" (el destino "AssignRazorGenerateTargetPaths" depende de él):
       Usando la tarea "ApplyCssScopes" del ensamblado "C:\Program Files\dotnet\sdk\10.0.302\Sdks\Microsoft.NET.Sdk.StaticWebAssets\targets\..\tasks\net10.0\Microsoft.NET.Sdk.StaticWebAssets.Tasks.dll".
       Tarea "ApplyCssScopes"
       Ejecución de la tarea "ApplyCssScopes" terminada.
   2:6>Compilación terminada del destino "ResolveCssScopes" en el proyecto "ERP.Api.csproj".
   2:6>Destino "_ResolveGeneratedRazorCompileInputs" en el archivo "C:\Program Files\dotnet\sdk\10.0.302\Sdks\Microsoft.NET.Sdk.Razor\targets\Sdk.Razor.CurrentVersion.targets" del proyecto "D:\TEXNICA\ERP-API\ERP.Api\ERP.Api.csproj" (el destino "PrepareForRazorGenerate" depende de él):
   2:6>Compilación terminada del destino "_ResolveGeneratedRazorCompileInputs" en el proyecto "ERP.Api.csproj".
   2:6>Destino "PrepareForRazorGenerate" en el archivo "C:\Program Files\dotnet\sdk\10.0.302\Sdks\Microsoft.NET.Sdk.Razor\targets\Sdk.Razor.CurrentVersion.targets" del proyecto "D:\TEXNICA\ERP-API\ERP.Api\ERP.Api.csproj" (el destino "_PrepareRazorSourceGenerators" depende de él):
   2:6>Compilación terminada del destino "PrepareForRazorGenerate" en el proyecto "ERP.Api.csproj".
       Se omitió el destino "ResolveRazorConfiguration". Compilado previamente de forma correcta.
       Se omitió el destino "ResolveRazorComponentInputs". Compilado previamente de forma correcta.
   2:6>Destino "PrepareForRazorComponentGenerate" en el archivo "C:\Program Files\dotnet\sdk\10.0.302\Sdks\Microsoft.NET.Sdk.Razor\targets\Sdk.Razor.CurrentVersion.targets" del proyecto "D:\TEXNICA\ERP-API\ERP.Api\ERP.Api.csproj" (el destino "_PrepareRazorSourceGenerators" depende de él):
   2:6>Compilación terminada del destino "PrepareForRazorComponentGenerate" en el proyecto "ERP.Api.csproj".
   2:6>Destino "_PrepareRazorSourceGenerators" en el archivo "C:\Program Files\dotnet\sdk\10.0.302\Sdks\Microsoft.NET.Sdk.Razor\targets\Microsoft.NET.Sdk.Razor.SourceGenerators.targets" del proyecto "D:\TEXNICA\ERP-API\ERP.Api\ERP.Api.csproj" (el destino "GenerateMSBuildEditorConfigFileShouldRun" depende de él):
       Usando la tarea "EncodeRazorInputItem" del ensamblado "C:\Program Files\dotnet\sdk\10.0.302\Sdks\Microsoft.NET.Sdk.Razor\targets\..\tasks\net10.0\Microsoft.NET.Sdk.Razor.Tasks.dll".
       Tarea "EncodeRazorInputItem"
       Ejecución de la tarea "EncodeRazorInputItem" terminada.
   2:6>Compilación terminada del destino "_PrepareRazorSourceGenerators" en el proyecto "ERP.Api.csproj".
   2:6>Destino "GenerateMSBuildEditorConfigFileShouldRun" en el archivo "C:\Program Files\dotnet\sdk\10.0.302\Roslyn\Microsoft.Managed.Core.targets" del proyecto "D:\TEXNICA\ERP-API\ERP.Api\ERP.Api.csproj" (el destino "GenerateMSBuildEditorConfigFile" depende de él):
   2:6>Compilación terminada del destino "GenerateMSBuildEditorConfigFileShouldRun" en el proyecto "ERP.Api.csproj".
   2:6>Destino "AddGlobalAnalyzerConfigForPackage_MicrosoftCodeAnalysisCSharpCodeStyle" en el archivo "C:\Program Files\dotnet\sdk\10.0.302\Sdks\Microsoft.NET.Sdk\codestyle\cs\build\Microsoft.CodeAnalysis.CSharp.CodeStyle.targets" del proyecto "D:\TEXNICA\ERP-API\ERP.Api\ERP.Api.csproj" (el destino "GenerateMSBuildEditorConfigFileCore" depende de él):
   2:6>Compilación terminada del destino "AddGlobalAnalyzerConfigForPackage_MicrosoftCodeAnalysisCSharpCodeStyle" en el proyecto "ERP.Api.csproj".
   2:6>Destino "GenerateMSBuildEditorConfigFileCore" en el archivo "C:\Program Files\dotnet\sdk\10.0.302\Roslyn\Microsoft.Managed.Core.targets" del proyecto "D:\TEXNICA\ERP-API\ERP.Api\ERP.Api.csproj" (el destino "GenerateMSBuildEditorConfigFile" depende de él):
       Compilando completamente el destino "GenerateMSBuildEditorConfigFileCore".
       No se especificaron archivos de entrada.
       Usando la tarea "GenerateMSBuildEditorConfig" del ensamblado "C:\Program Files\dotnet\sdk\10.0.302\Sdks\Microsoft.NET.Sdk\targets\..\..\..\Roslyn\Microsoft.Build.Tasks.CodeAnalysis.dll".
       Tarea "GenerateMSBuildEditorConfig"
       Ejecución de la tarea "GenerateMSBuildEditorConfig" terminada.
   2:6>Compilación terminada del destino "GenerateMSBuildEditorConfigFileCore" en el proyecto "ERP.Api.csproj".
   2:6>Destino "GenerateMSBuildEditorConfigFile" en el archivo "C:\Program Files\dotnet\sdk\10.0.302\Roslyn\Microsoft.Managed.Core.targets" del proyecto "D:\TEXNICA\ERP-API\ERP.Api\ERP.Api.csproj" (el destino "BeforeCompile" depende de él):
   2:6>Compilación terminada del destino "GenerateMSBuildEditorConfigFile" en el proyecto "ERP.Api.csproj".
       Se omitió el destino "PrepareForBuild". Compilado previamente de forma correcta.
       Se omitió el destino "GetReferenceAssemblyPaths". Compilado previamente de forma correcta.
   2:6>Destino "_SetTargetFrameworkMonikerAttribute" en el archivo "C:\Program Files\dotnet\sdk\10.0.302\Microsoft.CSharp.CurrentVersion.targets" del proyecto "D:\TEXNICA\ERP-API\ERP.Api\ERP.Api.csproj" (el destino "GenerateTargetFrameworkMonikerAttribute" depende de él):
   2:6>Compilación terminada del destino "_SetTargetFrameworkMonikerAttribute" en el proyecto "ERP.Api.csproj".
   2:6>Destino "GenerateTargetFrameworkMonikerAttribute" en el archivo "C:\Program Files\dotnet\sdk\10.0.302\Microsoft.Common.CurrentVersion.targets" del proyecto "D:\TEXNICA\ERP-API\ERP.Api\ERP.Api.csproj" (el destino "BeforeCompile" depende de él):
       Se omitirá el destino "GenerateTargetFrameworkMonikerAttribute" porque todos los archivos de salida están actualizados respecto a los archivos de entrada.
       Archivos de entrada: C:\Program Files\dotnet\sdk\10.0.302\Microsoft.Common.targets
       Archivos de salida: obj\Debug\net9.0\.NETCoreApp,Version=v9.0.AssemblyAttributes.cs
   2:6>Compilación terminada del destino "GenerateTargetFrameworkMonikerAttribute" en el proyecto "ERP.Api.csproj".
       Se omitió el destino "PrepareForBuild". Compilado previamente de forma correcta.
   2:6>Destino "GetAssemblyVersion" en el archivo "C:\Program Files\dotnet\sdk\10.0.302\Sdks\Microsoft.NET.Sdk\targets\Microsoft.NET.GenerateAssemblyInfo.targets" del proyecto "D:\TEXNICA\ERP-API\ERP.Api\ERP.Api.csproj" (el destino "GetAssemblyAttributes" depende de él):
       Usando la tarea "GetAssemblyVersion" del ensamblado "C:\Program Files\dotnet\sdk\10.0.302\Sdks\Microsoft.NET.Sdk\targets\..\tools\net10.0\Microsoft.NET.Build.Tasks.dll".
       Tarea "GetAssemblyVersion"
       Ejecución de la tarea "GetAssemblyVersion" terminada.
   2:6>Compilación terminada del destino "GetAssemblyVersion" en el proyecto "ERP.Api.csproj".
   2:6>Destino "InitializeSourceControlInformationFromSourceControlManager" en el archivo "C:\Program Files\dotnet\sdk\10.0.302\Sdks\Microsoft.Build.Tasks.Git\build\Microsoft.Build.Tasks.Git.targets" del proyecto "D:\TEXNICA\ERP-API\ERP.Api\ERP.Api.csproj" (el destino "_InitializeSourceControlInformationFromSourceControlManager" depende de él):
       Usando la tarea "Microsoft.Build.Tasks.Git.LocateRepository" del ensamblado "C:\Program Files\dotnet\sdk\10.0.302\Sdks\Microsoft.Build.Tasks.Git\build\..\tools\net\Microsoft.Build.Tasks.Git.dll".
       Tarea "Microsoft.Build.Tasks.Git.LocateRepository"
         SourceLink: Repository instance not found in cache: '*:D:\TEXNICA\ERP-API\.git'
       Ejecución de la tarea "Microsoft.Build.Tasks.Git.LocateRepository" terminada.
   2:6>Compilación terminada del destino "InitializeSourceControlInformationFromSourceControlManager" en el proyecto "ERP.Api.csproj".
   2:6>Destino "_SourceLinkHasSingleProvider" en el archivo "C:\Program Files\dotnet\sdk\10.0.302\Sdks\Microsoft.SourceLink.Common\build\InitializeSourceControlInformation.targets" del proyecto "D:\TEXNICA\ERP-API\ERP.Api\ERP.Api.csproj" (el destino "_InitializeSourceControlInformationFromSourceControlManager" depende de él):
       Ensamblado cargado durante TaskRun: Microsoft.SourceLink.Common, Version=10.0.14.33009, Culture=neutral, PublicKeyToken=31bf3856ad364e35(ubicación: C:\Program Files\dotnet\sdk\10.0.302\Sdks\Microsoft.SourceLink.Common\tools\net\Microsoft.SourceLink.Common.dll, MVID: c152539b-b0fa-4472-9437-8510b410fbd9, AssemblyLoadContext: MSBuild plugin C:\Program Files\dotnet\sdk\10.0.302\Sdks\Microsoft.SourceLink.Common\tools\net\Microsoft.SourceLink.Common.dll)
       Usando la tarea "Microsoft.SourceLink.Common.SourceLinkHasSingleProvider" del ensamblado "C:\Program Files\dotnet\sdk\10.0.302\Sdks\Microsoft.SourceLink.Common\build\..\tools\net\Microsoft.SourceLink.Common.dll".
       Tarea "Microsoft.SourceLink.Common.SourceLinkHasSingleProvider"
       Ejecución de la tarea "Microsoft.SourceLink.Common.SourceLinkHasSingleProvider" terminada.
   2:6>Compilación terminada del destino "_SourceLinkHasSingleProvider" en el proyecto "ERP.Api.csproj".
   2:6>Destino "TranslateGitHubUrlsInSourceControlInformation" en el archivo "C:\Program Files\dotnet\sdk\10.0.302\Sdks\Microsoft.SourceLink.GitHub\build\Microsoft.SourceLink.GitHub.targets" del proyecto "D:\TEXNICA\ERP-API\ERP.Api\ERP.Api.csproj" (el destino "_InitializeSourceControlInformationFromSourceControlManager" depende de él):
       Ensamblado cargado durante TaskRun: Microsoft.SourceLink.GitHub, Version=10.0.14.33009, Culture=neutral, PublicKeyToken=31bf3856ad364e35(ubicación: C:\Program Files\dotnet\sdk\10.0.302\Sdks\Microsoft.SourceLink.GitHub\tools\net\Microsoft.SourceLink.GitHub.dll, MVID: 6259eebc-5d75-41ce-9de8-181d694947c4, AssemblyLoadContext: MSBuild plugin C:\Program Files\dotnet\sdk\10.0.302\Sdks\Microsoft.SourceLink.GitHub\tools\net\Microsoft.SourceLink.GitHub.dll)
       Usando la tarea "Microsoft.SourceLink.GitHub.TranslateRepositoryUrls" del ensamblado "C:\Program Files\dotnet\sdk\10.0.302\Sdks\Microsoft.SourceLink.GitHub\build\..\tools\net\Microsoft.SourceLink.GitHub.dll".
       Tarea "Microsoft.SourceLink.GitHub.TranslateRepositoryUrls"
       Ejecución de la tarea "Microsoft.SourceLink.GitHub.TranslateRepositoryUrls" terminada.
   2:6>Compilación terminada del destino "TranslateGitHubUrlsInSourceControlInformation" en el proyecto "ERP.Api.csproj".
   2:6>Destino "TranslateGitLabUrlsInSourceControlInformation" en el archivo "C:\Program Files\dotnet\sdk\10.0.302\Sdks\Microsoft.SourceLink.GitLab\build\Microsoft.SourceLink.GitLab.targets" del proyecto "D:\TEXNICA\ERP-API\ERP.Api\ERP.Api.csproj" (el destino "_InitializeSourceControlInformationFromSourceControlManager" depende de él):
       Ensamblado cargado durante TaskRun: Microsoft.SourceLink.GitLab, Version=10.0.14.33009, Culture=neutral, PublicKeyToken=31bf3856ad364e35(ubicación: C:\Program Files\dotnet\sdk\10.0.302\Sdks\Microsoft.SourceLink.GitLab\tools\net\Microsoft.SourceLink.GitLab.dll, MVID: ad65b4cc-8494-457c-9261-db191cc1113e, AssemblyLoadContext: MSBuild plugin C:\Program Files\dotnet\sdk\10.0.302\Sdks\Microsoft.SourceLink.GitLab\tools\net\Microsoft.SourceLink.GitLab.dll)
       Usando la tarea "Microsoft.SourceLink.GitLab.TranslateRepositoryUrls" del ensamblado "C:\Program Files\dotnet\sdk\10.0.302\Sdks\Microsoft.SourceLink.GitLab\build\..\tools\net\Microsoft.SourceLink.GitLab.dll".
       Tarea "Microsoft.SourceLink.GitLab.TranslateRepositoryUrls"
       Ejecución de la tarea "Microsoft.SourceLink.GitLab.TranslateRepositoryUrls" terminada.
   2:6>Compilación terminada del destino "TranslateGitLabUrlsInSourceControlInformation" en el proyecto "ERP.Api.csproj".
   2:6>Destino "TranslateAzureReposGitUrlsInSourceControlInformation" en el archivo "C:\Program Files\dotnet\sdk\10.0.302\Sdks\Microsoft.SourceLink.AzureRepos.Git\build\Microsoft.SourceLink.AzureRepos.Git.targets" del proyecto "D:\TEXNICA\ERP-API\ERP.Api\ERP.Api.csproj" (el destino "_InitializeSourceControlInformationFromSourceControlManager" depende de él):
       Ensamblado cargado durante TaskRun: Microsoft.SourceLink.AzureRepos.Git, Version=10.0.14.33009, Culture=neutral, PublicKeyToken=31bf3856ad364e35(ubicación: C:\Program Files\dotnet\sdk\10.0.302\Sdks\Microsoft.SourceLink.AzureRepos.Git\tools\net\Microsoft.SourceLink.AzureRepos.Git.dll, MVID: 41a8c4a6-e169-4aa4-af1b-cba9bfc5cae7, AssemblyLoadContext: MSBuild plugin C:\Program Files\dotnet\sdk\10.0.302\Sdks\Microsoft.SourceLink.AzureRepos.Git\tools\net\Microsoft.SourceLink.AzureRepos.Git.dll)
       Usando la tarea "Microsoft.SourceLink.AzureRepos.Git.TranslateRepositoryUrls" del ensamblado "C:\Program Files\dotnet\sdk\10.0.302\Sdks\Microsoft.SourceLink.AzureRepos.Git\build\..\tools\net\Microsoft.SourceLink.AzureRepos.Git.dll".
       Tarea "Microsoft.SourceLink.AzureRepos.Git.TranslateRepositoryUrls"
       Ejecución de la tarea "Microsoft.SourceLink.AzureRepos.Git.TranslateRepositoryUrls" terminada.
   2:6>Compilación terminada del destino "TranslateAzureReposGitUrlsInSourceControlInformation" en el proyecto "ERP.Api.csproj".
   2:6>Destino "TranslateBitbucketGitUrlsInSourceControlInformation" en el archivo "C:\Program Files\dotnet\sdk\10.0.302\Sdks\Microsoft.SourceLink.Bitbucket.Git\build\Microsoft.SourceLink.Bitbucket.Git.targets" del proyecto "D:\TEXNICA\ERP-API\ERP.Api\ERP.Api.csproj" (el destino "_InitializeSourceControlInformationFromSourceControlManager" depende de él):
       Ensamblado cargado durante TaskRun: Microsoft.SourceLink.Bitbucket.Git, Version=10.0.14.33009, Culture=neutral, PublicKeyToken=31bf3856ad364e35(ubicación: C:\Program Files\dotnet\sdk\10.0.302\Sdks\Microsoft.SourceLink.Bitbucket.Git\tools\net\Microsoft.SourceLink.Bitbucket.Git.dll, MVID: 09764c58-41f8-45bf-9f7d-7d8b73031b9a, AssemblyLoadContext: MSBuild plugin C:\Program Files\dotnet\sdk\10.0.302\Sdks\Microsoft.SourceLink.Bitbucket.Git\tools\net\Microsoft.SourceLink.Bitbucket.Git.dll)
       Usando la tarea "Microsoft.SourceLink.Bitbucket.Git.TranslateRepositoryUrls" del ensamblado "C:\Program Files\dotnet\sdk\10.0.302\Sdks\Microsoft.SourceLink.Bitbucket.Git\build\..\tools\net\Microsoft.SourceLink.Bitbucket.Git.dll".
       Tarea "Microsoft.SourceLink.Bitbucket.Git.TranslateRepositoryUrls"
       Ejecución de la tarea "Microsoft.SourceLink.Bitbucket.Git.TranslateRepositoryUrls" terminada.
   2:6>Compilación terminada del destino "TranslateBitbucketGitUrlsInSourceControlInformation" en el proyecto "ERP.Api.csproj".
   2:6>Destino "SourceControlManagerPublishTranslatedUrls" en el archivo "C:\Program Files\dotnet\sdk\10.0.302\Sdks\Microsoft.SourceLink.Common\build\InitializeSourceControlInformation.targets" del proyecto "D:\TEXNICA\ERP-API\ERP.Api\ERP.Api.csproj" (el destino "_InitializeSourceControlInformationFromSourceControlManager" depende de él):
   2:6>Compilación terminada del destino "SourceControlManagerPublishTranslatedUrls" en el proyecto "ERP.Api.csproj".
   2:6>Destino "_InitializeSourceControlInformationFromSourceControlManager" en el archivo "C:\Program Files\dotnet\sdk\10.0.302\Sdks\Microsoft.SourceLink.Common\build\InitializeSourceControlInformation.targets" del proyecto "D:\TEXNICA\ERP-API\ERP.Api\ERP.Api.csproj" (el destino "InitializeSourceControlInformation" depende de él):
   2:6>Compilación terminada del destino "_InitializeSourceControlInformationFromSourceControlManager" en el proyecto "ERP.Api.csproj".
   2:6>Destino "InitializeSourceControlInformation" en el archivo "C:\Program Files\dotnet\sdk\10.0.302\Microsoft.Common.CurrentVersion.targets" del proyecto "D:\TEXNICA\ERP-API\ERP.Api\ERP.Api.csproj" (el destino "GetAssemblyAttributes" depende de él):
   2:6>Compilación terminada del destino "InitializeSourceControlInformation" en el proyecto "ERP.Api.csproj".
       Se omitió el destino "GetAssemblyVersion". Compilado previamente de forma correcta.
       Se omitió el destino "InitializeSourceControlInformation". Compilado previamente de forma correcta.
   2:6>Destino "AddSourceRevisionToInformationalVersion" en el archivo "C:\Program Files\dotnet\sdk\10.0.302\Sdks\Microsoft.NET.Sdk\targets\Microsoft.NET.GenerateAssemblyInfo.targets" del proyecto "D:\TEXNICA\ERP-API\ERP.Api\ERP.Api.csproj" (el destino "GetAssemblyAttributes" depende de él):
       C:\Program Files\dotnet\sdk\10.0.302\Sdks\Microsoft.NET.Sdk\targets\Microsoft.NET.GenerateAssemblyInfo.targets(70,7): message : Reasignación de propiedad: $(InformationalVersion)="1.0.0+f2f0be3e095c2ff43919316dc22b0c7952de958b" (valor anterior: "1.0.0") en C:\Program Files\dotnet\sdk\10.0.302\Sdks\Microsoft.NET.Sdk\targets\Microsoft.NET.GenerateAssemblyInfo.targets (70,7) [D:\TEXNICA\ERP-API\ERP.Api\ERP.Api.csproj]
   2:6>Compilación terminada del destino "AddSourceRevisionToInformationalVersion" en el proyecto "ERP.Api.csproj".
   2:6>Destino "GetAssemblyAttributes" en el archivo "C:\Program Files\dotnet\sdk\10.0.302\Sdks\Microsoft.NET.Sdk\targets\Microsoft.NET.GenerateAssemblyInfo.targets" del proyecto "D:\TEXNICA\ERP-API\ERP.Api\ERP.Api.csproj" (el destino "CreateGeneratedAssemblyInfoInputsCacheFile" depende de él):
   2:6>Compilación terminada del destino "GetAssemblyAttributes" en el proyecto "ERP.Api.csproj".
   2:6>Destino "CreateGeneratedAssemblyInfoInputsCacheFile" en el archivo "C:\Program Files\dotnet\sdk\10.0.302\Sdks\Microsoft.NET.Sdk\targets\Microsoft.NET.GenerateAssemblyInfo.targets" del proyecto "D:\TEXNICA\ERP-API\ERP.Api\ERP.Api.csproj" (el destino "CoreGenerateAssemblyInfo" depende de él):
       Usando la tarea "Hash" del ensamblado "Microsoft.Build.Tasks.Core, Version=15.1.0.0, Culture=neutral, PublicKeyToken=b03f5f7f11d50a3a".
       Tarea "Hash"
       Ejecución de la tarea "Hash" terminada.
       Tarea "WriteLinesToFile"
         Omitiendo la escritura en el archivo "obj\Debug\net9.0\ERP.Api.AssemblyInfoInputs.cache" porque el contenido no cambiará.
       Ejecución de la tarea "WriteLinesToFile" terminada.
   2:6>Compilación terminada del destino "CreateGeneratedAssemblyInfoInputsCacheFile" en el proyecto "ERP.Api.csproj".
   2:6>Destino "CoreGenerateAssemblyInfo" en el archivo "C:\Program Files\dotnet\sdk\10.0.302\Sdks\Microsoft.NET.Sdk\targets\Microsoft.NET.GenerateAssemblyInfo.targets" del proyecto "D:\TEXNICA\ERP-API\ERP.Api\ERP.Api.csproj" (el destino "GenerateAssemblyInfo" depende de él):
       Se omitirá el destino "CoreGenerateAssemblyInfo" porque todos los archivos de salida están actualizados respecto a los archivos de entrada.
       Archivos de entrada: obj\Debug\net9.0\ERP.Api.AssemblyInfoInputs.cache
       Archivos de salida: obj\Debug\net9.0\ERP.Api.AssemblyInfo.cs
   2:6>Compilación terminada del destino "CoreGenerateAssemblyInfo" en el proyecto "ERP.Api.csproj".
   2:6>Destino "GenerateAssemblyInfo" en el archivo "C:\Program Files\dotnet\sdk\10.0.302\Sdks\Microsoft.NET.Sdk\targets\Microsoft.NET.GenerateAssemblyInfo.targets" del proyecto "D:\TEXNICA\ERP-API\ERP.Api\ERP.Api.csproj" (el destino "BeforeCompile" depende de él):
   2:6>Compilación terminada del destino "GenerateAssemblyInfo" en el proyecto "ERP.Api.csproj".
   2:6>Destino "BeforeCompile" en el archivo "C:\Program Files\dotnet\sdk\10.0.302\Microsoft.Common.CurrentVersion.targets" del proyecto "D:\TEXNICA\ERP-API\ERP.Api\ERP.Api.csproj" (el destino "Compile" depende de él):
   2:6>Compilación terminada del destino "BeforeCompile" en el proyecto "ERP.Api.csproj".
       Se omitió el destino "ResolveAssemblyReferences". Compilado previamente de forma correcta.
       Se omitió el destino "_GenerateCompileInputs". Compilado previamente de forma correcta.
   2:6>Destino "_GenerateCompileDependencyCache" en el archivo "C:\Program Files\dotnet\sdk\10.0.302\Microsoft.Common.CurrentVersion.targets" del proyecto "D:\TEXNICA\ERP-API\ERP.Api\ERP.Api.csproj" (el destino "Compile" depende de él):
       Tarea "Hash"
       Ejecución de la tarea "Hash" terminada.
       Tarea "WriteLinesToFile"
       Ejecución de la tarea "WriteLinesToFile" terminada.
   2:6>Compilación terminada del destino "_GenerateCompileDependencyCache" en el proyecto "ERP.Api.csproj".
       Se omitió el destino "ResolveAssemblyReferences". Compilado previamente de forma correcta.
   2:6>Destino "_DiscoverMvcApplicationParts" en el archivo "C:\Program Files\dotnet\sdk\10.0.302\Sdks\Microsoft.NET.Sdk.Razor\targets\Microsoft.NET.Sdk.Razor.MvcApplicationPartsDiscovery.targets" del proyecto "D:\TEXNICA\ERP-API\ERP.Api\ERP.Api.csproj" (el destino "CoreCompile" depende de él):
       Se omitirá el destino "_DiscoverMvcApplicationParts" porque todos los archivos de salida están actualizados respecto a los archivos de entrada.
       Archivos de entrada: 
           D:\TEXNICA\ERP-API\ERP.Api\obj\project.assets.json
           D:\TEXNICA\ERP-API\ERP.Api\obj\ERP.Api.csproj.nuget.g.props
           C:\Program Files\dotnet\sdk\10.0.302\Current\Microsoft.Common.targets\ImportAfter\Microsoft.TestPlatform.ImportAfter.targets
       Archivos de salida: obj\Debug\net9.0\ERP.Api.MvcApplicationPartsAssemblyInfo.cache
   2:6>Compilación terminada del destino "_DiscoverMvcApplicationParts" en el proyecto "ERP.Api.csproj".
       Se omitió el destino "ResolveRazorGenerateInputs". Compilado previamente de forma correcta.
   2:6>Destino "_ResolveMvcAssemblyAttributes" en el archivo "C:\Program Files\dotnet\sdk\10.0.302\Sdks\Microsoft.NET.Sdk.Razor\targets\Microsoft.NET.Sdk.Razor.Configuration.targets" del proyecto "D:\TEXNICA\ERP-API\ERP.Api\ERP.Api.csproj" (el destino "_GenerateRazorAssemblyInfo" depende de él):
   2:6>Compilación terminada del destino "_ResolveMvcAssemblyAttributes" en el proyecto "ERP.Api.csproj".
       Se omitió el destino "PrepareForBuild". Compilado previamente de forma correcta.
   2:6>Destino "_GenerateRazorAssemblyInfo" en el archivo "C:\Program Files\dotnet\sdk\10.0.302\Sdks\Microsoft.NET.Sdk.Razor\targets\Microsoft.NET.Sdk.Razor.GenerateAssemblyInfo.targets" del proyecto "D:\TEXNICA\ERP-API\ERP.Api\ERP.Api.csproj" (el destino "CoreCompile" depende de él):
   2:6>Compilación terminada del destino "_GenerateRazorAssemblyInfo" en el proyecto "ERP.Api.csproj".
   2:6>Destino "_BeforeVBCSCoreCompile" en el archivo "C:\Program Files\dotnet\sdk\10.0.302\Roslyn\Microsoft.Managed.Core.targets" del proyecto "D:\TEXNICA\ERP-API\ERP.Api\ERP.Api.csproj" (el destino "CoreCompile" depende de él):
   2:6>Compilación terminada del destino "_BeforeVBCSCoreCompile" en el proyecto "ERP.Api.csproj".
   2:6>Destino "_ComputeSkipAnalyzers" en el archivo "C:\Program Files\dotnet\sdk\10.0.302\Roslyn\Microsoft.Managed.Core.targets" del proyecto "D:\TEXNICA\ERP-API\ERP.Api\ERP.Api.csproj" (el destino "CoreCompile" depende de él):
   2:6>Compilación terminada del destino "_ComputeSkipAnalyzers" en el proyecto "ERP.Api.csproj".
   2:6>Destino "AddGlobalAnalyzerConfigForPackage_MicrosoftCodeAnalysisAnalyzers" en el archivo "C:\Users\rm619\.nuget\packages\microsoft.codeanalysis.analyzers\3.3.4\buildTransitive\Microsoft.CodeAnalysis.Analyzers.targets" del proyecto "D:\TEXNICA\ERP-API\ERP.Api\ERP.Api.csproj" (el destino "CoreCompile" depende de él):
   2:6>Compilación terminada del destino "AddGlobalAnalyzerConfigForPackage_MicrosoftCodeAnalysisAnalyzers" en el proyecto "ERP.Api.csproj".
       Se omitió el destino "BeforeCompile". Compilado previamente de forma correcta.
       Se omitió el destino "InitializeSourceControlInformationFromSourceControlManager". Compilado previamente de forma correcta.
   2:6>Destino "SetEmbeddedFilesFromSourceControlManagerUntrackedFiles" en el archivo "C:\Program Files\dotnet\sdk\10.0.302\Sdks\Microsoft.Build.Tasks.Git\build\Microsoft.Build.Tasks.Git.targets" del proyecto "D:\TEXNICA\ERP-API\ERP.Api\ERP.Api.csproj" (el destino "_SetEmbeddedFilesFromSourceControlManagerUntrackedFiles" depende de él):
       Usando la tarea "Microsoft.Build.Tasks.Git.GetUntrackedFiles" del ensamblado "C:\Program Files\dotnet\sdk\10.0.302\Sdks\Microsoft.Build.Tasks.Git\build\..\tools\net\Microsoft.Build.Tasks.Git.dll".
       Tarea "Microsoft.Build.Tasks.Git.GetUntrackedFiles"
         SourceLink: Reusing cached git repository information.
       Ejecución de la tarea "Microsoft.Build.Tasks.Git.GetUntrackedFiles" terminada.
   2:6>Compilación terminada del destino "SetEmbeddedFilesFromSourceControlManagerUntrackedFiles" en el proyecto "ERP.Api.csproj".
   2:6>Destino "_SetEmbeddedFilesFromSourceControlManagerUntrackedFiles" en el archivo "C:\Program Files\dotnet\sdk\10.0.302\Sdks\Microsoft.SourceLink.Common\build\Microsoft.SourceLink.Common.targets" del proyecto "D:\TEXNICA\ERP-API\ERP.Api\ERP.Api.csproj" (el destino "CoreCompile" depende de él):
   2:6>Compilación terminada del destino "_SetEmbeddedFilesFromSourceControlManagerUntrackedFiles" en el proyecto "ERP.Api.csproj".
       Se omitió el destino "InitializeSourceControlInformation". Compilado previamente de forma correcta.
   2:6>Destino "_SetSourceLinkFilePath" en el archivo "C:\Program Files\dotnet\sdk\10.0.302\Sdks\Microsoft.SourceLink.Common\build\Microsoft.SourceLink.Common.targets" del proyecto "D:\TEXNICA\ERP-API\ERP.Api\ERP.Api.csproj" (el destino "_GenerateSourceLinkFile" depende de él):
   2:6>Compilación terminada del destino "_SetSourceLinkFilePath" en el proyecto "ERP.Api.csproj".
       Se omitió el destino "InitializeSourceControlInformation". Compilado previamente de forma correcta.
   2:6>Destino "_InitializeSourceRootMappedPathsFromSourceControl" en el archivo "C:\Program Files\dotnet\sdk\10.0.302\Roslyn\Microsoft.Managed.Core.targets" del proyecto "D:\TEXNICA\ERP-API\ERP.Api\ERP.Api.csproj" (el destino "InitializeSourceRootMappedPaths" depende de él):
   2:6>Compilación terminada del destino "_InitializeSourceRootMappedPathsFromSourceControl" en el proyecto "ERP.Api.csproj".
   2:6>Destino "InitializeSourceRootMappedPaths" en el archivo "C:\Program Files\dotnet\sdk\10.0.302\Roslyn\Microsoft.Managed.Core.targets" del proyecto "D:\TEXNICA\ERP-API\ERP.Api\ERP.Api.csproj" (el destino "_InitializeSourceRootMappedPathsOpt" depende de él):
       Usando la tarea "Microsoft.CodeAnalysis.BuildTasks.MapSourceRoots" del ensamblado "C:\Program Files\dotnet\sdk\10.0.302\Sdks\Microsoft.NET.Sdk\targets\..\..\..\Roslyn\Microsoft.Build.Tasks.CodeAnalysis.dll".
       Tarea "Microsoft.CodeAnalysis.BuildTasks.MapSourceRoots"
       Ejecución de la tarea "Microsoft.CodeAnalysis.BuildTasks.MapSourceRoots" terminada.
   2:6>Compilación terminada del destino "InitializeSourceRootMappedPaths" en el proyecto "ERP.Api.csproj".
   2:6>Destino "_InitializeSourceRootMappedPathsOpt" en el archivo "C:\Program Files\dotnet\sdk\10.0.302\Sdks\Microsoft.SourceLink.Common\build\Microsoft.SourceLink.Common.targets" del proyecto "D:\TEXNICA\ERP-API\ERP.Api\ERP.Api.csproj" (el destino "_GenerateSourceLinkFile" depende de él):
   2:6>Compilación terminada del destino "_InitializeSourceRootMappedPathsOpt" en el proyecto "ERP.Api.csproj".
   2:6>Destino "_InitializeGitHubSourceLinkUrl" en el archivo "C:\Program Files\dotnet\sdk\10.0.302\Sdks\Microsoft.SourceLink.GitHub\build\Microsoft.SourceLink.GitHub.targets" del proyecto "D:\TEXNICA\ERP-API\ERP.Api\ERP.Api.csproj" (el destino "_GenerateSourceLinkFile" depende de él):
       Compilando completamente el destino "_InitializeGitHubSourceLinkUrl".
       No se especificaron archivos de entrada.
       Usando la tarea "Microsoft.SourceLink.GitHub.GetSourceLinkUrl" del ensamblado "C:\Program Files\dotnet\sdk\10.0.302\Sdks\Microsoft.SourceLink.GitHub\build\..\tools\net\Microsoft.SourceLink.GitHub.dll".
       Tarea "Microsoft.SourceLink.GitHub.GetSourceLinkUrl"
       Ejecución de la tarea "Microsoft.SourceLink.GitHub.GetSourceLinkUrl" terminada.
   2:6>Compilación terminada del destino "_InitializeGitHubSourceLinkUrl" en el proyecto "ERP.Api.csproj".
   2:6>Destino "_InitializeGitHubSourceLinkUrl" en el archivo "C:\Program Files\dotnet\sdk\10.0.302\Sdks\Microsoft.SourceLink.GitHub\build\Microsoft.SourceLink.GitHub.targets" del proyecto "D:\TEXNICA\ERP-API\ERP.Api\ERP.Api.csproj" (el destino "_GenerateSourceLinkFile" depende de él):
       Compilando completamente el destino "_InitializeGitHubSourceLinkUrl".
       No se especificaron archivos de entrada.
       Tarea "Microsoft.SourceLink.GitHub.GetSourceLinkUrl"
       Ejecución de la tarea "Microsoft.SourceLink.GitHub.GetSourceLinkUrl" terminada.
   2:6>Compilación terminada del destino "_InitializeGitHubSourceLinkUrl" en el proyecto "ERP.Api.csproj".
   2:6>Destino "_InitializeGitHubSourceLinkUrl" en el archivo "C:\Program Files\dotnet\sdk\10.0.302\Sdks\Microsoft.SourceLink.GitHub\build\Microsoft.SourceLink.GitHub.targets" del proyecto "D:\TEXNICA\ERP-API\ERP.Api\ERP.Api.csproj" (el destino "_GenerateSourceLinkFile" depende de él):
       Compilando completamente el destino "_InitializeGitHubSourceLinkUrl".
       No se especificaron archivos de entrada.
       Tarea "Microsoft.SourceLink.GitHub.GetSourceLinkUrl"
       Ejecución de la tarea "Microsoft.SourceLink.GitHub.GetSourceLinkUrl" terminada.
   2:6>Compilación terminada del destino "_InitializeGitHubSourceLinkUrl" en el proyecto "ERP.Api.csproj".
   2:6>Destino "_InitializeGitHubSourceLinkUrl" en el archivo "C:\Program Files\dotnet\sdk\10.0.302\Sdks\Microsoft.SourceLink.GitHub\build\Microsoft.SourceLink.GitHub.targets" del proyecto "D:\TEXNICA\ERP-API\ERP.Api\ERP.Api.csproj" (el destino "_GenerateSourceLinkFile" depende de él):
       Compilando completamente el destino "_InitializeGitHubSourceLinkUrl".
       No se especificaron archivos de entrada.
       Tarea "Microsoft.SourceLink.GitHub.GetSourceLinkUrl"
       Ejecución de la tarea "Microsoft.SourceLink.GitHub.GetSourceLinkUrl" terminada.
   2:6>Compilación terminada del destino "_InitializeGitHubSourceLinkUrl" en el proyecto "ERP.Api.csproj".
   2:6>Destino "_InitializeGitLabSourceLinkUrl" en el archivo "C:\Program Files\dotnet\sdk\10.0.302\Sdks\Microsoft.SourceLink.GitLab\build\Microsoft.SourceLink.GitLab.targets" del proyecto "D:\TEXNICA\ERP-API\ERP.Api\ERP.Api.csproj" (el destino "_GenerateSourceLinkFile" depende de él):
       Compilando completamente el destino "_InitializeGitLabSourceLinkUrl".
       No se especificaron archivos de entrada.
       Usando la tarea "Microsoft.SourceLink.GitLab.GetSourceLinkUrl" del ensamblado "C:\Program Files\dotnet\sdk\10.0.302\Sdks\Microsoft.SourceLink.GitLab\build\..\tools\net\Microsoft.SourceLink.GitLab.dll".
       Tarea "Microsoft.SourceLink.GitLab.GetSourceLinkUrl"
       C:\Program Files\dotnet\sdk\10.0.302\Sdks\Microsoft.SourceLink.GitLab\build\Microsoft.SourceLink.GitLab.targets(37,7): message : Reasignación de propiedad: $(_SourceLinkUrlToUpdate)="N/A" (valor anterior: "https://raw.githubusercontent.com/dark-code666/texnica-api/f2f0be3e095c2ff43919316dc22b0c7952de958b/*") en C:\Program Files\dotnet\sdk\10.0.302\Sdks\Microsoft.SourceLink.GitLab\build\Microsoft.SourceLink.GitLab.targets (37,7) [D:\TEXNICA\ERP-API\ERP.Api\ERP.Api.csproj]
       Ejecución de la tarea "Microsoft.SourceLink.GitLab.GetSourceLinkUrl" terminada.
   2:6>Compilación terminada del destino "_InitializeGitLabSourceLinkUrl" en el proyecto "ERP.Api.csproj".
   2:6>Destino "_InitializeGitLabSourceLinkUrl" en el archivo "C:\Program Files\dotnet\sdk\10.0.302\Sdks\Microsoft.SourceLink.GitLab\build\Microsoft.SourceLink.GitLab.targets" del proyecto "D:\TEXNICA\ERP-API\ERP.Api\ERP.Api.csproj" (el destino "_GenerateSourceLinkFile" depende de él):
       Compilando completamente el destino "_InitializeGitLabSourceLinkUrl".
       No se especificaron archivos de entrada.
       Tarea "Microsoft.SourceLink.GitLab.GetSourceLinkUrl"
       C:\Program Files\dotnet\sdk\10.0.302\Sdks\Microsoft.SourceLink.GitLab\build\Microsoft.SourceLink.GitLab.targets(37,7): message : Reasignación de propiedad: $(_SourceLinkUrlToUpdate)="N/A" (valor anterior: "https://raw.githubusercontent.com/dark-code666/texnica-api/f2f0be3e095c2ff43919316dc22b0c7952de958b/*") en C:\Program Files\dotnet\sdk\10.0.302\Sdks\Microsoft.SourceLink.GitLab\build\Microsoft.SourceLink.GitLab.targets (37,7) [D:\TEXNICA\ERP-API\ERP.Api\ERP.Api.csproj]
       Ejecución de la tarea "Microsoft.SourceLink.GitLab.GetSourceLinkUrl" terminada.
   2:6>Compilación terminada del destino "_InitializeGitLabSourceLinkUrl" en el proyecto "ERP.Api.csproj".
   2:6>Destino "_InitializeGitLabSourceLinkUrl" en el archivo "C:\Program Files\dotnet\sdk\10.0.302\Sdks\Microsoft.SourceLink.GitLab\build\Microsoft.SourceLink.GitLab.targets" del proyecto "D:\TEXNICA\ERP-API\ERP.Api\ERP.Api.csproj" (el destino "_GenerateSourceLinkFile" depende de él):
       Compilando completamente el destino "_InitializeGitLabSourceLinkUrl".
       No se especificaron archivos de entrada.
       Tarea "Microsoft.SourceLink.GitLab.GetSourceLinkUrl"
       C:\Program Files\dotnet\sdk\10.0.302\Sdks\Microsoft.SourceLink.GitLab\build\Microsoft.SourceLink.GitLab.targets(37,7): message : Reasignación de propiedad: $(_SourceLinkUrlToUpdate)="N/A" (valor anterior: "https://raw.githubusercontent.com/dark-code666/texnica-api/f2f0be3e095c2ff43919316dc22b0c7952de958b/*") en C:\Program Files\dotnet\sdk\10.0.302\Sdks\Microsoft.SourceLink.GitLab\build\Microsoft.SourceLink.GitLab.targets (37,7) [D:\TEXNICA\ERP-API\ERP.Api\ERP.Api.csproj]
       Ejecución de la tarea "Microsoft.SourceLink.GitLab.GetSourceLinkUrl" terminada.
   2:6>Compilación terminada del destino "_InitializeGitLabSourceLinkUrl" en el proyecto "ERP.Api.csproj".
   2:6>Destino "_InitializeGitLabSourceLinkUrl" en el archivo "C:\Program Files\dotnet\sdk\10.0.302\Sdks\Microsoft.SourceLink.GitLab\build\Microsoft.SourceLink.GitLab.targets" del proyecto "D:\TEXNICA\ERP-API\ERP.Api\ERP.Api.csproj" (el destino "_GenerateSourceLinkFile" depende de él):
       Compilando completamente el destino "_InitializeGitLabSourceLinkUrl".
       No se especificaron archivos de entrada.
       Tarea "Microsoft.SourceLink.GitLab.GetSourceLinkUrl"
       C:\Program Files\dotnet\sdk\10.0.302\Sdks\Microsoft.SourceLink.GitLab\build\Microsoft.SourceLink.GitLab.targets(37,7): message : Reasignación de propiedad: $(_SourceLinkUrlToUpdate)="N/A" (valor anterior: "https://raw.githubusercontent.com/dark-code666/texnica-api/f2f0be3e095c2ff43919316dc22b0c7952de958b/*") en C:\Program Files\dotnet\sdk\10.0.302\Sdks\Microsoft.SourceLink.GitLab\build\Microsoft.SourceLink.GitLab.targets (37,7) [D:\TEXNICA\ERP-API\ERP.Api\ERP.Api.csproj]
       Ejecución de la tarea "Microsoft.SourceLink.GitLab.GetSourceLinkUrl" terminada.
   2:6>Compilación terminada del destino "_InitializeGitLabSourceLinkUrl" en el proyecto "ERP.Api.csproj".
   2:6>Destino "_InitializeAzureReposGitSourceLinkUrl" en el archivo "C:\Program Files\dotnet\sdk\10.0.302\Sdks\Microsoft.SourceLink.AzureRepos.Git\build\Microsoft.SourceLink.AzureRepos.Git.targets" del proyecto "D:\TEXNICA\ERP-API\ERP.Api\ERP.Api.csproj" (el destino "_GenerateSourceLinkFile" depende de él):
       Compilando completamente el destino "_InitializeAzureReposGitSourceLinkUrl".
       No se especificaron archivos de entrada.
       Usando la tarea "Microsoft.SourceLink.AzureRepos.Git.GetSourceLinkUrl" del ensamblado "C:\Program Files\dotnet\sdk\10.0.302\Sdks\Microsoft.SourceLink.AzureRepos.Git\build\..\tools\net\Microsoft.SourceLink.AzureRepos.Git.dll".
       Tarea "Microsoft.SourceLink.AzureRepos.Git.GetSourceLinkUrl"
       Ejecución de la tarea "Microsoft.SourceLink.AzureRepos.Git.GetSourceLinkUrl" terminada.
   2:6>Compilación terminada del destino "_InitializeAzureReposGitSourceLinkUrl" en el proyecto "ERP.Api.csproj".
   2:6>Destino "_InitializeAzureReposGitSourceLinkUrl" en el archivo "C:\Program Files\dotnet\sdk\10.0.302\Sdks\Microsoft.SourceLink.AzureRepos.Git\build\Microsoft.SourceLink.AzureRepos.Git.targets" del proyecto "D:\TEXNICA\ERP-API\ERP.Api\ERP.Api.csproj" (el destino "_GenerateSourceLinkFile" depende de él):
       Compilando completamente el destino "_InitializeAzureReposGitSourceLinkUrl".
       No se especificaron archivos de entrada.
       Tarea "Microsoft.SourceLink.AzureRepos.Git.GetSourceLinkUrl"
       Ejecución de la tarea "Microsoft.SourceLink.AzureRepos.Git.GetSourceLinkUrl" terminada.
   2:6>Compilación terminada del destino "_InitializeAzureReposGitSourceLinkUrl" en el proyecto "ERP.Api.csproj".
   2:6>Destino "_InitializeAzureReposGitSourceLinkUrl" en el archivo "C:\Program Files\dotnet\sdk\10.0.302\Sdks\Microsoft.SourceLink.AzureRepos.Git\build\Microsoft.SourceLink.AzureRepos.Git.targets" del proyecto "D:\TEXNICA\ERP-API\ERP.Api\ERP.Api.csproj" (el destino "_GenerateSourceLinkFile" depende de él):
       Compilando completamente el destino "_InitializeAzureReposGitSourceLinkUrl".
       No se especificaron archivos de entrada.
       Tarea "Microsoft.SourceLink.AzureRepos.Git.GetSourceLinkUrl"
       Ejecución de la tarea "Microsoft.SourceLink.AzureRepos.Git.GetSourceLinkUrl" terminada.
   2:6>Compilación terminada del destino "_InitializeAzureReposGitSourceLinkUrl" en el proyecto "ERP.Api.csproj".
   2:6>Destino "_InitializeAzureReposGitSourceLinkUrl" en el archivo "C:\Program Files\dotnet\sdk\10.0.302\Sdks\Microsoft.SourceLink.AzureRepos.Git\build\Microsoft.SourceLink.AzureRepos.Git.targets" del proyecto "D:\TEXNICA\ERP-API\ERP.Api\ERP.Api.csproj" (el destino "_GenerateSourceLinkFile" depende de él):
       Compilando completamente el destino "_InitializeAzureReposGitSourceLinkUrl".
       No se especificaron archivos de entrada.
       Tarea "Microsoft.SourceLink.AzureRepos.Git.GetSourceLinkUrl"
       Ejecución de la tarea "Microsoft.SourceLink.AzureRepos.Git.GetSourceLinkUrl" terminada.
   2:6>Compilación terminada del destino "_InitializeAzureReposGitSourceLinkUrl" en el proyecto "ERP.Api.csproj".
   2:6>Destino "_InitializeBitbucketGitSourceLinkUrl" en el archivo "C:\Program Files\dotnet\sdk\10.0.302\Sdks\Microsoft.SourceLink.Bitbucket.Git\build\Microsoft.SourceLink.Bitbucket.Git.targets" del proyecto "D:\TEXNICA\ERP-API\ERP.Api\ERP.Api.csproj" (el destino "_GenerateSourceLinkFile" depende de él):
       Compilando completamente el destino "_InitializeBitbucketGitSourceLinkUrl".
       No se especificaron archivos de entrada.
       Usando la tarea "Microsoft.SourceLink.Bitbucket.Git.GetSourceLinkUrl" del ensamblado "C:\Program Files\dotnet\sdk\10.0.302\Sdks\Microsoft.SourceLink.Bitbucket.Git\build\..\tools\net\Microsoft.SourceLink.Bitbucket.Git.dll".
       Tarea "Microsoft.SourceLink.Bitbucket.Git.GetSourceLinkUrl"
       Ejecución de la tarea "Microsoft.SourceLink.Bitbucket.Git.GetSourceLinkUrl" terminada.
   2:6>Compilación terminada del destino "_InitializeBitbucketGitSourceLinkUrl" en el proyecto "ERP.Api.csproj".
   2:6>Destino "_InitializeBitbucketGitSourceLinkUrl" en el archivo "C:\Program Files\dotnet\sdk\10.0.302\Sdks\Microsoft.SourceLink.Bitbucket.Git\build\Microsoft.SourceLink.Bitbucket.Git.targets" del proyecto "D:\TEXNICA\ERP-API\ERP.Api\ERP.Api.csproj" (el destino "_GenerateSourceLinkFile" depende de él):
       Compilando completamente el destino "_InitializeBitbucketGitSourceLinkUrl".
       No se especificaron archivos de entrada.
       Tarea "Microsoft.SourceLink.Bitbucket.Git.GetSourceLinkUrl"
       Ejecución de la tarea "Microsoft.SourceLink.Bitbucket.Git.GetSourceLinkUrl" terminada.
   2:6>Compilación terminada del destino "_InitializeBitbucketGitSourceLinkUrl" en el proyecto "ERP.Api.csproj".
   2:6>Destino "_InitializeBitbucketGitSourceLinkUrl" en el archivo "C:\Program Files\dotnet\sdk\10.0.302\Sdks\Microsoft.SourceLink.Bitbucket.Git\build\Microsoft.SourceLink.Bitbucket.Git.targets" del proyecto "D:\TEXNICA\ERP-API\ERP.Api\ERP.Api.csproj" (el destino "_GenerateSourceLinkFile" depende de él):
       Compilando completamente el destino "_InitializeBitbucketGitSourceLinkUrl".
       No se especificaron archivos de entrada.
       Tarea "Microsoft.SourceLink.Bitbucket.Git.GetSourceLinkUrl"
       Ejecución de la tarea "Microsoft.SourceLink.Bitbucket.Git.GetSourceLinkUrl" terminada.
   2:6>Compilación terminada del destino "_InitializeBitbucketGitSourceLinkUrl" en el proyecto "ERP.Api.csproj".
   2:6>Destino "_InitializeBitbucketGitSourceLinkUrl" en el archivo "C:\Program Files\dotnet\sdk\10.0.302\Sdks\Microsoft.SourceLink.Bitbucket.Git\build\Microsoft.SourceLink.Bitbucket.Git.targets" del proyecto "D:\TEXNICA\ERP-API\ERP.Api\ERP.Api.csproj" (el destino "_GenerateSourceLinkFile" depende de él):
       Compilando completamente el destino "_InitializeBitbucketGitSourceLinkUrl".
       No se especificaron archivos de entrada.
       Tarea "Microsoft.SourceLink.Bitbucket.Git.GetSourceLinkUrl"
       Ejecución de la tarea "Microsoft.SourceLink.Bitbucket.Git.GetSourceLinkUrl" terminada.
   2:6>Compilación terminada del destino "_InitializeBitbucketGitSourceLinkUrl" en el proyecto "ERP.Api.csproj".
   2:6>Destino "_GenerateSourceLinkFile" en el archivo "C:\Program Files\dotnet\sdk\10.0.302\Sdks\Microsoft.SourceLink.Common\build\Microsoft.SourceLink.Common.targets" del proyecto "D:\TEXNICA\ERP-API\ERP.Api\ERP.Api.csproj" (el destino "GenerateSourceLinkFile" depende de él):
       Compilando completamente el destino "_GenerateSourceLinkFile".
       No se especificaron archivos de entrada.
       Usando la tarea "Microsoft.SourceLink.Common.GenerateSourceLinkFile" del ensamblado "C:\Program Files\dotnet\sdk\10.0.302\Sdks\Microsoft.SourceLink.Common\build\..\tools\net\Microsoft.SourceLink.Common.dll".
       Tarea "Microsoft.SourceLink.Common.GenerateSourceLinkFile"
         Ensamblado cargado durante TaskRun (Microsoft.SourceLink.Common.GenerateSourceLinkFile): Microsoft.SourceLink.Common.resources, Version=10.0.14.33009, Culture=es, PublicKeyToken=31bf3856ad364e35(ubicación: C:\Program Files\dotnet\sdk\10.0.302\Sdks\Microsoft.SourceLink.Common\tools\net\es\Microsoft.SourceLink.Common.resources.dll, MVID: a9b131cc-6566-48f1-ac05-b080d19901e3, AssemblyLoadContext: MSBuild plugin C:\Program Files\dotnet\sdk\10.0.302\Sdks\Microsoft.SourceLink.Common\tools\net\Microsoft.SourceLink.Common.dll)
         El archivo de Source Link 'obj\Debug\net9.0\ERP.Api.sourcelink.json' está actualizado.
       Ejecución de la tarea "Microsoft.SourceLink.Common.GenerateSourceLinkFile" terminada.
   2:6>Compilación terminada del destino "_GenerateSourceLinkFile" en el proyecto "ERP.Api.csproj".
   2:6>Destino "GenerateSourceLinkFile" en el archivo "C:\Program Files\dotnet\sdk\10.0.302\Sdks\Microsoft.SourceLink.Common\build\Microsoft.SourceLink.Common.targets" del proyecto "D:\TEXNICA\ERP-API\ERP.Api\ERP.Api.csproj" (el destino "CoreCompile" depende de él):
   2:6>Compilación terminada del destino "GenerateSourceLinkFile" en el proyecto "ERP.Api.csproj".
   2:6>Destino "AddGlobalAnalyzerConfigForPackage_MicrosoftCodeAnalysisNetAnalyzers" en el archivo "C:\Program Files\dotnet\sdk\10.0.302\Sdks\Microsoft.NET.Sdk\analyzers\build\Microsoft.CodeAnalysis.NetAnalyzers.targets" del proyecto "D:\TEXNICA\ERP-API\ERP.Api\ERP.Api.csproj" (el destino "CoreCompile" depende de él):
   2:6>Compilación terminada del destino "AddGlobalAnalyzerConfigForPackage_MicrosoftCodeAnalysisNetAnalyzers" en el proyecto "ERP.Api.csproj".
   2:6>Destino "CoreCompile" en el archivo "C:\Program Files\dotnet\sdk\10.0.302\Roslyn\Microsoft.CSharp.Core.targets" del proyecto "D:\TEXNICA\ERP-API\ERP.Api\ERP.Api.csproj" (el destino "Compile" depende de él):
       Compilando completamente el destino "CoreCompile".
       El archivo de entrada "Data\ErpDbContext.cs" es más reciente que el archivo de salida "obj\Debug\net9.0\ERP.Api.pdb".
       C:\Program Files\dotnet\sdk\10.0.302\Roslyn\Microsoft.CSharp.Core.targets(74,7): message : Reasignación de propiedad: $(NoWarn)="1701;1702;1701;1702" (valor anterior: "1701;1702") en C:\Program Files\dotnet\sdk\10.0.302\Roslyn\Microsoft.CSharp.Core.targets (74,7) [D:\TEXNICA\ERP-API\ERP.Api\ERP.Api.csproj]
       C:\Program Files\dotnet\sdk\10.0.302\Roslyn\Microsoft.CSharp.Core.targets(84,7): message : Reasignación de propiedad: $(NoWarn)="1701;1702;1701;1702;8002" (valor anterior: "1701;1702") en C:\Program Files\dotnet\sdk\10.0.302\Roslyn\Microsoft.CSharp.Core.targets (84,7) [D:\TEXNICA\ERP-API\ERP.Api\ERP.Api.csproj]
       Usando la tarea "Csc" del ensamblado "C:\Program Files\dotnet\sdk\10.0.302\Sdks\Microsoft.NET.Sdk\targets\..\..\..\Roslyn\Microsoft.Build.Tasks.CodeAnalysis.dll".
       Tarea "Csc"
         Setting DOTNET_ROOT to 'C:\Program Files\dotnet'
         Ensamblado cargado durante TaskRun (Microsoft.CodeAnalysis.BuildTasks.Csc): Microsoft.Build.Utilities.Core.resources, Version=15.1.0.0, Culture=es, PublicKeyToken=b03f5f7f11d50a3a(ubicación: C:\Program Files\dotnet\sdk\10.0.302\es\Microsoft.Build.Utilities.Core.resources.dll, MVID: d12503af-93a1-4473-bb88-2f3f42209929, AssemblyLoadContext: Default)
         Variables de entorno pasadas a la herramienta:
           DOTNET_ROOT=C:\Program Files\dotnet
         C:\Program Files\dotnet\sdk\10.0.302\Roslyn\bincore\csc.exe /noconfig /unsafe- /checked- /nowarn:1701,1702,1701,1702,8002 /fullpaths /nostdlib+ /errorreport:prompt /warn:9 /define:TRACE;DEBUG;NET;NET9_0;NETCOREAPP;NET5_0_OR_GREATER;NET6_0_OR_GREATER;NET7_0_OR_GREATER;NET8_0_OR_GREATER;NET9_0_OR_GREATER;NETCOREAPP1_0_OR_GREATER;NETCOREAPP1_1_OR_GREATER;NETCOREAPP2_0_OR_GREATER;NETCOREAPP2_1_OR_GREATER;NETCOREAPP2_2_OR_GREATER;NETCOREAPP3_0_OR_GREATER;NETCOREAPP3_1_OR_GREATER /highentropyva+ /nullable:enable /reference:C:\Users\rm619\.nuget\packages\azure.core\1.38.0\lib\net6.0\Azure.Core.dll /reference:C:\Users\rm619\.nuget\packages\azure.identity\1.11.4\lib\netstandard2.0\Azure.Identity.dll /reference:C:\Users\rm619\.nuget\packages\bcrypt.net-next\4.2.0\lib\netstandard2.1\BCrypt-Net-Next.dll /reference:C:\Users\rm619\.nuget\packages\microsoft.aspnetcore.app.ref\9.0.18\ref\net9.0\Microsoft.AspNetCore.Antiforgery.dll /reference:C:\Users\rm619\.nuget\packages\microsoft.aspnetcore.app.ref\9.0.18\ref\net9.0\Microsoft.AspNetCore.Authentication.Abstractions.dll /reference:C:\Users\rm619\.nuget\packages\microsoft.aspnetcore.app.ref\9.0.18\ref\net9.0\Microsoft.AspNetCore.Authentication.BearerToken.dll /reference:C:\Users\rm619\.nuget\packages\microsoft.aspnetcore.app.ref\9.0.18\ref\net9.0\Microsoft.AspNetCore.Authentication.Cookies.dll /reference:C:\Users\rm619\.nuget\packages\microsoft.aspnetcore.app.ref\9.0.18\ref\net9.0\Microsoft.AspNetCore.Authentication.Core.dll /reference:C:\Users\rm619\.nuget\packages\microsoft.aspnetcore.app.ref\9.0.18\ref\net9.0\Microsoft.AspNetCore.Authentication.dll /reference:C:\Users\rm619\.nuget\packages\microsoft.aspnetcore.authentication.jwtbearer\9.0.19\lib\net9.0\Microsoft.AspNetCore.Authentication.JwtBearer.dll /reference:C:\Users\rm619\.nuget\packages\microsoft.aspnetcore.app.ref\9.0.18\ref\net9.0\Microsoft.AspNetCore.Authentication.OAuth.dll /reference:C:\Users\rm619\.nuget\packages\microsoft.aspnetcore.app.ref\9.0.18\ref\net9.0\Microsoft.AspNetCore.Authorization.dll /reference:C:\Users\rm619\.nuget\packages\microsoft.aspnetcore.app.ref\9.0.18\ref\net9.0\Microsoft.AspNetCore.Authorization.Policy.dll /reference:C:\Users\rm619\.nuget\packages\microsoft.aspnetcore.app.ref\9.0.18\ref\net9.0\Microsoft.AspNetCore.Components.Authorization.dll /reference:C:\Users\rm619\.nuget\packages\microsoft.aspnetcore.app.ref\9.0.18\ref\net9.0\Microsoft.AspNetCore.Components.dll /reference:C:\Users\rm619\.nuget\packages\microsoft.aspnetcore.app.ref\9.0.18\ref\net9.0\Microsoft.AspNetCore.Components.Endpoints.dll /reference:C:\Users\rm619\.nuget\packages\microsoft.aspnetcore.app.ref\9.0.18\ref\net9.0\Microsoft.AspNetCore.Components.Forms.dll /reference:C:\Users\rm619\.nuget\packages\microsoft.aspnetcore.app.ref\9.0.18\ref\net9.0\Microsoft.AspNetCore.Components.Server.dll /reference:C:\Users\rm619\.nuget\packages\microsoft.aspnetcore.app.ref\9.0.18\ref\net9.0\Microsoft.AspNetCore.Components.Web.dll /reference:C:\Users\rm619\.nuget\packages\microsoft.aspnetcore.app.ref\9.0.18\ref\net9.0\Microsoft.AspNetCore.Connections.Abstractions.dll /reference:C:\Users\rm619\.nuget\packages\microsoft.aspnetcore.app.ref\9.0.18\ref\net9.0\Microsoft.AspNetCore.CookiePolicy.dll /reference:C:\Users\rm619\.nuget\packages\microsoft.aspnetcore.app.ref\9.0.18\ref\net9.0\Microsoft.AspNetCore.Cors.dll /reference:C:\Users\rm619\.nuget\packages\microsoft.aspnetcore.app.ref\9.0.18\ref\net9.0\Microsoft.AspNetCore.Cryptography.Internal.dll /reference:C:\Users\rm619\.nuget\packages\microsoft.aspnetcore.app.ref\9.0.18\ref\net9.0\Microsoft.AspNetCore.Cryptography.KeyDerivation.dll /reference:C:\Users\rm619\.nuget\packages\microsoft.aspnetcore.app.ref\9.0.18\ref\net9.0\Microsoft.AspNetCore.DataProtection.Abstractions.dll /reference:C:\Users\rm619\.nuget\packages\microsoft.aspnetcore.app.ref\9.0.18\ref\net9.0\Microsoft.AspNetCore.DataProtection.dll /reference:C:\Users\rm619\.nuget\packages\microsoft.aspnetcore.app.ref\9.0.18\ref\net9.0\Microsoft.AspNetCore.DataProtection.Extensions.dll /reference:C:\Users\rm619\.nuget\packages\microsoft.aspnetcore.app.ref\9.0.18\ref\net9.0\Microsoft.AspNetCore.Diagnostics.Abstractions.dll /reference:C:\Users\rm619\.nuget\packages\microsoft.aspnetcore.app.ref\9.0.18\ref\net9.0\Microsoft.AspNetCore.Diagnostics.dll /reference:C:\Users\rm619\.nuget\packages\microsoft.aspnetcore.app.ref\9.0.18\ref\net9.0\Microsoft.AspNetCore.Diagnostics.HealthChecks.dll /reference:C:\Users\rm619\.nuget\packages\microsoft.aspnetcore.app.ref\9.0.18\ref\net9.0\Microsoft.AspNetCore.dll /reference:C:\Users\rm619\.nuget\packages\microsoft.aspnetcore.app.ref\9.0.18\ref\net9.0\Microsoft.AspNetCore.HostFiltering.dll /reference:C:\Users\rm619\.nuget\packages\microsoft.aspnetcore.app.ref\9.0.18\ref\net9.0\Microsoft.AspNetCore.Hosting.Abstractions.dll /reference:C:\Users\rm619\.nuget\packages\microsoft.aspnetcore.app.ref\9.0.18\ref\net9.0\Microsoft.AspNetCore.Hosting.dll /reference:C:\Users\rm619\.nuget\packages\microsoft.aspnetcore.app.ref\9.0.18\ref\net9.0\Microsoft.AspNetCore.Hosting.Server.Abstractions.dll /reference:C:\Users\rm619\.nuget\packages\microsoft.aspnetcore.app.ref\9.0.18\ref\net9.0\Microsoft.AspNetCore.Html.Abstractions.dll /reference:C:\Users\rm619\.nuget\packages\microsoft.aspnetcore.app.ref\9.0.18\ref\net9.0\Microsoft.AspNetCore.Http.Abstractions.dll /reference:C:\Users\rm619\.nuget\packages\microsoft.aspnetcore.app.ref\9.0.18\ref\net9.0\Microsoft.AspNetCore.Http.Connections.Common.dll /reference:C:\Users\rm619\.nuget\packages\microsoft.aspnetcore.app.ref\9.0.18\ref\net9.0\Microsoft.AspNetCore.Http.Connections.dll /reference:C:\Users\rm619\.nuget\packages\microsoft.aspnetcore.app.ref\9.0.18\ref\net9.0\Microsoft.AspNetCore.Http.dll /reference:C:\Users\rm619\.nuget\packages\microsoft.aspnetcore.app.ref\9.0.18\ref\net9.0\Microsoft.AspNetCore.Http.Extensions.dll /reference:C:\Users\rm619\.nuget\packages\microsoft.aspnetcore.app.ref\9.0.18\ref\net9.0\Microsoft.AspNetCore.Http.Features.dll /reference:C:\Users\rm619\.nuget\packages\microsoft.aspnetcore.app.ref\9.0.18\ref\net9.0\Microsoft.AspNetCore.Http.Results.dll /reference:C:\Users\rm619\.nuget\packages\microsoft.aspnetcore.app.ref\9.0.18\ref\net9.0\Microsoft.AspNetCore.HttpLogging.dll /reference:C:\Users\rm619\.nuget\packages\microsoft.aspnetcore.app.ref\9.0.18\ref\net9.0\Microsoft.AspNetCore.HttpOverrides.dll /reference:C:\Users\rm619\.nuget\packages\microsoft.aspnetcore.app.ref\9.0.18\ref\net9.0\Microsoft.AspNetCore.HttpsPolicy.dll /reference:C:\Users\rm619\.nuget\packages\microsoft.aspnetcore.app.ref\9.0.18\ref\net9.0\Microsoft.AspNetCore.Identity.dll /reference:C:\Users\rm619\.nuget\packages\microsoft.aspnetcore.app.ref\9.0.18\ref\net9.0\Microsoft.AspNetCore.Localization.dll /reference:C:\Users\rm619\.nuget\packages\microsoft.aspnetcore.app.ref\9.0.18\ref\net9.0\Microsoft.AspNetCore.Localization.Routing.dll /reference:C:\Users\rm619\.nuget\packages\microsoft.aspnetcore.app.ref\9.0.18\ref\net9.0\Microsoft.AspNetCore.Metadata.dll /reference:C:\Users\rm619\.nuget\packages\microsoft.aspnetcore.app.ref\9.0.18\ref\net9.0\Microsoft.AspNetCore.Mvc.Abstractions.dll /reference:C:\Users\rm619\.nuget\packages\microsoft.aspnetcore.app.ref\9.0.18\ref\net9.0\Microsoft.AspNetCore.Mvc.ApiExplorer.dll /reference:C:\Users\rm619\.nuget\packages\microsoft.aspnetcore.app.ref\9.0.18\ref\net9.0\Microsoft.AspNetCore.Mvc.Core.dll /reference:C:\Users\rm619\.nuget\packages\microsoft.aspnetcore.app.ref\9.0.18\ref\net9.0\Microsoft.AspNetCore.Mvc.Cors.dll /reference:C:\Users\rm619\.nuget\packages\microsoft.aspnetcore.app.ref\9.0.18\ref\net9.0\Microsoft.AspNetCore.Mvc.DataAnnotations.dll /reference:C:\Users\rm619\.nuget\packages\microsoft.aspnetcore.app.ref\9.0.18\ref\net9.0\Microsoft.AspNetCore.Mvc.dll /reference:C:\Users\rm619\.nuget\packages\microsoft.aspnetcore.app.ref\9.0.18\ref\net9.0\Microsoft.AspNetCore.Mvc.Formatters.Json.dll /reference:C:\Users\rm619\.nuget\packages\microsoft.aspnetcore.app.ref\9.0.18\ref\net9.0\Microsoft.AspNetCore.Mvc.Formatters.Xml.dll /reference:C:\Users\rm619\.nuget\packages\microsoft.aspnetcore.app.ref\9.0.18\ref\net9.0\Microsoft.AspNetCore.Mvc.Localization.dll /reference:C:\Users\rm619\.nuget\packages\microsoft.aspnetcore.app.ref\9.0.18\ref\net9.0\Microsoft.AspNetCore.Mvc.Razor.dll /reference:C:\Users\rm619\.nuget\packages\microsoft.aspnetcore.app.ref\9.0.18\ref\net9.0\Microsoft.AspNetCore.Mvc.RazorPages.dll /reference:C:\Users\rm619\.nuget\packages\microsoft.aspnetcore.app.ref\9.0.18\ref\net9.0\Microsoft.AspNetCore.Mvc.TagHelpers.dll /reference:C:\Users\rm619\.nuget\packages\microsoft.aspnetcore.app.ref\9.0.18\ref\net9.0\Microsoft.AspNetCore.Mvc.ViewFeatures.dll /reference:C:\Users\rm619\.nuget\packages\microsoft.aspnetcore.app.ref\9.0.18\ref\net9.0\Microsoft.AspNetCore.OutputCaching.dll /reference:C:\Users\rm619\.nuget\packages\microsoft.aspnetcore.app.ref\9.0.18\ref\net9.0\Microsoft.AspNetCore.RateLimiting.dll /reference:C:\Users\rm619\.nuget\packages\microsoft.aspnetcore.app.ref\9.0.18\ref\net9.0\Microsoft.AspNetCore.Razor.dll /reference:C:\Users\rm619\.nuget\packages\microsoft.aspnetcore.app.ref\9.0.18\ref\net9.0\Microsoft.AspNetCore.Razor.Runtime.dll /reference:C:\Users\rm619\.nuget\packages\microsoft.aspnetcore.app.ref\9.0.18\ref\net9.0\Microsoft.AspNetCore.RequestDecompression.dll /reference:C:\Users\rm619\.nuget\packages\microsoft.aspnetcore.app.ref\9.0.18\ref\net9.0\Microsoft.AspNetCore.ResponseCaching.Abstractions.dll /reference:C:\Users\rm619\.nuget\packages\microsoft.aspnetcore.app.ref\9.0.18\ref\net9.0\Microsoft.AspNetCore.ResponseCaching.dll /reference:C:\Users\rm619\.nuget\packages\microsoft.aspnetcore.app.ref\9.0.18\ref\net9.0\Microsoft.AspNetCore.ResponseCompression.dll /reference:C:\Users\rm619\.nuget\packages\microsoft.aspnetcore.app.ref\9.0.18\ref\net9.0\Microsoft.AspNetCore.Rewrite.dll /reference:C:\Users\rm619\.nuget\packages\microsoft.aspnetcore.app.ref\9.0.18\ref\net9.0\Microsoft.AspNetCore.Routing.Abstractions.dll /reference:C:\Users\rm619\.nuget\packages\microsoft.aspnetcore.app.ref\9.0.18\ref\net9.0\Microsoft.AspNetCore.Routing.dll /reference:C:\Users\rm619\.nuget\packages\microsoft.aspnetcore.app.ref\9.0.18\ref\net9.0\Microsoft.AspNetCore.Server.HttpSys.dll /reference:C:\Users\rm619\.nuget\packages\microsoft.aspnetcore.app.ref\9.0.18\ref\net9.0\Microsoft.AspNetCore.Server.IIS.dll /reference:C:\Users\rm619\.nuget\packages\microsoft.aspnetcore.app.ref\9.0.18\ref\net9.0\Microsoft.AspNetCore.Server.IISIntegration.dll /reference:C:\Users\rm619\.nuget\packages\microsoft.aspnetcore.app.ref\9.0.18\ref\net9.0\Microsoft.AspNetCore.Server.Kestrel.Core.dll /reference:C:\Users\rm619\.nuget\packages\microsoft.aspnetcore.app.ref\9.0.18\ref\net9.0\Microsoft.AspNetCore.Server.Kestrel.dll /reference:C:\Users\rm619\.nuget\packages\microsoft.aspnetcore.app.ref\9.0.18\ref\net9.0\Microsoft.AspNetCore.Server.Kestrel.Transport.NamedPipes.dll /reference:C:\Users\rm619\.nuget\packages\microsoft.aspnetcore.app.ref\9.0.18\ref\net9.0\Microsoft.AspNetCore.Server.Kestrel.Transport.Quic.dll /reference:C:\Users\rm619\.nuget\packages\microsoft.aspnetcore.app.ref\9.0.18\ref\net9.0\Microsoft.AspNetCore.Server.Kestrel.Transport.Sockets.dll /reference:C:\Users\rm619\.nuget\packages\microsoft.aspnetcore.app.ref\9.0.18\ref\net9.0\Microsoft.AspNetCore.Session.dll /reference:C:\Users\rm619\.nuget\packages\microsoft.aspnetcore.app.ref\9.0.18\ref\net9.0\Microsoft.AspNetCore.SignalR.Common.dll /reference:C:\Users\rm619\.nuget\packages\microsoft.aspnetcore.app.ref\9.0.18\ref\net9.0\Microsoft.AspNetCore.SignalR.Core.dll /reference:C:\Users\rm619\.nuget\packages\microsoft.aspnetcore.app.ref\9.0.18\ref\net9.0\Microsoft.AspNetCore.SignalR.dll /reference:C:\Users\rm619\.nuget\packages\microsoft.aspnetcore.app.ref\9.0.18\ref\net9.0\Microsoft.AspNetCore.SignalR.Protocols.Json.dll /reference:C:\Users\rm619\.nuget\packages\microsoft.aspnetcore.app.ref\9.0.18\ref\net9.0\Microsoft.AspNetCore.StaticAssets.dll /reference:C:\Users\rm619\.nuget\packages\microsoft.aspnetcore.app.ref\9.0.18\ref\net9.0\Microsoft.AspNetCore.StaticFiles.dll /reference:C:\Users\rm619\.nuget\packages\microsoft.aspnetcore.app.ref\9.0.18\ref\net9.0\Microsoft.AspNetCore.WebSockets.dll /reference:C:\Users\rm619\.nuget\packages\microsoft.aspnetcore.app.ref\9.0.18\ref\net9.0\Microsoft.AspNetCore.WebUtilities.dll /reference:C:\Users\rm619\.nuget\packages\microsoft.bcl.asyncinterfaces\7.0.0\lib\netstandard2.1\Microsoft.Bcl.AsyncInterfaces.dll /reference:C:\Users\rm619\.nuget\packages\microsoft.bcl.cryptography\10.0.2\lib\net9.0\Microsoft.Bcl.Cryptography.dll /reference:C:\Users\rm619\.nuget\packages\microsoft.netcore.app.ref\9.0.18\ref\net9.0\Microsoft.CSharp.dll /reference:C:\Users\rm619\.nuget\packages\microsoft.data.sqlclient\5.1.6\ref\net6.0\Microsoft.Data.SqlClient.dll /reference:C:\Users\rm619\.nuget\packages\microsoft.entityframeworkcore.abstractions\9.0.10\lib\net8.0\Microsoft.EntityFrameworkCore.Abstractions.dll /reference:C:\Users\rm619\.nuget\packages\microsoft.entityframeworkcore\9.0.10\lib\net8.0\Microsoft.EntityFrameworkCore.dll /reference:C:\Users\rm619\.nuget\packages\microsoft.entityframeworkcore.relational\9.0.10\lib\net8.0\Microsoft.EntityFrameworkCore.Relational.dll /reference:C:\Users\rm619\.nuget\packages\microsoft.entityframeworkcore.sqlserver\9.0.10\lib\net8.0\Microsoft.EntityFrameworkCore.SqlServer.dll /reference:C:\Users\rm619\.nuget\packages\microsoft.aspnetcore.app.ref\9.0.18\ref\net9.0\Microsoft.Extensions.Caching.Abstractions.dll /reference:C:\Users\rm619\.nuget\packages\microsoft.aspnetcore.app.ref\9.0.18\ref\net9.0\Microsoft.Extensions.Caching.Memory.dll /reference:C:\Users\rm619\.nuget\packages\microsoft.aspnetcore.app.ref\9.0.18\ref\net9.0\Microsoft.Extensions.Configuration.Abstractions.dll /reference:C:\Users\rm619\.nuget\packages\microsoft.aspnetcore.app.ref\9.0.18\ref\net9.0\Microsoft.Extensions.Configuration.Binder.dll /reference:C:\Users\rm619\.nuget\packages\microsoft.aspnetcore.app.ref\9.0.18\ref\net9.0\Microsoft.Extensions.Configuration.CommandLine.dll /reference:C:\Users\rm619\.nuget\packages\microsoft.aspnetcore.app.ref\9.0.18\ref\net9.0\Microsoft.Extensions.Configuration.dll /reference:C:\Users\rm619\.nuget\packages\microsoft.aspnetcore.app.ref\9.0.18\ref\net9.0\Microsoft.Extensions.Configuration.EnvironmentVariables.dll /reference:C:\Users\rm619\.nuget\packages\microsoft.aspnetcore.app.ref\9.0.18\ref\net9.0\Microsoft.Extensions.Configuration.FileExtensions.dll /reference:C:\Users\rm619\.nuget\packages\microsoft.aspnetcore.app.ref\9.0.18\ref\net9.0\Microsoft.Extensions.Configuration.Ini.dll /reference:C:\Users\rm619\.nuget\packages\microsoft.aspnetcore.app.ref\9.0.18\ref\net9.0\Microsoft.Extensions.Configuration.Json.dll /reference:C:\Users\rm619\.nuget\packages\microsoft.aspnetcore.app.ref\9.0.18\ref\net9.0\Microsoft.Extensions.Configuration.KeyPerFile.dll /reference:C:\Users\rm619\.nuget\packages\microsoft.aspnetcore.app.ref\9.0.18\ref\net9.0\Microsoft.Extensions.Configuration.UserSecrets.dll /reference:C:\Users\rm619\.nuget\packages\microsoft.aspnetcore.app.ref\9.0.18\ref\net9.0\Microsoft.Extensions.Configuration.Xml.dll /reference:C:\Users\rm619\.nuget\packages\microsoft.aspnetcore.app.ref\9.0.18\ref\net9.0\Microsoft.Extensions.DependencyInjection.Abstractions.dll /reference:C:\Users\rm619\.nuget\packages\microsoft.aspnetcore.app.ref\9.0.18\ref\net9.0\Microsoft.Extensions.DependencyInjection.dll /reference:C:\Users\rm619\.nuget\packages\microsoft.aspnetcore.app.ref\9.0.18\ref\net9.0\Microsoft.Extensions.Diagnostics.Abstractions.dll /reference:C:\Users\rm619\.nuget\packages\microsoft.aspnetcore.app.ref\9.0.18\ref\net9.0\Microsoft.Extensions.Diagnostics.dll /reference:C:\Users\rm619\.nuget\packages\microsoft.aspnetcore.app.ref\9.0.18\ref\net9.0\Microsoft.Extensions.Diagnostics.HealthChecks.Abstractions.dll /reference:C:\Users\rm619\.nuget\packages\microsoft.aspnetcore.app.ref\9.0.18\ref\net9.0\Microsoft.Extensions.Diagnostics.HealthChecks.dll /reference:C:\Users\rm619\.nuget\packages\microsoft.aspnetcore.app.ref\9.0.18\ref\net9.0\Microsoft.Extensions.Features.dll /reference:C:\Users\rm619\.nuget\packages\microsoft.aspnetcore.app.ref\9.0.18\ref\net9.0\Microsoft.Extensions.FileProviders.Abstractions.dll /reference:C:\Users\rm619\.nuget\packages\microsoft.aspnetcore.app.ref\9.0.18\ref\net9.0\Microsoft.Extensions.FileProviders.Composite.dll /reference:C:\Users\rm619\.nuget\packages\microsoft.aspnetcore.app.ref\9.0.18\ref\net9.0\Microsoft.Extensions.FileProviders.Embedded.dll /reference:C:\Users\rm619\.nuget\packages\microsoft.aspnetcore.app.ref\9.0.18\ref\net9.0\Microsoft.Extensions.FileProviders.Physical.dll /reference:C:\Users\rm619\.nuget\packages\microsoft.aspnetcore.app.ref\9.0.18\ref\net9.0\Microsoft.Extensions.FileSystemGlobbing.dll /reference:C:\Users\rm619\.nuget\packages\microsoft.aspnetcore.app.ref\9.0.18\ref\net9.0\Microsoft.Extensions.Hosting.Abstractions.dll /reference:C:\Users\rm619\.nuget\packages\microsoft.aspnetcore.app.ref\9.0.18\ref\net9.0\Microsoft.Extensions.Hosting.dll /reference:C:\Users\rm619\.nuget\packages\microsoft.aspnetcore.app.ref\9.0.18\ref\net9.0\Microsoft.Extensions.Http.dll /reference:C:\Users\rm619\.nuget\packages\microsoft.aspnetcore.app.ref\9.0.18\ref\net9.0\Microsoft.Extensions.Identity.Core.dll /reference:C:\Users\rm619\.nuget\packages\microsoft.aspnetcore.app.ref\9.0.18\ref\net9.0\Microsoft.Extensions.Identity.Stores.dll /reference:C:\Users\rm619\.nuget\packages\microsoft.aspnetcore.app.ref\9.0.18\ref\net9.0\Microsoft.Extensions.Localization.Abstractions.dll /reference:C:\Users\rm619\.nuget\packages\microsoft.aspnetcore.app.ref\9.0.18\ref\net9.0\Microsoft.Extensions.Localization.dll /reference:C:\Users\rm619\.nuget\packages\microsoft.aspnetcore.app.ref\9.0.18\ref\net9.0\Microsoft.Extensions.Logging.Abstractions.dll /reference:C:\Users\rm619\.nuget\packages\microsoft.aspnetcore.app.ref\9.0.18\ref\net9.0\Microsoft.Extensions.Logging.Configuration.dll /reference:C:\Users\rm619\.nuget\packages\microsoft.aspnetcore.app.ref\9.0.18\ref\net9.0\Microsoft.Extensions.Logging.Console.dll /reference:C:\Users\rm619\.nuget\packages\microsoft.aspnetcore.app.ref\9.0.18\ref\net9.0\Microsoft.Extensions.Logging.Debug.dll /reference:C:\Users\rm619\.nuget\packages\microsoft.aspnetcore.app.ref\9.0.18\ref\net9.0\Microsoft.Extensions.Logging.dll /reference:C:\Users\rm619\.nuget\packages\microsoft.aspnetcore.app.ref\9.0.18\ref\net9.0\Microsoft.Extensions.Logging.EventLog.dll /reference:C:\Users\rm619\.nuget\packages\microsoft.aspnetcore.app.ref\9.0.18\ref\net9.0\Microsoft.Extensions.Logging.EventSource.dll /reference:C:\Users\rm619\.nuget\packages\microsoft.aspnetcore.app.ref\9.0.18\ref\net9.0\Microsoft.Extensions.Logging.TraceSource.dll /reference:C:\Users\rm619\.nuget\packages\microsoft.aspnetcore.app.ref\9.0.18\ref\net9.0\Microsoft.Extensions.ObjectPool.dll /reference:C:\Users\rm619\.nuget\packages\microsoft.aspnetcore.app.ref\9.0.18\ref\net9.0\Microsoft.Extensions.Options.ConfigurationExtensions.dll /reference:C:\Users\rm619\.nuget\packages\microsoft.aspnetcore.app.ref\9.0.18\ref\net9.0\Microsoft.Extensions.Options.DataAnnotations.dll /reference:C:\Users\rm619\.nuget\packages\microsoft.aspnetcore.app.ref\9.0.18\ref\net9.0\Microsoft.Extensions.Options.dll /reference:C:\Users\rm619\.nuget\packages\microsoft.aspnetcore.app.ref\9.0.18\ref\net9.0\Microsoft.Extensions.Primitives.dll /reference:C:\Users\rm619\.nuget\packages\microsoft.aspnetcore.app.ref\9.0.18\ref\net9.0\Microsoft.Extensions.WebEncoders.dll /reference:C:\Users\rm619\.nuget\packages\microsoft.identity.client\4.61.3\lib\net6.0\Microsoft.Identity.Client.dll /reference:C:\Users\rm619\.nuget\packages\microsoft.identity.client.extensions.msal\4.61.3\lib\net6.0\Microsoft.Identity.Client.Extensions.Msal.dll /reference:C:\Users\rm619\.nuget\packages\microsoft.identitymodel.abstractions\8.19.2\lib\net9.0\Microsoft.IdentityModel.Abstractions.dll /reference:C:\Users\rm619\.nuget\packages\microsoft.identitymodel.jsonwebtokens\8.19.2\lib\net9.0\Microsoft.IdentityModel.JsonWebTokens.dll /reference:C:\Users\rm619\.nuget\packages\microsoft.identitymodel.logging\8.19.2\lib\net9.0\Microsoft.IdentityModel.Logging.dll /reference:C:\Users\rm619\.nuget\packages\microsoft.identitymodel.protocols\8.19.2\lib\net9.0\Microsoft.IdentityModel.Protocols.dll /reference:C:\Users\rm619\.nuget\packages\microsoft.identitymodel.protocols.openidconnect\8.19.2\lib\net9.0\Microsoft.IdentityModel.Protocols.OpenIdConnect.dll /reference:C:\Users\rm619\.nuget\packages\microsoft.identitymodel.tokens\8.19.2\lib\net9.0\Microsoft.IdentityModel.Tokens.dll /reference:C:\Users\rm619\.nuget\packages\microsoft.aspnetcore.app.ref\9.0.18\ref\net9.0\Microsoft.JSInterop.dll /reference:C:\Users\rm619\.nuget\packages\microsoft.aspnetcore.app.ref\9.0.18\ref\net9.0\Microsoft.Net.Http.Headers.dll /reference:C:\Users\rm619\.nuget\packages\microsoft.openapi\1.6.23\lib\netstandard2.0\Microsoft.OpenApi.dll /reference:C:\Users\rm619\.nuget\packages\microsoft.sqlserver.server\1.0.0\lib\netstandard2.0\Microsoft.SqlServer.Server.dll /reference:C:\Users\rm619\.nuget\packages\microsoft.netcore.app.ref\9.0.18\ref\net9.0\Microsoft.VisualBasic.Core.dll /reference:C:\Users\rm619\.nuget\packages\microsoft.netcore.app.ref\9.0.18\ref\net9.0\Microsoft.VisualBasic.dll /reference:C:\Users\rm619\.nuget\packages\microsoft.netcore.app.ref\9.0.18\ref\net9.0\Microsoft.Win32.Primitives.dll /reference:C:\Users\rm619\.nuget\packages\microsoft.netcore.app.ref\9.0.18\ref\net9.0\Microsoft.Win32.Registry.dll /reference:C:\Users\rm619\.nuget\packages\microsoft.netcore.app.ref\9.0.18\ref\net9.0\mscorlib.dll /reference:C:\Users\rm619\.nuget\packages\microsoft.netcore.app.ref\9.0.18\ref\net9.0\netstandard.dll /reference:C:\Users\rm619\.nuget\packages\swashbuckle.aspnetcore.swagger\8.0.0\lib\net9.0\Swashbuckle.AspNetCore.Swagger.dll /reference:C:\Users\rm619\.nuget\packages\swashbuckle.aspnetcore.swaggergen\8.0.0\lib\net9.0\Swashbuckle.AspNetCore.SwaggerGen.dll /reference:C:\Users\rm619\.nuget\packages\swashbuckle.aspnetcore.swaggerui\8.0.0\lib\net9.0\Swashbuckle.AspNetCore.SwaggerUI.dll /reference:C:\Users\rm619\.nuget\packages\microsoft.netcore.app.ref\9.0.18\ref\net9.0\System.AppContext.dll /reference:C:\Users\rm619\.nuget\packages\microsoft.netcore.app.ref\9.0.18\ref\net9.0\System.Buffers.dll /reference:C:\Users\rm619\.nuget\packages\system.clientmodel\1.0.0\lib\net6.0\System.ClientModel.dll /reference:C:\Users\rm619\.nuget\packages\microsoft.netcore.app.ref\9.0.18\ref\net9.0\System.Collections.Concurrent.dll /reference:C:\Users\rm619\.nuget\packages\microsoft.netcore.app.ref\9.0.18\ref\net9.0\System.Collections.dll /reference:C:\Users\rm619\.nuget\packages\microsoft.netcore.app.ref\9.0.18\ref\net9.0\System.Collections.Immutable.dll /reference:C:\Users\rm619\.nuget\packages\microsoft.netcore.app.ref\9.0.18\ref\net9.0\System.Collections.NonGeneric.dll /reference:C:\Users\rm619\.nuget\packages\microsoft.netcore.app.ref\9.0.18\ref\net9.0\System.Collections.Specialized.dll /reference:C:\Users\rm619\.nuget\packages\microsoft.netcore.app.ref\9.0.18\ref\net9.0\System.ComponentModel.Annotations.dll /reference:C:\Users\rm619\.nuget\packages\microsoft.netcore.app.ref\9.0.18\ref\net9.0\System.ComponentModel.DataAnnotations.dll /reference:C:\Users\rm619\.nuget\packages\microsoft.netcore.app.ref\9.0.18\ref\net9.0\System.ComponentModel.dll /reference:C:\Users\rm619\.nuget\packages\microsoft.netcore.app.ref\9.0.18\ref\net9.0\System.ComponentModel.EventBasedAsync.dll /reference:C:\Users\rm619\.nuget\packages\microsoft.netcore.app.ref\9.0.18\ref\net9.0\System.ComponentModel.Primitives.dll /reference:C:\Users\rm619\.nuget\packages\microsoft.netcore.app.ref\9.0.18\ref\net9.0\System.ComponentModel.TypeConverter.dll /reference:C:\Users\rm619\.nuget\packages\microsoft.netcore.app.ref\9.0.18\ref\net9.0\System.Configuration.dll /reference:C:\Users\rm619\.nuget\packages\microsoft.netcore.app.ref\9.0.18\ref\net9.0\System.Console.dll /reference:C:\Users\rm619\.nuget\packages\microsoft.netcore.app.ref\9.0.18\ref\net9.0\System.Core.dll /reference:C:\Users\rm619\.nuget\packages\microsoft.netcore.app.ref\9.0.18\ref\net9.0\System.Data.Common.dll /reference:C:\Users\rm619\.nuget\packages\microsoft.netcore.app.ref\9.0.18\ref\net9.0\System.Data.DataSetExtensions.dll /reference:C:\Users\rm619\.nuget\packages\microsoft.netcore.app.ref\9.0.18\ref\net9.0\System.Data.dll /reference:C:\Users\rm619\.nuget\packages\microsoft.netcore.app.ref\9.0.18\ref\net9.0\System.Diagnostics.Contracts.dll /reference:C:\Users\rm619\.nuget\packages\microsoft.netcore.app.ref\9.0.18\ref\net9.0\System.Diagnostics.Debug.dll /reference:C:\Users\rm619\.nuget\packages\microsoft.netcore.app.ref\9.0.18\ref\net9.0\System.Diagnostics.DiagnosticSource.dll /reference:C:\Users\rm619\.nuget\packages\microsoft.aspnetcore.app.ref\9.0.18\ref\net9.0\System.Diagnostics.EventLog.dll /reference:C:\Users\rm619\.nuget\packages\microsoft.netcore.app.ref\9.0.18\ref\net9.0\System.Diagnostics.FileVersionInfo.dll /reference:C:\Users\rm619\.nuget\packages\microsoft.netcore.app.ref\9.0.18\ref\net9.0\System.Diagnostics.Process.dll /reference:C:\Users\rm619\.nuget\packages\microsoft.netcore.app.ref\9.0.18\ref\net9.0\System.Diagnostics.StackTrace.dll /reference:C:\Users\rm619\.nuget\packages\microsoft.netcore.app.ref\9.0.18\ref\net9.0\System.Diagnostics.TextWriterTraceListener.dll /reference:C:\Users\rm619\.nuget\packages\microsoft.netcore.app.ref\9.0.18\ref\net9.0\System.Diagnostics.Tools.dll /reference:C:\Users\rm619\.nuget\packages\microsoft.netcore.app.ref\9.0.18\ref\net9.0\System.Diagnostics.TraceSource.dll /reference:C:\Users\rm619\.nuget\packages\microsoft.netcore.app.ref\9.0.18\ref\net9.0\System.Diagnostics.Tracing.dll /reference:C:\Users\rm619\.nuget\packages\microsoft.netcore.app.ref\9.0.18\ref\net9.0\System.dll /reference:C:\Users\rm619\.nuget\packages\microsoft.netcore.app.ref\9.0.18\ref\net9.0\System.Drawing.dll /reference:C:\Users\rm619\.nuget\packages\microsoft.netcore.app.ref\9.0.18\ref\net9.0\System.Drawing.Primitives.dll /reference:C:\Users\rm619\.nuget\packages\microsoft.netcore.app.ref\9.0.18\ref\net9.0\System.Dynamic.Runtime.dll /reference:C:\Users\rm619\.nuget\packages\microsoft.netcore.app.ref\9.0.18\ref\net9.0\System.Formats.Asn1.dll /reference:C:\Users\rm619\.nuget\packages\microsoft.netcore.app.ref\9.0.18\ref\net9.0\System.Formats.Tar.dll /reference:C:\Users\rm619\.nuget\packages\microsoft.netcore.app.ref\9.0.18\ref\net9.0\System.Globalization.Calendars.dll /reference:C:\Users\rm619\.nuget\packages\microsoft.netcore.app.ref\9.0.18\ref\net9.0\System.Globalization.dll /reference:C:\Users\rm619\.nuget\packages\microsoft.netcore.app.ref\9.0.18\ref\net9.0\System.Globalization.Extensions.dll /reference:C:\Users\rm619\.nuget\packages\system.identitymodel.tokens.jwt\8.19.2\lib\net9.0\System.IdentityModel.Tokens.Jwt.dll /reference:C:\Users\rm619\.nuget\packages\microsoft.netcore.app.ref\9.0.18\ref\net9.0\System.IO.Compression.Brotli.dll /reference:C:\Users\rm619\.nuget\packages\microsoft.netcore.app.ref\9.0.18\ref\net9.0\System.IO.Compression.dll /reference:C:\Users\rm619\.nuget\packages\microsoft.netcore.app.ref\9.0.18\ref\net9.0\System.IO.Compression.FileSystem.dll /reference:C:\Users\rm619\.nuget\packages\microsoft.netcore.app.ref\9.0.18\ref\net9.0\System.IO.Compression.ZipFile.dll /reference:C:\Users\rm619\.nuget\packages\microsoft.netcore.app.ref\9.0.18\ref\net9.0\System.IO.dll /reference:C:\Users\rm619\.nuget\packages\microsoft.netcore.app.ref\9.0.18\ref\net9.0\System.IO.FileSystem.AccessControl.dll /reference:C:\Users\rm619\.nuget\packages\microsoft.netcore.app.ref\9.0.18\ref\net9.0\System.IO.FileSystem.dll /reference:C:\Users\rm619\.nuget\packages\microsoft.netcore.app.ref\9.0.18\ref\net9.0\System.IO.FileSystem.DriveInfo.dll /reference:C:\Users\rm619\.nuget\packages\microsoft.netcore.app.ref\9.0.18\ref\net9.0\System.IO.FileSystem.Primitives.dll /reference:C:\Users\rm619\.nuget\packages\microsoft.netcore.app.ref\9.0.18\ref\net9.0\System.IO.FileSystem.Watcher.dll /reference:C:\Users\rm619\.nuget\packages\microsoft.netcore.app.ref\9.0.18\ref\net9.0\System.IO.IsolatedStorage.dll /reference:C:\Users\rm619\.nuget\packages\microsoft.netcore.app.ref\9.0.18\ref\net9.0\System.IO.MemoryMappedFiles.dll /reference:C:\Users\rm619\.nuget\packages\microsoft.netcore.app.ref\9.0.18\ref\net9.0\System.IO.Pipelines.dll /reference:C:\Users\rm619\.nuget\packages\microsoft.netcore.app.ref\9.0.18\ref\net9.0\System.IO.Pipes.AccessControl.dll /reference:C:\Users\rm619\.nuget\packages\microsoft.netcore.app.ref\9.0.18\ref\net9.0\System.IO.Pipes.dll /reference:C:\Users\rm619\.nuget\packages\microsoft.netcore.app.ref\9.0.18\ref\net9.0\System.IO.UnmanagedMemoryStream.dll /reference:C:\Users\rm619\.nuget\packages\microsoft.netcore.app.ref\9.0.18\ref\net9.0\System.Linq.dll /reference:C:\Users\rm619\.nuget\packages\microsoft.netcore.app.ref\9.0.18\ref\net9.0\System.Linq.Expressions.dll /reference:C:\Users\rm619\.nuget\packages\microsoft.netcore.app.ref\9.0.18\ref\net9.0\System.Linq.Parallel.dll /reference:C:\Users\rm619\.nuget\packages\microsoft.netcore.app.ref\9.0.18\ref\net9.0\System.Linq.Queryable.dll /reference:C:\Users\rm619\.nuget\packages\system.memory.data\1.0.2\lib\netstandard2.0\System.Memory.Data.dll /reference:C:\Users\rm619\.nuget\packages\microsoft.netcore.app.ref\9.0.18\ref\net9.0\System.Memory.dll /reference:C:\Users\rm619\.nuget\packages\microsoft.netcore.app.ref\9.0.18\ref\net9.0\System.Net.dll /reference:C:\Users\rm619\.nuget\packages\microsoft.netcore.app.ref\9.0.18\ref\net9.0\System.Net.Http.dll /reference:C:\Users\rm619\.nuget\packages\microsoft.netcore.app.ref\9.0.18\ref\net9.0\System.Net.Http.Json.dll /reference:C:\Users\rm619\.nuget\packages\microsoft.netcore.app.ref\9.0.18\ref\net9.0\System.Net.HttpListener.dll /reference:C:\Users\rm619\.nuget\packages\microsoft.netcore.app.ref\9.0.18\ref\net9.0\System.Net.Mail.dll /reference:C:\Users\rm619\.nuget\packages\microsoft.netcore.app.ref\9.0.18\ref\net9.0\System.Net.NameResolution.dll /reference:C:\Users\rm619\.nuget\packages\microsoft.netcore.app.ref\9.0.18\ref\net9.0\System.Net.NetworkInformation.dll /reference:C:\Users\rm619\.nuget\packages\microsoft.netcore.app.ref\9.0.18\ref\net9.0\System.Net.Ping.dll /reference:C:\Users\rm619\.nuget\packages\microsoft.netcore.app.ref\9.0.18\ref\net9.0\System.Net.Primitives.dll /reference:C:\Users\rm619\.nuget\packages\microsoft.netcore.app.ref\9.0.18\ref\net9.0\System.Net.Quic.dll /reference:C:\Users\rm619\.nuget\packages\microsoft.netcore.app.ref\9.0.18\ref\net9.0\System.Net.Requests.dll /reference:C:\Users\rm619\.nuget\packages\microsoft.netcore.app.ref\9.0.18\ref\net9.0\System.Net.Security.dll /reference:C:\Users\rm619\.nuget\packages\microsoft.netcore.app.ref\9.0.18\ref\net9.0\System.Net.ServicePoint.dll /reference:C:\Users\rm619\.nuget\packages\microsoft.netcore.app.ref\9.0.18\ref\net9.0\System.Net.Sockets.dll /reference:C:\Users\rm619\.nuget\packages\microsoft.netcore.app.ref\9.0.18\ref\net9.0\System.Net.WebClient.dll /reference:C:\Users\rm619\.nuget\packages\microsoft.netcore.app.ref\9.0.18\ref\net9.0\System.Net.WebHeaderCollection.dll /reference:C:\Users\rm619\.nuget\packages\microsoft.netcore.app.ref\9.0.18\ref\net9.0\System.Net.WebProxy.dll /reference:C:\Users\rm619\.nuget\packages\microsoft.netcore.app.ref\9.0.18\ref\net9.0\System.Net.WebSockets.Client.dll /reference:C:\Users\rm619\.nuget\packages\microsoft.netcore.app.ref\9.0.18\ref\net9.0\System.Net.WebSockets.dll /reference:C:\Users\rm619\.nuget\packages\microsoft.netcore.app.ref\9.0.18\ref\net9.0\System.Numerics.dll /reference:C:\Users\rm619\.nuget\packages\microsoft.netcore.app.ref\9.0.18\ref\net9.0\System.Numerics.Vectors.dll /reference:C:\Users\rm619\.nuget\packages\microsoft.netcore.app.ref\9.0.18\ref\net9.0\System.ObjectModel.dll /reference:C:\Users\rm619\.nuget\packages\microsoft.netcore.app.ref\9.0.18\ref\net9.0\System.Reflection.DispatchProxy.dll /reference:C:\Users\rm619\.nuget\packages\microsoft.netcore.app.ref\9.0.18\ref\net9.0\System.Reflection.dll /reference:C:\Users\rm619\.nuget\packages\microsoft.netcore.app.ref\9.0.18\ref\net9.0\System.Reflection.Emit.dll /reference:C:\Users\rm619\.nuget\packages\microsoft.netcore.app.ref\9.0.18\ref\net9.0\System.Reflection.Emit.ILGeneration.dll /reference:C:\Users\rm619\.nuget\packages\microsoft.netcore.app.ref\9.0.18\ref\net9.0\System.Reflection.Emit.Lightweight.dll /reference:C:\Users\rm619\.nuget\packages\microsoft.netcore.app.ref\9.0.18\ref\net9.0\System.Reflection.Extensions.dll /reference:C:\Users\rm619\.nuget\packages\microsoft.netcore.app.ref\9.0.18\ref\net9.0\System.Reflection.Metadata.dll /reference:C:\Users\rm619\.nuget\packages\microsoft.netcore.app.ref\9.0.18\ref\net9.0\System.Reflection.Primitives.dll /reference:C:\Users\rm619\.nuget\packages\microsoft.netcore.app.ref\9.0.18\ref\net9.0\System.Reflection.TypeExtensions.dll /reference:C:\Users\rm619\.nuget\packages\microsoft.netcore.app.ref\9.0.18\ref\net9.0\System.Resources.Reader.dll /reference:C:\Users\rm619\.nuget\packages\microsoft.netcore.app.ref\9.0.18\ref\net9.0\System.Resources.ResourceManager.dll /reference:C:\Users\rm619\.nuget\packages\microsoft.netcore.app.ref\9.0.18\ref\net9.0\System.Resources.Writer.dll /reference:C:\Users\rm619\.nuget\packages\microsoft.netcore.app.ref\9.0.18\ref\net9.0\System.Runtime.CompilerServices.Unsafe.dll /reference:C:\Users\rm619\.nuget\packages\microsoft.netcore.app.ref\9.0.18\ref\net9.0\System.Runtime.CompilerServices.VisualC.dll /reference:C:\Users\rm619\.nuget\packages\microsoft.netcore.app.ref\9.0.18\ref\net9.0\System.Runtime.dll /reference:C:\Users\rm619\.nuget\packages\microsoft.netcore.app.ref\9.0.18\ref\net9.0\System.Runtime.Extensions.dll /reference:C:\Users\rm619\.nuget\packages\microsoft.netcore.app.ref\9.0.18\ref\net9.0\System.Runtime.Handles.dll /reference:C:\Users\rm619\.nuget\packages\microsoft.netcore.app.ref\9.0.18\ref\net9.0\System.Runtime.InteropServices.dll /reference:C:\Users\rm619\.nuget\packages\microsoft.netcore.app.ref\9.0.18\ref\net9.0\System.Runtime.InteropServices.JavaScript.dll /reference:C:\Users\rm619\.nuget\packages\microsoft.netcore.app.ref\9.0.18\ref\net9.0\System.Runtime.InteropServices.RuntimeInformation.dll /reference:C:\Users\rm619\.nuget\packages\microsoft.netcore.app.ref\9.0.18\ref\net9.0\System.Runtime.Intrinsics.dll /reference:C:\Users\rm619\.nuget\packages\microsoft.netcore.app.ref\9.0.18\ref\net9.0\System.Runtime.Loader.dll /reference:C:\Users\rm619\.nuget\packages\microsoft.netcore.app.ref\9.0.18\ref\net9.0\System.Runtime.Numerics.dll /reference:C:\Users\rm619\.nuget\packages\microsoft.netcore.app.ref\9.0.18\ref\net9.0\System.Runtime.Serialization.dll /reference:C:\Users\rm619\.nuget\packages\microsoft.netcore.app.ref\9.0.18\ref\net9.0\System.Runtime.Serialization.Formatters.dll /reference:C:\Users\rm619\.nuget\packages\microsoft.netcore.app.ref\9.0.18\ref\net9.0\System.Runtime.Serialization.Json.dll /reference:C:\Users\rm619\.nuget\packages\microsoft.netcore.app.ref\9.0.18\ref\net9.0\System.Runtime.Serialization.Primitives.dll /reference:C:\Users\rm619\.nuget\packages\microsoft.netcore.app.ref\9.0.18\ref\net9.0\System.Runtime.Serialization.Xml.dll /reference:C:\Users\rm619\.nuget\packages\microsoft.netcore.app.ref\9.0.18\ref\net9.0\System.Security.AccessControl.dll /reference:C:\Users\rm619\.nuget\packages\microsoft.netcore.app.ref\9.0.18\ref\net9.0\System.Security.Claims.dll /reference:C:\Users\rm619\.nuget\packages\microsoft.netcore.app.ref\9.0.18\ref\net9.0\System.Security.Cryptography.Algorithms.dll /reference:C:\Users\rm619\.nuget\packages\microsoft.netcore.app.ref\9.0.18\ref\net9.0\System.Security.Cryptography.Cng.dll /reference:C:\Users\rm619\.nuget\packages\microsoft.netcore.app.ref\9.0.18\ref\net9.0\System.Security.Cryptography.Csp.dll /reference:C:\Users\rm619\.nuget\packages\microsoft.netcore.app.ref\9.0.18\ref\net9.0\System.Security.Cryptography.dll /reference:C:\Users\rm619\.nuget\packages\microsoft.netcore.app.ref\9.0.18\ref\net9.0\System.Security.Cryptography.Encoding.dll /reference:C:\Users\rm619\.nuget\packages\microsoft.netcore.app.ref\9.0.18\ref\net9.0\System.Security.Cryptography.OpenSsl.dll /reference:C:\Users\rm619\.nuget\packages\microsoft.netcore.app.ref\9.0.18\ref\net9.0\System.Security.Cryptography.Primitives.dll /reference:C:\Users\rm619\.nuget\packages\system.security.cryptography.protecteddata\6.0.0\lib\net6.0\System.Security.Cryptography.ProtectedData.dll /reference:C:\Users\rm619\.nuget\packages\microsoft.netcore.app.ref\9.0.18\ref\net9.0\System.Security.Cryptography.X509Certificates.dll /reference:C:\Users\rm619\.nuget\packages\microsoft.aspnetcore.app.ref\9.0.18\ref\net9.0\System.Security.Cryptography.Xml.dll /reference:C:\Users\rm619\.nuget\packages\microsoft.netcore.app.ref\9.0.18\ref\net9.0\System.Security.dll /reference:C:\Users\rm619\.nuget\packages\microsoft.netcore.app.ref\9.0.18\ref\net9.0\System.Security.Principal.dll /reference:C:\Users\rm619\.nuget\packages\microsoft.netcore.app.ref\9.0.18\ref\net9.0\System.Security.Principal.Windows.dll /reference:C:\Users\rm619\.nuget\packages\microsoft.netcore.app.ref\9.0.18\ref\net9.0\System.Security.SecureString.dll /reference:C:\Users\rm619\.nuget\packages\microsoft.netcore.app.ref\9.0.18\ref\net9.0\System.ServiceModel.Web.dll /reference:C:\Users\rm619\.nuget\packages\microsoft.netcore.app.ref\9.0.18\ref\net9.0\System.ServiceProcess.dll /reference:C:\Users\rm619\.nuget\packages\microsoft.netcore.app.ref\9.0.18\ref\net9.0\System.Text.Encoding.CodePages.dll /reference:C:\Users\rm619\.nuget\packages\microsoft.netcore.app.ref\9.0.18\ref\net9.0\System.Text.Encoding.dll /reference:C:\Users\rm619\.nuget\packages\microsoft.netcore.app.ref\9.0.18\ref\net9.0\System.Text.Encoding.Extensions.dll /reference:C:\Users\rm619\.nuget\packages\microsoft.netcore.app.ref\9.0.18\ref\net9.0\System.Text.Encodings.Web.dll /reference:C:\Users\rm619\.nuget\packages\microsoft.netcore.app.ref\9.0.18\ref\net9.0\System.Text.Json.dll /reference:C:\Users\rm619\.nuget\packages\microsoft.netcore.app.ref\9.0.18\ref\net9.0\System.Text.RegularExpressions.dll /reference:C:\Users\rm619\.nuget\packages\microsoft.netcore.app.ref\9.0.18\ref\net9.0\System.Threading.Channels.dll /reference:C:\Users\rm619\.nuget\packages\microsoft.netcore.app.ref\9.0.18\ref\net9.0\System.Threading.dll /reference:C:\Users\rm619\.nuget\packages\microsoft.netcore.app.ref\9.0.18\ref\net9.0\System.Threading.Overlapped.dll /reference:C:\Users\rm619\.nuget\packages\microsoft.aspnetcore.app.ref\9.0.18\ref\net9.0\System.Threading.RateLimiting.dll /reference:C:\Users\rm619\.nuget\packages\microsoft.netcore.app.ref\9.0.18\ref\net9.0\System.Threading.Tasks.Dataflow.dll /reference:C:\Users\rm619\.nuget\packages\microsoft.netcore.app.ref\9.0.18\ref\net9.0\System.Threading.Tasks.dll /reference:C:\Users\rm619\.nuget\packages\microsoft.netcore.app.ref\9.0.18\ref\net9.0\System.Threading.Tasks.Extensions.dll /reference:C:\Users\rm619\.nuget\packages\microsoft.netcore.app.ref\9.0.18\ref\net9.0\System.Threading.Tasks.Parallel.dll /reference:C:\Users\rm619\.nuget\packages\microsoft.netcore.app.ref\9.0.18\ref\net9.0\System.Threading.Thread.dll /reference:C:\Users\rm619\.nuget\packages\microsoft.netcore.app.ref\9.0.18\ref\net9.0\System.Threading.ThreadPool.dll /reference:C:\Users\rm619\.nuget\packages\microsoft.netcore.app.ref\9.0.18\ref\net9.0\System.Threading.Timer.dll /reference:C:\Users\rm619\.nuget\packages\microsoft.netcore.app.ref\9.0.18\ref\net9.0\System.Transactions.dll /reference:C:\Users\rm619\.nuget\packages\microsoft.netcore.app.ref\9.0.18\ref\net9.0\System.Transactions.Local.dll /reference:C:\Users\rm619\.nuget\packages\microsoft.netcore.app.ref\9.0.18\ref\net9.0\System.ValueTuple.dll /reference:C:\Users\rm619\.nuget\packages\microsoft.netcore.app.ref\9.0.18\ref\net9.0\System.Web.dll /reference:C:\Users\rm619\.nuget\packages\microsoft.netcore.app.ref\9.0.18\ref\net9.0\System.Web.HttpUtility.dll /reference:C:\Users\rm619\.nuget\packages\microsoft.netcore.app.ref\9.0.18\ref\net9.0\System.Windows.dll /reference:C:\Users\rm619\.nuget\packages\microsoft.netcore.app.ref\9.0.18\ref\net9.0\System.Xml.dll /reference:C:\Users\rm619\.nuget\packages\microsoft.netcore.app.ref\9.0.18\ref\net9.0\System.Xml.Linq.dll /reference:C:\Users\rm619\.nuget\packages\microsoft.netcore.app.ref\9.0.18\ref\net9.0\System.Xml.ReaderWriter.dll /reference:C:\Users\rm619\.nuget\packages\microsoft.netcore.app.ref\9.0.18\ref\net9.0\System.Xml.Serialization.dll /reference:C:\Users\rm619\.nuget\packages\microsoft.netcore.app.ref\9.0.18\ref\net9.0\System.Xml.XDocument.dll /reference:C:\Users\rm619\.nuget\packages\microsoft.netcore.app.ref\9.0.18\ref\net9.0\System.Xml.XmlDocument.dll /reference:C:\Users\rm619\.nuget\packages\microsoft.netcore.app.ref\9.0.18\ref\net9.0\System.Xml.XmlSerializer.dll /reference:C:\Users\rm619\.nuget\packages\microsoft.netcore.app.ref\9.0.18\ref\net9.0\System.Xml.XPath.dll /reference:C:\Users\rm619\.nuget\packages\microsoft.netcore.app.ref\9.0.18\ref\net9.0\System.Xml.XPath.XDocument.dll /reference:C:\Users\rm619\.nuget\packages\microsoft.netcore.app.ref\9.0.18\ref\net9.0\WindowsBase.dll /debug+ /debug:portable /filealign:512 /optimize- /out:obj\Debug\net9.0\ERP.Api.dll /refout:obj\Debug\net9.0\refint\ERP.Api.dll /target:exe /warnaserror- /utf8output /deterministic+ /sourcelink:obj\Debug\net9.0\ERP.Api.sourcelink.json /langversion:13.0 /embed:obj\Debug\net9.0\ERP.Api.GlobalUsings.g.cs /embed:"obj\Debug\net9.0\.NETCoreApp,Version=v9.0.AssemblyAttributes.cs" /embed:obj\Debug\net9.0\ERP.Api.AssemblyInfo.cs /embed:obj\Debug\net9.0\ERP.Api.MvcApplicationPartsAssemblyInfo.cs /analyzerconfig:obj\Debug\net9.0\ERP.Api.GeneratedMSBuildEditorConfig.editorconfig /analyzerconfig:"C:\Program Files\dotnet\sdk\10.0.302\Sdks\Microsoft.NET.Sdk\analyzers\build\config\analysislevel_9_default.globalconfig" /analyzer:"C:\Program Files\dotnet\sdk\10.0.302\Sdks\Microsoft.NET.Sdk.Web\analyzers\cs\Microsoft.AspNetCore.Analyzers.dll" /analyzer:"C:\Program Files\dotnet\sdk\10.0.302\Sdks\Microsoft.NET.Sdk.Web\analyzers\cs\Microsoft.AspNetCore.Mvc.Analyzers.dll" /analyzer:"C:\Program Files\dotnet\sdk\10.0.302\Sdks\Microsoft.NET.Sdk\targets\..\analyzers\Microsoft.CodeAnalysis.CSharp.NetAnalyzers.dll" /analyzer:"C:\Program Files\dotnet\sdk\10.0.302\Sdks\Microsoft.NET.Sdk\targets\..\analyzers\Microsoft.CodeAnalysis.NetAnalyzers.dll" /analyzer:C:\Users\rm619\.nuget\packages\microsoft.codeanalysis.analyzers\3.3.4\analyzers\dotnet\cs\Microsoft.CodeAnalysis.Analyzers.dll /analyzer:C:\Users\rm619\.nuget\packages\microsoft.codeanalysis.analyzers\3.3.4\analyzers\dotnet\cs\Microsoft.CodeAnalysis.CSharp.Analyzers.dll /analyzer:C:\Users\rm619\.nuget\packages\microsoft.entityframeworkcore.analyzers\9.0.10\analyzers\dotnet\cs\Microsoft.EntityFrameworkCore.Analyzers.dll /analyzer:C:\Users\rm619\.nuget\packages\microsoft.netcore.app.ref\9.0.18\analyzers/dotnet/cs/Microsoft.Interop.ComInterfaceGenerator.dll /analyzer:C:\Users\rm619\.nuget\packages\microsoft.netcore.app.ref\9.0.18\analyzers/dotnet/cs/Microsoft.Interop.JavaScript.JSImportGenerator.dll /analyzer:C:\Users\rm619\.nuget\packages\microsoft.netcore.app.ref\9.0.18\analyzers/dotnet/cs/Microsoft.Interop.LibraryImportGenerator.dll /analyzer:C:\Users\rm619\.nuget\packages\microsoft.netcore.app.ref\9.0.18\analyzers/dotnet/cs/Microsoft.Interop.SourceGeneration.dll /analyzer:C:\Users\rm619\.nuget\packages\microsoft.netcore.app.ref\9.0.18\analyzers/dotnet/cs/System.Text.Json.SourceGeneration.dll /analyzer:C:\Users\rm619\.nuget\packages\microsoft.netcore.app.ref\9.0.18\analyzers/dotnet/cs/System.Text.RegularExpressions.Generator.dll /analyzer:C:\Users\rm619\.nuget\packages\microsoft.aspnetcore.app.ref\9.0.18\analyzers/dotnet/cs/Microsoft.AspNetCore.App.Analyzers.dll /analyzer:C:\Users\rm619\.nuget\packages\microsoft.aspnetcore.app.ref\9.0.18\analyzers/dotnet/cs/Microsoft.AspNetCore.App.CodeFixes.dll /analyzer:C:\Users\rm619\.nuget\packages\microsoft.aspnetcore.app.ref\9.0.18\analyzers/dotnet/cs/Microsoft.AspNetCore.Components.Analyzers.dll /analyzer:C:\Users\rm619\.nuget\packages\microsoft.aspnetcore.app.ref\9.0.18\analyzers/dotnet/roslyn4.4/cs/Microsoft.Extensions.Logging.Generators.dll /analyzer:C:\Users\rm619\.nuget\packages\microsoft.aspnetcore.app.ref\9.0.18\analyzers/dotnet/roslyn4.4/cs/Microsoft.Extensions.Options.SourceGeneration.dll /analyzer:"C:\Program Files\dotnet\sdk\10.0.302\Sdks\Microsoft.NET.Sdk.Razor\targets\..\source-generators\Microsoft.AspNetCore.Razor.Utilities.Shared.dll" /analyzer:"C:\Program Files\dotnet\sdk\10.0.302\Sdks\Microsoft.NET.Sdk.Razor\targets\..\source-generators\Microsoft.CodeAnalysis.Razor.Compiler.dll" /analyzer:"C:\Program Files\dotnet\sdk\10.0.302\Sdks\Microsoft.NET.Sdk.Razor\targets\..\source-generators\Microsoft.Extensions.ObjectPool.dll" Controllers\AuthController.cs Controllers\BoxTypesController.cs Controllers\CatalogsController.cs Controllers\ColorsController.cs Controllers\ComponentsController.cs Controllers\CustomersController.cs Controllers\CuttingControlsController.cs Controllers\CuttingPanelQcsController.cs Controllers\CuttingReleasesController.cs Controllers\FabricInventoriesController.cs Controllers\FabricPOsController.cs Controllers\FabricReceivingsController.cs Controllers\FabricRequirementsController.cs Controllers\FabricReservationsController.cs Controllers\FabricsController.cs Controllers\FabricShipmentsController.cs Controllers\FactoriesController.cs Controllers\FgpoController.cs Controllers\FgpoLinesController.cs Controllers\FourPointController.cs Controllers\InlineQualitiesController.cs Controllers\InternalTestsController.cs Controllers\LotsController.cs Controllers\MillProductionsController.cs Controllers\MillTestsController.cs Controllers\PermissionsController.cs Controllers\PpSamplesController.cs Controllers\PricesController.cs Controllers\ProductionReadinessController.cs Controllers\RolesController.cs Controllers\RollReceivingsController.cs Controllers\SewingProductionsController.cs Controllers\ShadeMatchesController.cs Controllers\SizesController.cs Controllers\StylesController.cs Controllers\StyleYieldsController.cs Controllers\SuppliersController.cs Controllers\TopSamplesController.cs Controllers\TrimsControlsController.cs Data\DesignTimeErpDbContextFactory.cs Data\ErpDbContext.cs Domain\AqlInspection.cs Domain\BaseEntity.cs Domain\BoxType.cs Domain\CatalogValue.cs Domain\Color.cs Domain\Component.cs Domain\Customer.cs Domain\CuttingControl.cs Domain\CuttingPanelQc.cs Domain\CuttingRelease.cs Domain\Fabric.cs Domain\FabricInventory.cs Domain\FabricPO.cs Domain\FabricPOFgpo.cs Domain\FabricReceiving.cs Domain\FabricRequirement.cs Domain\FabricReservation.cs Domain\FabricShipment.cs Domain\Factory.cs Domain\Fgpo.cs Domain\FgpoLine.cs Domain\FourPointInspection.cs Domain\InlineQuality.cs Domain\InternalTest.cs Domain\Lot.cs Domain\MillProduction.cs Domain\MillTest.cs Domain\Permission.cs Domain\PpSample.cs Domain\Price.cs Domain\ProductionReadiness.cs Domain\Role.cs Domain\RolePermission.cs Domain\RollReceiving.cs Domain\SewingProduction.cs Domain\ShadeMatch.cs Domain\Size.cs Domain\Style.cs Domain\StyleYield.cs Domain\Supplier.cs Domain\TopSample.cs Domain\TrimsControl.cs Domain\User\User.cs Dtos\AssignRoleDto.cs Dtos\AuthDto.cs Dtos\BoxTypeDto.cs Dtos\ColorDto.cs Dtos\ComponentDto.cs Dtos\CreateBoxTypeDto.cs Dtos\CreateColorDto.cs Dtos\CreateComponentDto.cs Dtos\CreateCustomerDto.cs Dtos\CreateCuttingControlDto.cs Dtos\CreateCuttingPanelQcDto.cs Dtos\CreateCuttingReleaseDto.cs Dtos\CreateEndlineInspectionDto.cs Dtos\CreateFabricDto.cs Dtos\CreateFabricInventoryDto.cs Dtos\CreateFabricPODto.cs Dtos\CreateFabricReceivingDto.cs Dtos\CreateFabricRequirementDto.cs Dtos\CreateFabricReservationDto.cs Dtos\CreateFabricShipmentDto.cs Dtos\CreateFactoryDto.cs Dtos\CreateFgpoDto.cs Dtos\CreateFgpoLineDto.cs Dtos\CreateFinalInspectionDto.cs Dtos\CreateFourPointDto.cs Dtos\CreateInlineQualityDto.cs Dtos\CreateInternalTestDto.cs Dtos\CreateMillProductionDto.cs Dtos\CreateMillTestDto.cs Dtos\CreatePermissionDto.cs Dtos\CreatePpSampleDto.cs Dtos\CreatePreFinalInspectionDto.cs Dtos\CreatePriceDto.cs Dtos\CreateProductDto.cs Dtos\CreateProductionReadinessDto.cs Dtos\CreateRoleDto.cs Dtos\CreateRollReceivingDto.cs Dtos\CreateSewingProductionDto.cs Dtos\CreateShadeMatchDto.cs Dtos\CreateSizeDto.cs Dtos\CreateStyleDto.cs Dtos\CreateStyleYieldDto.cs Dtos\CreateSupplierDto.cs Dtos\CreateTopSampleDto.cs Dtos\CreateTrimsControlDto.cs Dtos\CustomerDto.cs Dtos\CuttingControlDto.cs Dtos\CuttingPanelQcDto.cs Dtos\CuttingReleaseDto.cs Dtos\EndlineInspectionDto.cs Dtos\FabricDto.cs Dtos\FabricInventoryDto.cs Dtos\FabricPODto.cs Dtos\FabricReceivingDto.cs Dtos\FabricRequirementDto.cs Dtos\FabricReservationDto.cs Dtos\FabricShipmentDto.cs Dtos\FactoryDto.cs Dtos\FgpoDto.cs Dtos\FgpoLineDto.cs Dtos\FinalInspectionDto.cs Dtos\FourPointDto.cs Dtos\InlineQualityDto.cs Dtos\InternalTestDto.cs Dtos\LotDto.cs Dtos\MillProductionDto.cs Dtos\MillTestDto.cs Dtos\PagedResultDto.cs Dtos\PermissionDto.cs Dtos\PpSampleDto.cs Dtos\PreFinalInspectionDto.cs Dtos\PriceDto.cs Dtos\ProductDto.cs Dtos\ProductionReadinessDto.cs Dtos\RoleDto.cs Dtos\RollReceivingDto.cs Dtos\SewingProductionDto.cs Dtos\ShadeMatchDto.cs Dtos\SizeDto.cs Dtos\StyleDto.cs Dtos\StyleYieldDto.cs Dtos\SupplierDto.cs Dtos\TopSampleDto.cs Dtos\TrimsControlDto.cs Dtos\UpdateBoxTypeDto.cs Dtos\UpdateColorDto.cs Dtos\UpdateComponentDto.cs Dtos\UpdateCustomerDto.cs Dtos\UpdateCuttingControlDto.cs Dtos\UpdateCuttingPanelQcDto.cs Dtos\UpdateCuttingReleaseDto.cs Dtos\UpdateEndlineInspectionDto.cs Dtos\UpdateFabricDto.cs Dtos\UpdateFabricInventoryDto.cs Dtos\UpdateFabricPODto.cs Dtos\UpdateFabricReceivingDto.cs Dtos\UpdateFabricRequirementDto.cs Dtos\UpdateFabricReservationDto.cs Dtos\UpdateFabricShipmentDto.cs Dtos\UpdateFactoryDto.cs Dtos\UpdateFgpoDto.cs Dtos\UpdateFgpoLineDto.cs Dtos\UpdateFinalInspectionDto.cs Dtos\UpdateFourPointDto.cs Dtos\UpdateInlineQualityDto.cs Dtos\UpdateInternalTestDto.cs Dtos\UpdateMillProductionDto.cs Dtos\UpdateMillTestDto.cs Dtos\UpdatePpSampleDto.cs Dtos\UpdatePreFinalInspectionDto.cs Dtos\UpdatePriceDto.cs Dtos\UpdateProductDto.cs Dtos\UpdateProductionReadinessDto.cs Dtos\UpdateRoleDto.cs Dtos\UpdateRollReceivingDto.cs Dtos\UpdateSewingProductionDto.cs Dtos\UpdateShadeMatchDto.cs Dtos\UpdateSizeDto.cs Dtos\UpdateStyleDto.cs Dtos\UpdateStyleYieldDto.cs Dtos\UpdateSupplierDto.cs Dtos\UpdateTopSampleDto.cs Dtos\UpdateTrimsControlDto.cs Dtos\User\CreateUserDto.cs Dtos\User\UpdateUserDto.cs Dtos\User\UpdateUserStatusDto.cs Dtos\User\UserDto.cs Helpers\CryptoHelper.cs Interfaces\IBoxTypeService.cs Interfaces\ICatalogService.cs Interfaces\IColorService.cs Interfaces\IComponentService.cs Interfaces\ICustomerService.cs Interfaces\ICuttingControlService.cs Interfaces\ICuttingPanelQcService.cs Interfaces\ICuttingReleaseService.cs Interfaces\IFabricInventoryService.cs Interfaces\IFabricPOService.cs Interfaces\IFabricReceivingService.cs Interfaces\IFabricRequirementService.cs Interfaces\IFabricReservationService.cs Interfaces\IFabricService.cs Interfaces\IFabricShipmentService.cs Interfaces\IFactoryService.cs Interfaces\IFgpoLineService.cs Interfaces\IFgpoService.cs Interfaces\IFourPointService.cs Interfaces\IInlineQualityService.cs Interfaces\IInternalTestService.cs Interfaces\IMillProductionService.cs Interfaces\IMillTestService.cs Interfaces\IPermissionService.cs Interfaces\IPpSampleService.cs Interfaces\IPriceService.cs Interfaces\IProductionReadinessService.cs Interfaces\IRepository.cs Interfaces\IRoleService.cs Interfaces\IRollReceivingService.cs Interfaces\ISewingProductionService.cs Interfaces\IShadeMatchService.cs Interfaces\ISizeService.cs Interfaces\IStyleService.cs Interfaces\IStyleYieldService.cs Interfaces\ISupplierService.cs Interfaces\ITopSampleService.cs Interfaces\ITrimsControlService.cs Interfaces\IUserService.cs Migrations\20260730204321_InitialCreate.cs Migrations\20260730204321_InitialCreate.Designer.cs Migrations\20260730221504_TableUser.cs Migrations\20260730221504_TableUser.Designer.cs Migrations\20260731144917_UpdateUserTable.cs Migrations\20260731144917_UpdateUserTable.Designer.cs Migrations\20260731221143_AddRolesAndPermissions.cs Migrations\20260731221143_AddRolesAndPermissions.Designer.cs Migrations\20260802002213_AddMustChangePasswordToUser.cs Migrations\20260802002213_AddMustChangePasswordToUser.Designer.cs Migrations\20260803155118_AddFgpoTable.cs Migrations\20260803155118_AddFgpoTable.Designer.cs Migrations\20260803173344_AddCustomersAndFactories.cs Migrations\20260803173344_AddCustomersAndFactories.Designer.cs Migrations\20260803195928_AddFabricRequirementTable.cs Migrations\20260803195928_AddFabricRequirementTable.Designer.cs Migrations\20260803204448_FgpoMasterSpecUpdate.cs Migrations\20260803204448_FgpoMasterSpecUpdate.Designer.cs Migrations\20260803221341_AddFabricPO.cs Migrations\20260803221341_AddFabricPO.Designer.cs Migrations\20260803225707_AddFabricPOFgpoAllocatedQuantity.cs Migrations\20260803225707_AddFabricPOFgpoAllocatedQuantity.Designer.cs Migrations\20260804134823_FabricPOFgpoEntityRefactor.cs Migrations\20260804134823_FabricPOFgpoEntityRefactor.Designer.cs Migrations\20260804162549_AddMillProductionAndMillTest.cs Migrations\20260804162549_AddMillProductionAndMillTest.Designer.cs Migrations\20260804185049_AddFabricShipment.cs Migrations\20260804185049_AddFabricShipment.Designer.cs Migrations\20260804200421_AddLotAndCatalogsAndAudit.cs Migrations\20260804200421_AddLotAndCatalogsAndAudit.Designer.cs Migrations\20260805153958_AddFabricReceiving.cs Migrations\20260805153958_AddFabricReceiving.Designer.cs Migrations\20260805154209_AddReceivingStatusCatalog.cs Migrations\20260805154209_AddReceivingStatusCatalog.Designer.cs Migrations\20260805154414_AddRollReceiving.cs Migrations\20260805154414_AddRollReceiving.Designer.cs Migrations\20260805185054_AddFourPointAndInternalTest.cs Migrations\20260805185054_AddFourPointAndInternalTest.Designer.cs Migrations\20260805200018_AddShadeMatchAndInlineQuality.cs Migrations\20260805200018_AddShadeMatchAndInlineQuality.Designer.cs Migrations\20260805212111_MakeInlineQualityResultComputed.cs Migrations\20260805212111_MakeInlineQualityResultComputed.Designer.cs Migrations\20260805214904_FixInlineQualityResultRule.cs Migrations\20260805214904_FixInlineQualityResultRule.Designer.cs Migrations\20260806133225_AddSupplier.cs Migrations\20260806133225_AddSupplier.Designer.cs Migrations\20260806140611_AddEndlineAndPreFinalInspections.cs Migrations\20260806140611_AddEndlineAndPreFinalInspections.Designer.cs Migrations\20260806145719_AddFinalAndPpSamples.cs Migrations\20260806145719_AddFinalAndPpSamples.Designer.cs Migrations\20260806165038_AddTopSample.cs Migrations\20260806165038_AddTopSample.Designer.cs Migrations\20260806184519_AddProductionReadinessAndCuttingRelease.cs Migrations\20260806184519_AddProductionReadinessAndCuttingRelease.Designer.cs Migrations\20260806195408_AddCuttingControlAndPanelQc.cs Migrations\20260806195408_AddCuttingControlAndPanelQc.Designer.cs Migrations\20260807135417_AddMasterDataTables.cs Migrations\20260807135417_AddMasterDataTables.Designer.cs Migrations\20260811140358_AddTrimsControlAndSewingProduction.cs Migrations\20260811140358_AddTrimsControlAndSewingProduction.Designer.cs Migrations\20260811210046_AddTrimsSupplierRelation.cs Migrations\20260811210046_AddTrimsSupplierRelation.Designer.cs Migrations\20260811213232_AddSewingSizeAndSupervisorRelation.cs Migrations\20260811213232_AddSewingSizeAndSupervisorRelation.Designer.cs Migrations\20260811225021_AddFabricInventoryAndReservation.cs Migrations\20260811225021_AddFabricInventoryAndReservation.Designer.cs Migrations\ErpDbContextModelSnapshot.cs Program.cs Repositories\Repository.cs Services\BoxTypeService.cs Services\CatalogService.cs Services\ColorService.cs Services\ComponentService.cs Services\CustomerService.cs Services\CuttingControlService.cs Services\CuttingPanelQcService.cs Services\CuttingReleaseService.cs Services\FabricInventoryService.cs Services\FabricPOService.cs Services\FabricReceivingService.cs Services\FabricRequirementService.cs Services\FabricReservationService.cs Services\FabricService.cs Services\FabricShipmentService.cs Services\FactoryService.cs Services\FgpoLineService.cs Services\FgpoService.cs Services\FourPointService.cs Services\InlineQualityService.cs Services\InternalTestService.cs Services\MillProductionService.cs Services\MillTestService.cs Services\PermissionService.cs Services\PpSampleService.cs Services\PriceService.cs Services\ProductionReadinessService.cs Services\RoleService.cs Services\RollReceivingService.cs Services\SewingProductionService.cs Services\ShadeMatchService.cs Services\SizeService.cs Services\StyleService.cs Services\StyleYieldService.cs Services\SupplierService.cs Services\TopSampleService.cs Services\TrimsControlService.cs Services\UserService.cs obj\Debug\net9.0\ERP.Api.GlobalUsings.g.cs "obj\Debug\net9.0\.NETCoreApp,Version=v9.0.AssemblyAttributes.cs" obj\Debug\net9.0\ERP.Api.AssemblyInfo.cs obj\Debug\net9.0\ERP.Api.MvcApplicationPartsAssemblyInfo.cs /warnaserror+:NU1605,SYSLIB0011
         Compilation request ERP.Api (net9.0), PathToTool=C:\Program Files\dotnet\sdk\10.0.302\Roslyn\bincore\csc.exe
         CommandLine = ' /noconfig'
         BuildResponseFile = '/unsafe- /checked- /nowarn:1701,1702,1701,1702,8002 /fullpaths /nostdlib+ /errorreport:prompt /warn:9 /define:TRACE;DEBUG;NET;NET9_0;NETCOREAPP;NET5_0_OR_GREATER;NET6_0_OR_GREATER;NET7_0_OR_GREATER;NET8_0_OR_GREATER;NET9_0_OR_GREATER;NETCOREAPP1_0_OR_GREATER;NETCOREAPP1_1_OR_GREATER;NETCOREAPP2_0_OR_GREATER;NETCOREAPP2_1_OR_GREATER;NETCOREAPP2_2_OR_GREATER;NETCOREAPP3_0_OR_GREATER;NETCOREAPP3_1_OR_GREATER /highentropyva+ /nullable:enable /reference:C:\Users\rm619\.nuget\packages\azure.core\1.38.0\lib\net6.0\Azure.Core.dll /reference:C:\Users\rm619\.nuget\packages\azure.identity\1.11.4\lib\netstandard2.0\Azure.Identity.dll /reference:C:\Users\rm619\.nuget\packages\bcrypt.net-next\4.2.0\lib\netstandard2.1\BCrypt-Net-Next.dll /reference:C:\Users\rm619\.nuget\packages\microsoft.aspnetcore.app.ref\9.0.18\ref\net9.0\Microsoft.AspNetCore.Antiforgery.dll /reference:C:\Users\rm619\.nuget\packages\microsoft.aspnetcore.app.ref\9.0.18\ref\net9.0\Microsoft.AspNetCore.Authentication.Abstractions.dll /reference:C:\Users\rm619\.nuget\packages\microsoft.aspnetcore.app.ref\9.0.18\ref\net9.0\Microsoft.AspNetCore.Authentication.BearerToken.dll /reference:C:\Users\rm619\.nuget\packages\microsoft.aspnetcore.app.ref\9.0.18\ref\net9.0\Microsoft.AspNetCore.Authentication.Cookies.dll /reference:C:\Users\rm619\.nuget\packages\microsoft.aspnetcore.app.ref\9.0.18\ref\net9.0\Microsoft.AspNetCore.Authentication.Core.dll /reference:C:\Users\rm619\.nuget\packages\microsoft.aspnetcore.app.ref\9.0.18\ref\net9.0\Microsoft.AspNetCore.Authentication.dll /reference:C:\Users\rm619\.nuget\packages\microsoft.aspnetcore.authentication.jwtbearer\9.0.19\lib\net9.0\Microsoft.AspNetCore.Authentication.JwtBearer.dll /reference:C:\Users\rm619\.nuget\packages\microsoft.aspnetcore.app.ref\9.0.18\ref\net9.0\Microsoft.AspNetCore.Authentication.OAuth.dll /reference:C:\Users\rm619\.nuget\packages\microsoft.aspnetcore.app.ref\9.0.18\ref\net9.0\Microsoft.AspNetCore.Authorization.dll /reference:C:\Users\rm619\.nuget\packages\microsoft.aspnetcore.app.ref\9.0.18\ref\net9.0\Microsoft.AspNetCore.Authorization.Policy.dll /reference:C:\Users\rm619\.nuget\packages\microsoft.aspnetcore.app.ref\9.0.18\ref\net9.0\Microsoft.AspNetCore.Components.Authorization.dll /reference:C:\Users\rm619\.nuget\packages\microsoft.aspnetcore.app.ref\9.0.18\ref\net9.0\Microsoft.AspNetCore.Components.dll /reference:C:\Users\rm619\.nuget\packages\microsoft.aspnetcore.app.ref\9.0.18\ref\net9.0\Microsoft.AspNetCore.Components.Endpoints.dll /reference:C:\Users\rm619\.nuget\packages\microsoft.aspnetcore.app.ref\9.0.18\ref\net9.0\Microsoft.AspNetCore.Components.Forms.dll /reference:C:\Users\rm619\.nuget\packages\microsoft.aspnetcore.app.ref\9.0.18\ref\net9.0\Microsoft.AspNetCore.Components.Server.dll /reference:C:\Users\rm619\.nuget\packages\microsoft.aspnetcore.app.ref\9.0.18\ref\net9.0\Microsoft.AspNetCore.Components.Web.dll /reference:C:\Users\rm619\.nuget\packages\microsoft.aspnetcore.app.ref\9.0.18\ref\net9.0\Microsoft.AspNetCore.Connections.Abstractions.dll /reference:C:\Users\rm619\.nuget\packages\microsoft.aspnetcore.app.ref\9.0.18\ref\net9.0\Microsoft.AspNetCore.CookiePolicy.dll /reference:C:\Users\rm619\.nuget\packages\microsoft.aspnetcore.app.ref\9.0.18\ref\net9.0\Microsoft.AspNetCore.Cors.dll /reference:C:\Users\rm619\.nuget\packages\microsoft.aspnetcore.app.ref\9.0.18\ref\net9.0\Microsoft.AspNetCore.Cryptography.Internal.dll /reference:C:\Users\rm619\.nuget\packages\microsoft.aspnetcore.app.ref\9.0.18\ref\net9.0\Microsoft.AspNetCore.Cryptography.KeyDerivation.dll /reference:C:\Users\rm619\.nuget\packages\microsoft.aspnetcore.app.ref\9.0.18\ref\net9.0\Microsoft.AspNetCore.DataProtection.Abstractions.dll /reference:C:\Users\rm619\.nuget\packages\microsoft.aspnetcore.app.ref\9.0.18\ref\net9.0\Microsoft.AspNetCore.DataProtection.dll /reference:C:\Users\rm619\.nuget\packages\microsoft.aspnetcore.app.ref\9.0.18\ref\net9.0\Microsoft.AspNetCore.DataProtection.Extensions.dll /reference:C:\Users\rm619\.nuget\packages\microsoft.aspnetcore.app.ref\9.0.18\ref\net9.0\Microsoft.AspNetCore.Diagnostics.Abstractions.dll /reference:C:\Users\rm619\.nuget\packages\microsoft.aspnetcore.app.ref\9.0.18\ref\net9.0\Microsoft.AspNetCore.Diagnostics.dll /reference:C:\Users\rm619\.nuget\packages\microsoft.aspnetcore.app.ref\9.0.18\ref\net9.0\Microsoft.AspNetCore.Diagnostics.HealthChecks.dll /reference:C:\Users\rm619\.nuget\packages\microsoft.aspnetcore.app.ref\9.0.18\ref\net9.0\Microsoft.AspNetCore.dll /reference:C:\Users\rm619\.nuget\packages\microsoft.aspnetcore.app.ref\9.0.18\ref\net9.0\Microsoft.AspNetCore.HostFiltering.dll /reference:C:\Users\rm619\.nuget\packages\microsoft.aspnetcore.app.ref\9.0.18\ref\net9.0\Microsoft.AspNetCore.Hosting.Abstractions.dll /reference:C:\Users\rm619\.nuget\packages\microsoft.aspnetcore.app.ref\9.0.18\ref\net9.0\Microsoft.AspNetCore.Hosting.dll /reference:C:\Users\rm619\.nuget\packages\microsoft.aspnetcore.app.ref\9.0.18\ref\net9.0\Microsoft.AspNetCore.Hosting.Server.Abstractions.dll /reference:C:\Users\rm619\.nuget\packages\microsoft.aspnetcore.app.ref\9.0.18\ref\net9.0\Microsoft.AspNetCore.Html.Abstractions.dll /reference:C:\Users\rm619\.nuget\packages\microsoft.aspnetcore.app.ref\9.0.18\ref\net9.0\Microsoft.AspNetCore.Http.Abstractions.dll /reference:C:\Users\rm619\.nuget\packages\microsoft.aspnetcore.app.ref\9.0.18\ref\net9.0\Microsoft.AspNetCore.Http.Connections.Common.dll /reference:C:\Users\rm619\.nuget\packages\microsoft.aspnetcore.app.ref\9.0.18\ref\net9.0\Microsoft.AspNetCore.Http.Connections.dll /reference:C:\Users\rm619\.nuget\packages\microsoft.aspnetcore.app.ref\9.0.18\ref\net9.0\Microsoft.AspNetCore.Http.dll /reference:C:\Users\rm619\.nuget\packages\microsoft.aspnetcore.app.ref\9.0.18\ref\net9.0\Microsoft.AspNetCore.Http.Extensions.dll /reference:C:\Users\rm619\.nuget\packages\microsoft.aspnetcore.app.ref\9.0.18\ref\net9.0\Microsoft.AspNetCore.Http.Features.dll /reference:C:\Users\rm619\.nuget\packages\microsoft.aspnetcore.app.ref\9.0.18\ref\net9.0\Microsoft.AspNetCore.Http.Results.dll /reference:C:\Users\rm619\.nuget\packages\microsoft.aspnetcore.app.ref\9.0.18\ref\net9.0\Microsoft.AspNetCore.HttpLogging.dll /reference:C:\Users\rm619\.nuget\packages\microsoft.aspnetcore.app.ref\9.0.18\ref\net9.0\Microsoft.AspNetCore.HttpOverrides.dll /reference:C:\Users\rm619\.nuget\packages\microsoft.aspnetcore.app.ref\9.0.18\ref\net9.0\Microsoft.AspNetCore.HttpsPolicy.dll /reference:C:\Users\rm619\.nuget\packages\microsoft.aspnetcore.app.ref\9.0.18\ref\net9.0\Microsoft.AspNetCore.Identity.dll /reference:C:\Users\rm619\.nuget\packages\microsoft.aspnetcore.app.ref\9.0.18\ref\net9.0\Microsoft.AspNetCore.Localization.dll /reference:C:\Users\rm619\.nuget\packages\microsoft.aspnetcore.app.ref\9.0.18\ref\net9.0\Microsoft.AspNetCore.Localization.Routing.dll /reference:C:\Users\rm619\.nuget\packages\microsoft.aspnetcore.app.ref\9.0.18\ref\net9.0\Microsoft.AspNetCore.Metadata.dll /reference:C:\Users\rm619\.nuget\packages\microsoft.aspnetcore.app.ref\9.0.18\ref\net9.0\Microsoft.AspNetCore.Mvc.Abstractions.dll /reference:C:\Users\rm619\.nuget\packages\microsoft.aspnetcore.app.ref\9.0.18\ref\net9.0\Microsoft.AspNetCore.Mvc.ApiExplorer.dll /reference:C:\Users\rm619\.nuget\packages\microsoft.aspnetcore.app.ref\9.0.18\ref\net9.0\Microsoft.AspNetCore.Mvc.Core.dll /reference:C:\Users\rm619\.nuget\packages\microsoft.aspnetcore.app.ref\9.0.18\ref\net9.0\Microsoft.AspNetCore.Mvc.Cors.dll /reference:C:\Users\rm619\.nuget\packages\microsoft.aspnetcore.app.ref\9.0.18\ref\net9.0\Microsoft.AspNetCore.Mvc.DataAnnotations.dll /reference:C:\Users\rm619\.nuget\packages\microsoft.aspnetcore.app.ref\9.0.18\ref\net9.0\Microsoft.AspNetCore.Mvc.dll /reference:C:\Users\rm619\.nuget\packages\microsoft.aspnetcore.app.ref\9.0.18\ref\net9.0\Microsoft.AspNetCore.Mvc.Formatters.Json.dll /reference:C:\Users\rm619\.nuget\packages\microsoft.aspnetcore.app.ref\9.0.18\ref\net9.0\Microsoft.AspNetCore.Mvc.Formatters.Xml.dll /reference:C:\Users\rm619\.nuget\packages\microsoft.aspnetcore.app.ref\9.0.18\ref\net9.0\Microsoft.AspNetCore.Mvc.Localization.dll /reference:C:\Users\rm619\.nuget\packages\microsoft.aspnetcore.app.ref\9.0.18\ref\net9.0\Microsoft.AspNetCore.Mvc.Razor.dll /reference:C:\Users\rm619\.nuget\packages\microsoft.aspnetcore.app.ref\9.0.18\ref\net9.0\Microsoft.AspNetCore.Mvc.RazorPages.dll /reference:C:\Users\rm619\.nuget\packages\microsoft.aspnetcore.app.ref\9.0.18\ref\net9.0\Microsoft.AspNetCore.Mvc.TagHelpers.dll /reference:C:\Users\rm619\.nuget\packages\microsoft.aspnetcore.app.ref\9.0.18\ref\net9.0\Microsoft.AspNetCore.Mvc.ViewFeatures.dll /reference:C:\Users\rm619\.nuget\packages\microsoft.aspnetcore.app.ref\9.0.18\ref\net9.0\Microsoft.AspNetCore.OutputCaching.dll /reference:C:\Users\rm619\.nuget\packages\microsoft.aspnetcore.app.ref\9.0.18\ref\net9.0\Microsoft.AspNetCore.RateLimiting.dll /reference:C:\Users\rm619\.nuget\packages\microsoft.aspnetcore.app.ref\9.0.18\ref\net9.0\Microsoft.AspNetCore.Razor.dll /reference:C:\Users\rm619\.nuget\packages\microsoft.aspnetcore.app.ref\9.0.18\ref\net9.0\Microsoft.AspNetCore.Razor.Runtime.dll /reference:C:\Users\rm619\.nuget\packages\microsoft.aspnetcore.app.ref\9.0.18\ref\net9.0\Microsoft.AspNetCore.RequestDecompression.dll /reference:C:\Users\rm619\.nuget\packages\microsoft.aspnetcore.app.ref\9.0.18\ref\net9.0\Microsoft.AspNetCore.ResponseCaching.Abstractions.dll /reference:C:\Users\rm619\.nuget\packages\microsoft.aspnetcore.app.ref\9.0.18\ref\net9.0\Microsoft.AspNetCore.ResponseCaching.dll /reference:C:\Users\rm619\.nuget\packages\microsoft.aspnetcore.app.ref\9.0.18\ref\net9.0\Microsoft.AspNetCore.ResponseCompression.dll /reference:C:\Users\rm619\.nuget\packages\microsoft.aspnetcore.app.ref\9.0.18\ref\net9.0\Microsoft.AspNetCore.Rewrite.dll /reference:C:\Users\rm619\.nuget\packages\microsoft.aspnetcore.app.ref\9.0.18\ref\net9.0\Microsoft.AspNetCore.Routing.Abstractions.dll /reference:C:\Users\rm619\.nuget\packages\microsoft.aspnetcore.app.ref\9.0.18\ref\net9.0\Microsoft.AspNetCore.Routing.dll /reference:C:\Users\rm619\.nuget\packages\microsoft.aspnetcore.app.ref\9.0.18\ref\net9.0\Microsoft.AspNetCore.Server.HttpSys.dll /reference:C:\Users\rm619\.nuget\packages\microsoft.aspnetcore.app.ref\9.0.18\ref\net9.0\Microsoft.AspNetCore.Server.IIS.dll /reference:C:\Users\rm619\.nuget\packages\microsoft.aspnetcore.app.ref\9.0.18\ref\net9.0\Microsoft.AspNetCore.Server.IISIntegration.dll /reference:C:\Users\rm619\.nuget\packages\microsoft.aspnetcore.app.ref\9.0.18\ref\net9.0\Microsoft.AspNetCore.Server.Kestrel.Core.dll /reference:C:\Users\rm619\.nuget\packages\microsoft.aspnetcore.app.ref\9.0.18\ref\net9.0\Microsoft.AspNetCore.Server.Kestrel.dll /reference:C:\Users\rm619\.nuget\packages\microsoft.aspnetcore.app.ref\9.0.18\ref\net9.0\Microsoft.AspNetCore.Server.Kestrel.Transport.NamedPipes.dll /reference:C:\Users\rm619\.nuget\packages\microsoft.aspnetcore.app.ref\9.0.18\ref\net9.0\Microsoft.AspNetCore.Server.Kestrel.Transport.Quic.dll /reference:C:\Users\rm619\.nuget\packages\microsoft.aspnetcore.app.ref\9.0.18\ref\net9.0\Microsoft.AspNetCore.Server.Kestrel.Transport.Sockets.dll /reference:C:\Users\rm619\.nuget\packages\microsoft.aspnetcore.app.ref\9.0.18\ref\net9.0\Microsoft.AspNetCore.Session.dll /reference:C:\Users\rm619\.nuget\packages\microsoft.aspnetcore.app.ref\9.0.18\ref\net9.0\Microsoft.AspNetCore.SignalR.Common.dll /reference:C:\Users\rm619\.nuget\packages\microsoft.aspnetcore.app.ref\9.0.18\ref\net9.0\Microsoft.AspNetCore.SignalR.Core.dll /reference:C:\Users\rm619\.nuget\packages\microsoft.aspnetcore.app.ref\9.0.18\ref\net9.0\Microsoft.AspNetCore.SignalR.dll /reference:C:\Users\rm619\.nuget\packages\microsoft.aspnetcore.app.ref\9.0.18\ref\net9.0\Microsoft.AspNetCore.SignalR.Protocols.Json.dll /reference:C:\Users\rm619\.nuget\packages\microsoft.aspnetcore.app.ref\9.0.18\ref\net9.0\Microsoft.AspNetCore.StaticAssets.dll /reference:C:\Users\rm619\.nuget\packages\microsoft.aspnetcore.app.ref\9.0.18\ref\net9.0\Microsoft.AspNetCore.StaticFiles.dll /reference:C:\Users\rm619\.nuget\packages\microsoft.aspnetcore.app.ref\9.0.18\ref\net9.0\Microsoft.AspNetCore.WebSockets.dll /reference:C:\Users\rm619\.nuget\packages\microsoft.aspnetcore.app.ref\9.0.18\ref\net9.0\Microsoft.AspNetCore.WebUtilities.dll /reference:C:\Users\rm619\.nuget\packages\microsoft.bcl.asyncinterfaces\7.0.0\lib\netstandard2.1\Microsoft.Bcl.AsyncInterfaces.dll /reference:C:\Users\rm619\.nuget\packages\microsoft.bcl.cryptography\10.0.2\lib\net9.0\Microsoft.Bcl.Cryptography.dll /reference:C:\Users\rm619\.nuget\packages\microsoft.netcore.app.ref\9.0.18\ref\net9.0\Microsoft.CSharp.dll /reference:C:\Users\rm619\.nuget\packages\microsoft.data.sqlclient\5.1.6\ref\net6.0\Microsoft.Data.SqlClient.dll /reference:C:\Users\rm619\.nuget\packages\microsoft.entityframeworkcore.abstractions\9.0.10\lib\net8.0\Microsoft.EntityFrameworkCore.Abstractions.dll /reference:C:\Users\rm619\.nuget\packages\microsoft.entityframeworkcore\9.0.10\lib\net8.0\Microsoft.EntityFrameworkCore.dll /reference:C:\Users\rm619\.nuget\packages\microsoft.entityframeworkcore.relational\9.0.10\lib\net8.0\Microsoft.EntityFrameworkCore.Relational.dll /reference:C:\Users\rm619\.nuget\packages\microsoft.entityframeworkcore.sqlserver\9.0.10\lib\net8.0\Microsoft.EntityFrameworkCore.SqlServer.dll /reference:C:\Users\rm619\.nuget\packages\microsoft.aspnetcore.app.ref\9.0.18\ref\net9.0\Microsoft.Extensions.Caching.Abstractions.dll /reference:C:\Users\rm619\.nuget\packages\microsoft.aspnetcore.app.ref\9.0.18\ref\net9.0\Microsoft.Extensions.Caching.Memory.dll /reference:C:\Users\rm619\.nuget\packages\microsoft.aspnetcore.app.ref\9.0.18\ref\net9.0\Microsoft.Extensions.Configuration.Abstractions.dll /reference:C:\Users\rm619\.nuget\packages\microsoft.aspnetcore.app.ref\9.0.18\ref\net9.0\Microsoft.Extensions.Configuration.Binder.dll /reference:C:\Users\rm619\.nuget\packages\microsoft.aspnetcore.app.ref\9.0.18\ref\net9.0\Microsoft.Extensions.Configuration.CommandLine.dll /reference:C:\Users\rm619\.nuget\packages\microsoft.aspnetcore.app.ref\9.0.18\ref\net9.0\Microsoft.Extensions.Configuration.dll /reference:C:\Users\rm619\.nuget\packages\microsoft.aspnetcore.app.ref\9.0.18\ref\net9.0\Microsoft.Extensions.Configuration.EnvironmentVariables.dll /reference:C:\Users\rm619\.nuget\packages\microsoft.aspnetcore.app.ref\9.0.18\ref\net9.0\Microsoft.Extensions.Configuration.FileExtensions.dll /reference:C:\Users\rm619\.nuget\packages\microsoft.aspnetcore.app.ref\9.0.18\ref\net9.0\Microsoft.Extensions.Configuration.Ini.dll /reference:C:\Users\rm619\.nuget\packages\microsoft.aspnetcore.app.ref\9.0.18\ref\net9.0\Microsoft.Extensions.Configuration.Json.dll /reference:C:\Users\rm619\.nuget\packages\microsoft.aspnetcore.app.ref\9.0.18\ref\net9.0\Microsoft.Extensions.Configuration.KeyPerFile.dll /reference:C:\Users\rm619\.nuget\packages\microsoft.aspnetcore.app.ref\9.0.18\ref\net9.0\Microsoft.Extensions.Configuration.UserSecrets.dll /reference:C:\Users\rm619\.nuget\packages\microsoft.aspnetcore.app.ref\9.0.18\ref\net9.0\Microsoft.Extensions.Configuration.Xml.dll /reference:C:\Users\rm619\.nuget\packages\microsoft.aspnetcore.app.ref\9.0.18\ref\net9.0\Microsoft.Extensions.DependencyInjection.Abstractions.dll /reference:C:\Users\rm619\.nuget\packages\microsoft.aspnetcore.app.ref\9.0.18\ref\net9.0\Microsoft.Extensions.DependencyInjection.dll /reference:C:\Users\rm619\.nuget\packages\microsoft.aspnetcore.app.ref\9.0.18\ref\net9.0\Microsoft.Extensions.Diagnostics.Abstractions.dll /reference:C:\Users\rm619\.nuget\packages\microsoft.aspnetcore.app.ref\9.0.18\ref\net9.0\Microsoft.Extensions.Diagnostics.dll /reference:C:\Users\rm619\.nuget\packages\microsoft.aspnetcore.app.ref\9.0.18\ref\net9.0\Microsoft.Extensions.Diagnostics.HealthChecks.Abstractions.dll /reference:C:\Users\rm619\.nuget\packages\microsoft.aspnetcore.app.ref\9.0.18\ref\net9.0\Microsoft.Extensions.Diagnostics.HealthChecks.dll /reference:C:\Users\rm619\.nuget\packages\microsoft.aspnetcore.app.ref\9.0.18\ref\net9.0\Microsoft.Extensions.Features.dll /reference:C:\Users\rm619\.nuget\packages\microsoft.aspnetcore.app.ref\9.0.18\ref\net9.0\Microsoft.Extensions.FileProviders.Abstractions.dll /reference:C:\Users\rm619\.nuget\packages\microsoft.aspnetcore.app.ref\9.0.18\ref\net9.0\Microsoft.Extensions.FileProviders.Composite.dll /reference:C:\Users\rm619\.nuget\packages\microsoft.aspnetcore.app.ref\9.0.18\ref\net9.0\Microsoft.Extensions.FileProviders.Embedded.dll /reference:C:\Users\rm619\.nuget\packages\microsoft.aspnetcore.app.ref\9.0.18\ref\net9.0\Microsoft.Extensions.FileProviders.Physical.dll /reference:C:\Users\rm619\.nuget\packages\microsoft.aspnetcore.app.ref\9.0.18\ref\net9.0\Microsoft.Extensions.FileSystemGlobbing.dll /reference:C:\Users\rm619\.nuget\packages\microsoft.aspnetcore.app.ref\9.0.18\ref\net9.0\Microsoft.Extensions.Hosting.Abstractions.dll /reference:C:\Users\rm619\.nuget\packages\microsoft.aspnetcore.app.ref\9.0.18\ref\net9.0\Microsoft.Extensions.Hosting.dll /reference:C:\Users\rm619\.nuget\packages\microsoft.aspnetcore.app.ref\9.0.18\ref\net9.0\Microsoft.Extensions.Http.dll /reference:C:\Users\rm619\.nuget\packages\microsoft.aspnetcore.app.ref\9.0.18\ref\net9.0\Microsoft.Extensions.Identity.Core.dll /reference:C:\Users\rm619\.nuget\packages\microsoft.aspnetcore.app.ref\9.0.18\ref\net9.0\Microsoft.Extensions.Identity.Stores.dll /reference:C:\Users\rm619\.nuget\packages\microsoft.aspnetcore.app.ref\9.0.18\ref\net9.0\Microsoft.Extensions.Localization.Abstractions.dll /reference:C:\Users\rm619\.nuget\packages\microsoft.aspnetcore.app.ref\9.0.18\ref\net9.0\Microsoft.Extensions.Localization.dll /reference:C:\Users\rm619\.nuget\packages\microsoft.aspnetcore.app.ref\9.0.18\ref\net9.0\Microsoft.Extensions.Logging.Abstractions.dll /reference:C:\Users\rm619\.nuget\packages\microsoft.aspnetcore.app.ref\9.0.18\ref\net9.0\Microsoft.Extensions.Logging.Configuration.dll /reference:C:\Users\rm619\.nuget\packages\microsoft.aspnetcore.app.ref\9.0.18\ref\net9.0\Microsoft.Extensions.Logging.Console.dll /reference:C:\Users\rm619\.nuget\packages\microsoft.aspnetcore.app.ref\9.0.18\ref\net9.0\Microsoft.Extensions.Logging.Debug.dll /reference:C:\Users\rm619\.nuget\packages\microsoft.aspnetcore.app.ref\9.0.18\ref\net9.0\Microsoft.Extensions.Logging.dll /reference:C:\Users\rm619\.nuget\packages\microsoft.aspnetcore.app.ref\9.0.18\ref\net9.0\Microsoft.Extensions.Logging.EventLog.dll /reference:C:\Users\rm619\.nuget\packages\microsoft.aspnetcore.app.ref\9.0.18\ref\net9.0\Microsoft.Extensions.Logging.EventSource.dll /reference:C:\Users\rm619\.nuget\packages\microsoft.aspnetcore.app.ref\9.0.18\ref\net9.0\Microsoft.Extensions.Logging.TraceSource.dll /reference:C:\Users\rm619\.nuget\packages\microsoft.aspnetcore.app.ref\9.0.18\ref\net9.0\Microsoft.Extensions.ObjectPool.dll /reference:C:\Users\rm619\.nuget\packages\microsoft.aspnetcore.app.ref\9.0.18\ref\net9.0\Microsoft.Extensions.Options.ConfigurationExtensions.dll /reference:C:\Users\rm619\.nuget\packages\microsoft.aspnetcore.app.ref\9.0.18\ref\net9.0\Microsoft.Extensions.Options.DataAnnotations.dll /reference:C:\Users\rm619\.nuget\packages\microsoft.aspnetcore.app.ref\9.0.18\ref\net9.0\Microsoft.Extensions.Options.dll /reference:C:\Users\rm619\.nuget\packages\microsoft.aspnetcore.app.ref\9.0.18\ref\net9.0\Microsoft.Extensions.Primitives.dll /reference:C:\Users\rm619\.nuget\packages\microsoft.aspnetcore.app.ref\9.0.18\ref\net9.0\Microsoft.Extensions.WebEncoders.dll /reference:C:\Users\rm619\.nuget\packages\microsoft.identity.client\4.61.3\lib\net6.0\Microsoft.Identity.Client.dll /reference:C:\Users\rm619\.nuget\packages\microsoft.identity.client.extensions.msal\4.61.3\lib\net6.0\Microsoft.Identity.Client.Extensions.Msal.dll /reference:C:\Users\rm619\.nuget\packages\microsoft.identitymodel.abstractions\8.19.2\lib\net9.0\Microsoft.IdentityModel.Abstractions.dll /reference:C:\Users\rm619\.nuget\packages\microsoft.identitymodel.jsonwebtokens\8.19.2\lib\net9.0\Microsoft.IdentityModel.JsonWebTokens.dll /reference:C:\Users\rm619\.nuget\packages\microsoft.identitymodel.logging\8.19.2\lib\net9.0\Microsoft.IdentityModel.Logging.dll /reference:C:\Users\rm619\.nuget\packages\microsoft.identitymodel.protocols\8.19.2\lib\net9.0\Microsoft.IdentityModel.Protocols.dll /reference:C:\Users\rm619\.nuget\packages\microsoft.identitymodel.protocols.openidconnect\8.19.2\lib\net9.0\Microsoft.IdentityModel.Protocols.OpenIdConnect.dll /reference:C:\Users\rm619\.nuget\packages\microsoft.identitymodel.tokens\8.19.2\lib\net9.0\Microsoft.IdentityModel.Tokens.dll /reference:C:\Users\rm619\.nuget\packages\microsoft.aspnetcore.app.ref\9.0.18\ref\net9.0\Microsoft.JSInterop.dll /reference:C:\Users\rm619\.nuget\packages\microsoft.aspnetcore.app.ref\9.0.18\ref\net9.0\Microsoft.Net.Http.Headers.dll /reference:C:\Users\rm619\.nuget\packages\microsoft.openapi\1.6.23\lib\netstandard2.0\Microsoft.OpenApi.dll /reference:C:\Users\rm619\.nuget\packages\microsoft.sqlserver.server\1.0.0\lib\netstandard2.0\Microsoft.SqlServer.Server.dll /reference:C:\Users\rm619\.nuget\packages\microsoft.netcore.app.ref\9.0.18\ref\net9.0\Microsoft.VisualBasic.Core.dll /reference:C:\Users\rm619\.nuget\packages\microsoft.netcore.app.ref\9.0.18\ref\net9.0\Microsoft.VisualBasic.dll /reference:C:\Users\rm619\.nuget\packages\microsoft.netcore.app.ref\9.0.18\ref\net9.0\Microsoft.Win32.Primitives.dll /reference:C:\Users\rm619\.nuget\packages\microsoft.netcore.app.ref\9.0.18\ref\net9.0\Microsoft.Win32.Registry.dll /reference:C:\Users\rm619\.nuget\packages\microsoft.netcore.app.ref\9.0.18\ref\net9.0\mscorlib.dll /reference:C:\Users\rm619\.nuget\packages\microsoft.netcore.app.ref\9.0.18\ref\net9.0\netstandard.dll /reference:C:\Users\rm619\.nuget\packages\swashbuckle.aspnetcore.swagger\8.0.0\lib\net9.0\Swashbuckle.AspNetCore.Swagger.dll /reference:C:\Users\rm619\.nuget\packages\swashbuckle.aspnetcore.swaggergen\8.0.0\lib\net9.0\Swashbuckle.AspNetCore.SwaggerGen.dll /reference:C:\Users\rm619\.nuget\packages\swashbuckle.aspnetcore.swaggerui\8.0.0\lib\net9.0\Swashbuckle.AspNetCore.SwaggerUI.dll /reference:C:\Users\rm619\.nuget\packages\microsoft.netcore.app.ref\9.0.18\ref\net9.0\System.AppContext.dll /reference:C:\Users\rm619\.nuget\packages\microsoft.netcore.app.ref\9.0.18\ref\net9.0\System.Buffers.dll /reference:C:\Users\rm619\.nuget\packages\system.clientmodel\1.0.0\lib\net6.0\System.ClientModel.dll /reference:C:\Users\rm619\.nuget\packages\microsoft.netcore.app.ref\9.0.18\ref\net9.0\System.Collections.Concurrent.dll /reference:C:\Users\rm619\.nuget\packages\microsoft.netcore.app.ref\9.0.18\ref\net9.0\System.Collections.dll /reference:C:\Users\rm619\.nuget\packages\microsoft.netcore.app.ref\9.0.18\ref\net9.0\System.Collections.Immutable.dll /reference:C:\Users\rm619\.nuget\packages\microsoft.netcore.app.ref\9.0.18\ref\net9.0\System.Collections.NonGeneric.dll /reference:C:\Users\rm619\.nuget\packages\microsoft.netcore.app.ref\9.0.18\ref\net9.0\System.Collections.Specialized.dll /reference:C:\Users\rm619\.nuget\packages\microsoft.netcore.app.ref\9.0.18\ref\net9.0\System.ComponentModel.Annotations.dll /reference:C:\Users\rm619\.nuget\packages\microsoft.netcore.app.ref\9.0.18\ref\net9.0\System.ComponentModel.DataAnnotations.dll /reference:C:\Users\rm619\.nuget\packages\microsoft.netcore.app.ref\9.0.18\ref\net9.0\System.ComponentModel.dll /reference:C:\Users\rm619\.nuget\packages\microsoft.netcore.app.ref\9.0.18\ref\net9.0\System.ComponentModel.EventBasedAsync.dll /reference:C:\Users\rm619\.nuget\packages\microsoft.netcore.app.ref\9.0.18\ref\net9.0\System.ComponentModel.Primitives.dll /reference:C:\Users\rm619\.nuget\packages\microsoft.netcore.app.ref\9.0.18\ref\net9.0\System.ComponentModel.TypeConverter.dll /reference:C:\Users\rm619\.nuget\packages\microsoft.netcore.app.ref\9.0.18\ref\net9.0\System.Configuration.dll /reference:C:\Users\rm619\.nuget\packages\microsoft.netcore.app.ref\9.0.18\ref\net9.0\System.Console.dll /reference:C:\Users\rm619\.nuget\packages\microsoft.netcore.app.ref\9.0.18\ref\net9.0\System.Core.dll /reference:C:\Users\rm619\.nuget\packages\microsoft.netcore.app.ref\9.0.18\ref\net9.0\System.Data.Common.dll /reference:C:\Users\rm619\.nuget\packages\microsoft.netcore.app.ref\9.0.18\ref\net9.0\System.Data.DataSetExtensions.dll /reference:C:\Users\rm619\.nuget\packages\microsoft.netcore.app.ref\9.0.18\ref\net9.0\System.Data.dll /reference:C:\Users\rm619\.nuget\packages\microsoft.netcore.app.ref\9.0.18\ref\net9.0\System.Diagnostics.Contracts.dll /reference:C:\Users\rm619\.nuget\packages\microsoft.netcore.app.ref\9.0.18\ref\net9.0\System.Diagnostics.Debug.dll /reference:C:\Users\rm619\.nuget\packages\microsoft.netcore.app.ref\9.0.18\ref\net9.0\System.Diagnostics.DiagnosticSource.dll /reference:C:\Users\rm619\.nuget\packages\microsoft.aspnetcore.app.ref\9.0.18\ref\net9.0\System.Diagnostics.EventLog.dll /reference:C:\Users\rm619\.nuget\packages\microsoft.netcore.app.ref\9.0.18\ref\net9.0\System.Diagnostics.FileVersionInfo.dll /reference:C:\Users\rm619\.nuget\packages\microsoft.netcore.app.ref\9.0.18\ref\net9.0\System.Diagnostics.Process.dll /reference:C:\Users\rm619\.nuget\packages\microsoft.netcore.app.ref\9.0.18\ref\net9.0\System.Diagnostics.StackTrace.dll /reference:C:\Users\rm619\.nuget\packages\microsoft.netcore.app.ref\9.0.18\ref\net9.0\System.Diagnostics.TextWriterTraceListener.dll /reference:C:\Users\rm619\.nuget\packages\microsoft.netcore.app.ref\9.0.18\ref\net9.0\System.Diagnostics.Tools.dll /reference:C:\Users\rm619\.nuget\packages\microsoft.netcore.app.ref\9.0.18\ref\net9.0\System.Diagnostics.TraceSource.dll /reference:C:\Users\rm619\.nuget\packages\microsoft.netcore.app.ref\9.0.18\ref\net9.0\System.Diagnostics.Tracing.dll /reference:C:\Users\rm619\.nuget\packages\microsoft.netcore.app.ref\9.0.18\ref\net9.0\System.dll /reference:C:\Users\rm619\.nuget\packages\microsoft.netcore.app.ref\9.0.18\ref\net9.0\System.Drawing.dll /reference:C:\Users\rm619\.nuget\packages\microsoft.netcore.app.ref\9.0.18\ref\net9.0\System.Drawing.Primitives.dll /reference:C:\Users\rm619\.nuget\packages\microsoft.netcore.app.ref\9.0.18\ref\net9.0\System.Dynamic.Runtime.dll /reference:C:\Users\rm619\.nuget\packages\microsoft.netcore.app.ref\9.0.18\ref\net9.0\System.Formats.Asn1.dll /reference:C:\Users\rm619\.nuget\packages\microsoft.netcore.app.ref\9.0.18\ref\net9.0\System.Formats.Tar.dll /reference:C:\Users\rm619\.nuget\packages\microsoft.netcore.app.ref\9.0.18\ref\net9.0\System.Globalization.Calendars.dll /reference:C:\Users\rm619\.nuget\packages\microsoft.netcore.app.ref\9.0.18\ref\net9.0\System.Globalization.dll /reference:C:\Users\rm619\.nuget\packages\microsoft.netcore.app.ref\9.0.18\ref\net9.0\System.Globalization.Extensions.dll /reference:C:\Users\rm619\.nuget\packages\system.identitymodel.tokens.jwt\8.19.2\lib\net9.0\System.IdentityModel.Tokens.Jwt.dll /reference:C:\Users\rm619\.nuget\packages\microsoft.netcore.app.ref\9.0.18\ref\net9.0\System.IO.Compression.Brotli.dll /reference:C:\Users\rm619\.nuget\packages\microsoft.netcore.app.ref\9.0.18\ref\net9.0\System.IO.Compression.dll /reference:C:\Users\rm619\.nuget\packages\microsoft.netcore.app.ref\9.0.18\ref\net9.0\System.IO.Compression.FileSystem.dll /reference:C:\Users\rm619\.nuget\packages\microsoft.netcore.app.ref\9.0.18\ref\net9.0\System.IO.Compression.ZipFile.dll /reference:C:\Users\rm619\.nuget\packages\microsoft.netcore.app.ref\9.0.18\ref\net9.0\System.IO.dll /reference:C:\Users\rm619\.nuget\packages\microsoft.netcore.app.ref\9.0.18\ref\net9.0\System.IO.FileSystem.AccessControl.dll /reference:C:\Users\rm619\.nuget\packages\microsoft.netcore.app.ref\9.0.18\ref\net9.0\System.IO.FileSystem.dll /reference:C:\Users\rm619\.nuget\packages\microsoft.netcore.app.ref\9.0.18\ref\net9.0\System.IO.FileSystem.DriveInfo.dll /reference:C:\Users\rm619\.nuget\packages\microsoft.netcore.app.ref\9.0.18\ref\net9.0\System.IO.FileSystem.Primitives.dll /reference:C:\Users\rm619\.nuget\packages\microsoft.netcore.app.ref\9.0.18\ref\net9.0\System.IO.FileSystem.Watcher.dll /reference:C:\Users\rm619\.nuget\packages\microsoft.netcore.app.ref\9.0.18\ref\net9.0\System.IO.IsolatedStorage.dll /reference:C:\Users\rm619\.nuget\packages\microsoft.netcore.app.ref\9.0.18\ref\net9.0\System.IO.MemoryMappedFiles.dll /reference:C:\Users\rm619\.nuget\packages\microsoft.netcore.app.ref\9.0.18\ref\net9.0\System.IO.Pipelines.dll /reference:C:\Users\rm619\.nuget\packages\microsoft.netcore.app.ref\9.0.18\ref\net9.0\System.IO.Pipes.AccessControl.dll /reference:C:\Users\rm619\.nuget\packages\microsoft.netcore.app.ref\9.0.18\ref\net9.0\System.IO.Pipes.dll /reference:C:\Users\rm619\.nuget\packages\microsoft.netcore.app.ref\9.0.18\ref\net9.0\System.IO.UnmanagedMemoryStream.dll /reference:C:\Users\rm619\.nuget\packages\microsoft.netcore.app.ref\9.0.18\ref\net9.0\System.Linq.dll /reference:C:\Users\rm619\.nuget\packages\microsoft.netcore.app.ref\9.0.18\ref\net9.0\System.Linq.Expressions.dll /reference:C:\Users\rm619\.nuget\packages\microsoft.netcore.app.ref\9.0.18\ref\net9.0\System.Linq.Parallel.dll /reference:C:\Users\rm619\.nuget\packages\microsoft.netcore.app.ref\9.0.18\ref\net9.0\System.Linq.Queryable.dll /reference:C:\Users\rm619\.nuget\packages\system.memory.data\1.0.2\lib\netstandard2.0\System.Memory.Data.dll /reference:C:\Users\rm619\.nuget\packages\microsoft.netcore.app.ref\9.0.18\ref\net9.0\System.Memory.dll /reference:C:\Users\rm619\.nuget\packages\microsoft.netcore.app.ref\9.0.18\ref\net9.0\System.Net.dll /reference:C:\Users\rm619\.nuget\packages\microsoft.netcore.app.ref\9.0.18\ref\net9.0\System.Net.Http.dll /reference:C:\Users\rm619\.nuget\packages\microsoft.netcore.app.ref\9.0.18\ref\net9.0\System.Net.Http.Json.dll /reference:C:\Users\rm619\.nuget\packages\microsoft.netcore.app.ref\9.0.18\ref\net9.0\System.Net.HttpListener.dll /reference:C:\Users\rm619\.nuget\packages\microsoft.netcore.app.ref\9.0.18\ref\net9.0\System.Net.Mail.dll /reference:C:\Users\rm619\.nuget\packages\microsoft.netcore.app.ref\9.0.18\ref\net9.0\System.Net.NameResolution.dll /reference:C:\Users\rm619\.nuget\packages\microsoft.netcore.app.ref\9.0.18\ref\net9.0\System.Net.NetworkInformation.dll /reference:C:\Users\rm619\.nuget\packages\microsoft.netcore.app.ref\9.0.18\ref\net9.0\System.Net.Ping.dll /reference:C:\Users\rm619\.nuget\packages\microsoft.netcore.app.ref\9.0.18\ref\net9.0\System.Net.Primitives.dll /reference:C:\Users\rm619\.nuget\packages\microsoft.netcore.app.ref\9.0.18\ref\net9.0\System.Net.Quic.dll /reference:C:\Users\rm619\.nuget\packages\microsoft.netcore.app.ref\9.0.18\ref\net9.0\System.Net.Requests.dll /reference:C:\Users\rm619\.nuget\packages\microsoft.netcore.app.ref\9.0.18\ref\net9.0\System.Net.Security.dll /reference:C:\Users\rm619\.nuget\packages\microsoft.netcore.app.ref\9.0.18\ref\net9.0\System.Net.ServicePoint.dll /reference:C:\Users\rm619\.nuget\packages\microsoft.netcore.app.ref\9.0.18\ref\net9.0\System.Net.Sockets.dll /reference:C:\Users\rm619\.nuget\packages\microsoft.netcore.app.ref\9.0.18\ref\net9.0\System.Net.WebClient.dll /reference:C:\Users\rm619\.nuget\packages\microsoft.netcore.app.ref\9.0.18\ref\net9.0\System.Net.WebHeaderCollection.dll /reference:C:\Users\rm619\.nuget\packages\microsoft.netcore.app.ref\9.0.18\ref\net9.0\System.Net.WebProxy.dll /reference:C:\Users\rm619\.nuget\packages\microsoft.netcore.app.ref\9.0.18\ref\net9.0\System.Net.WebSockets.Client.dll /reference:C:\Users\rm619\.nuget\packages\microsoft.netcore.app.ref\9.0.18\ref\net9.0\System.Net.WebSockets.dll /reference:C:\Users\rm619\.nuget\packages\microsoft.netcore.app.ref\9.0.18\ref\net9.0\System.Numerics.dll /reference:C:\Users\rm619\.nuget\packages\microsoft.netcore.app.ref\9.0.18\ref\net9.0\System.Numerics.Vectors.dll /reference:C:\Users\rm619\.nuget\packages\microsoft.netcore.app.ref\9.0.18\ref\net9.0\System.ObjectModel.dll /reference:C:\Users\rm619\.nuget\packages\microsoft.netcore.app.ref\9.0.18\ref\net9.0\System.Reflection.DispatchProxy.dll /reference:C:\Users\rm619\.nuget\packages\microsoft.netcore.app.ref\9.0.18\ref\net9.0\System.Reflection.dll /reference:C:\Users\rm619\.nuget\packages\microsoft.netcore.app.ref\9.0.18\ref\net9.0\System.Reflection.Emit.dll /reference:C:\Users\rm619\.nuget\packages\microsoft.netcore.app.ref\9.0.18\ref\net9.0\System.Reflection.Emit.ILGeneration.dll /reference:C:\Users\rm619\.nuget\packages\microsoft.netcore.app.ref\9.0.18\ref\net9.0\System.Reflection.Emit.Lightweight.dll /reference:C:\Users\rm619\.nuget\packages\microsoft.netcore.app.ref\9.0.18\ref\net9.0\System.Reflection.Extensions.dll /reference:C:\Users\rm619\.nuget\packages\microsoft.netcore.app.ref\9.0.18\ref\net9.0\System.Reflection.Metadata.dll /reference:C:\Users\rm619\.nuget\packages\microsoft.netcore.app.ref\9.0.18\ref\net9.0\System.Reflection.Primitives.dll /reference:C:\Users\rm619\.nuget\packages\microsoft.netcore.app.ref\9.0.18\ref\net9.0\System.Reflection.TypeExtensions.dll /reference:C:\Users\rm619\.nuget\packages\microsoft.netcore.app.ref\9.0.18\ref\net9.0\System.Resources.Reader.dll /reference:C:\Users\rm619\.nuget\packages\microsoft.netcore.app.ref\9.0.18\ref\net9.0\System.Resources.ResourceManager.dll /reference:C:\Users\rm619\.nuget\packages\microsoft.netcore.app.ref\9.0.18\ref\net9.0\System.Resources.Writer.dll /reference:C:\Users\rm619\.nuget\packages\microsoft.netcore.app.ref\9.0.18\ref\net9.0\System.Runtime.CompilerServices.Unsafe.dll /reference:C:\Users\rm619\.nuget\packages\microsoft.netcore.app.ref\9.0.18\ref\net9.0\System.Runtime.CompilerServices.VisualC.dll /reference:C:\Users\rm619\.nuget\packages\microsoft.netcore.app.ref\9.0.18\ref\net9.0\System.Runtime.dll /reference:C:\Users\rm619\.nuget\packages\microsoft.netcore.app.ref\9.0.18\ref\net9.0\System.Runtime.Extensions.dll /reference:C:\Users\rm619\.nuget\packages\microsoft.netcore.app.ref\9.0.18\ref\net9.0\System.Runtime.Handles.dll /reference:C:\Users\rm619\.nuget\packages\microsoft.netcore.app.ref\9.0.18\ref\net9.0\System.Runtime.InteropServices.dll /reference:C:\Users\rm619\.nuget\packages\microsoft.netcore.app.ref\9.0.18\ref\net9.0\System.Runtime.InteropServices.JavaScript.dll /reference:C:\Users\rm619\.nuget\packages\microsoft.netcore.app.ref\9.0.18\ref\net9.0\System.Runtime.InteropServices.RuntimeInformation.dll /reference:C:\Users\rm619\.nuget\packages\microsoft.netcore.app.ref\9.0.18\ref\net9.0\System.Runtime.Intrinsics.dll /reference:C:\Users\rm619\.nuget\packages\microsoft.netcore.app.ref\9.0.18\ref\net9.0\System.Runtime.Loader.dll /reference:C:\Users\rm619\.nuget\packages\microsoft.netcore.app.ref\9.0.18\ref\net9.0\System.Runtime.Numerics.dll /reference:C:\Users\rm619\.nuget\packages\microsoft.netcore.app.ref\9.0.18\ref\net9.0\System.Runtime.Serialization.dll /reference:C:\Users\rm619\.nuget\packages\microsoft.netcore.app.ref\9.0.18\ref\net9.0\System.Runtime.Serialization.Formatters.dll /reference:C:\Users\rm619\.nuget\packages\microsoft.netcore.app.ref\9.0.18\ref\net9.0\System.Runtime.Serialization.Json.dll /reference:C:\Users\rm619\.nuget\packages\microsoft.netcore.app.ref\9.0.18\ref\net9.0\System.Runtime.Serialization.Primitives.dll /reference:C:\Users\rm619\.nuget\packages\microsoft.netcore.app.ref\9.0.18\ref\net9.0\System.Runtime.Serialization.Xml.dll /reference:C:\Users\rm619\.nuget\packages\microsoft.netcore.app.ref\9.0.18\ref\net9.0\System.Security.AccessControl.dll /reference:C:\Users\rm619\.nuget\packages\microsoft.netcore.app.ref\9.0.18\ref\net9.0\System.Security.Claims.dll /reference:C:\Users\rm619\.nuget\packages\microsoft.netcore.app.ref\9.0.18\ref\net9.0\System.Security.Cryptography.Algorithms.dll /reference:C:\Users\rm619\.nuget\packages\microsoft.netcore.app.ref\9.0.18\ref\net9.0\System.Security.Cryptography.Cng.dll /reference:C:\Users\rm619\.nuget\packages\microsoft.netcore.app.ref\9.0.18\ref\net9.0\System.Security.Cryptography.Csp.dll /reference:C:\Users\rm619\.nuget\packages\microsoft.netcore.app.ref\9.0.18\ref\net9.0\System.Security.Cryptography.dll /reference:C:\Users\rm619\.nuget\packages\microsoft.netcore.app.ref\9.0.18\ref\net9.0\System.Security.Cryptography.Encoding.dll /reference:C:\Users\rm619\.nuget\packages\microsoft.netcore.app.ref\9.0.18\ref\net9.0\System.Security.Cryptography.OpenSsl.dll /reference:C:\Users\rm619\.nuget\packages\microsoft.netcore.app.ref\9.0.18\ref\net9.0\System.Security.Cryptography.Primitives.dll /reference:C:\Users\rm619\.nuget\packages\system.security.cryptography.protecteddata\6.0.0\lib\net6.0\System.Security.Cryptography.ProtectedData.dll /reference:C:\Users\rm619\.nuget\packages\microsoft.netcore.app.ref\9.0.18\ref\net9.0\System.Security.Cryptography.X509Certificates.dll /reference:C:\Users\rm619\.nuget\packages\microsoft.aspnetcore.app.ref\9.0.18\ref\net9.0\System.Security.Cryptography.Xml.dll /reference:C:\Users\rm619\.nuget\packages\microsoft.netcore.app.ref\9.0.18\ref\net9.0\System.Security.dll /reference:C:\Users\rm619\.nuget\packages\microsoft.netcore.app.ref\9.0.18\ref\net9.0\System.Security.Principal.dll /reference:C:\Users\rm619\.nuget\packages\microsoft.netcore.app.ref\9.0.18\ref\net9.0\System.Security.Principal.Windows.dll /reference:C:\Users\rm619\.nuget\packages\microsoft.netcore.app.ref\9.0.18\ref\net9.0\System.Security.SecureString.dll /reference:C:\Users\rm619\.nuget\packages\microsoft.netcore.app.ref\9.0.18\ref\net9.0\System.ServiceModel.Web.dll /reference:C:\Users\rm619\.nuget\packages\microsoft.netcore.app.ref\9.0.18\ref\net9.0\System.ServiceProcess.dll /reference:C:\Users\rm619\.nuget\packages\microsoft.netcore.app.ref\9.0.18\ref\net9.0\System.Text.Encoding.CodePages.dll /reference:C:\Users\rm619\.nuget\packages\microsoft.netcore.app.ref\9.0.18\ref\net9.0\System.Text.Encoding.dll /reference:C:\Users\rm619\.nuget\packages\microsoft.netcore.app.ref\9.0.18\ref\net9.0\System.Text.Encoding.Extensions.dll /reference:C:\Users\rm619\.nuget\packages\microsoft.netcore.app.ref\9.0.18\ref\net9.0\System.Text.Encodings.Web.dll /reference:C:\Users\rm619\.nuget\packages\microsoft.netcore.app.ref\9.0.18\ref\net9.0\System.Text.Json.dll /reference:C:\Users\rm619\.nuget\packages\microsoft.netcore.app.ref\9.0.18\ref\net9.0\System.Text.RegularExpressions.dll /reference:C:\Users\rm619\.nuget\packages\microsoft.netcore.app.ref\9.0.18\ref\net9.0\System.Threading.Channels.dll /reference:C:\Users\rm619\.nuget\packages\microsoft.netcore.app.ref\9.0.18\ref\net9.0\System.Threading.dll /reference:C:\Users\rm619\.nuget\packages\microsoft.netcore.app.ref\9.0.18\ref\net9.0\System.Threading.Overlapped.dll /reference:C:\Users\rm619\.nuget\packages\microsoft.aspnetcore.app.ref\9.0.18\ref\net9.0\System.Threading.RateLimiting.dll /reference:C:\Users\rm619\.nuget\packages\microsoft.netcore.app.ref\9.0.18\ref\net9.0\System.Threading.Tasks.Dataflow.dll /reference:C:\Users\rm619\.nuget\packages\microsoft.netcore.app.ref\9.0.18\ref\net9.0\System.Threading.Tasks.dll /reference:C:\Users\rm619\.nuget\packages\microsoft.netcore.app.ref\9.0.18\ref\net9.0\System.Threading.Tasks.Extensions.dll /reference:C:\Users\rm619\.nuget\packages\microsoft.netcore.app.ref\9.0.18\ref\net9.0\System.Threading.Tasks.Parallel.dll /reference:C:\Users\rm619\.nuget\packages\microsoft.netcore.app.ref\9.0.18\ref\net9.0\System.Threading.Thread.dll /reference:C:\Users\rm619\.nuget\packages\microsoft.netcore.app.ref\9.0.18\ref\net9.0\System.Threading.ThreadPool.dll /reference:C:\Users\rm619\.nuget\packages\microsoft.netcore.app.ref\9.0.18\ref\net9.0\System.Threading.Timer.dll /reference:C:\Users\rm619\.nuget\packages\microsoft.netcore.app.ref\9.0.18\ref\net9.0\System.Transactions.dll /reference:C:\Users\rm619\.nuget\packages\microsoft.netcore.app.ref\9.0.18\ref\net9.0\System.Transactions.Local.dll /reference:C:\Users\rm619\.nuget\packages\microsoft.netcore.app.ref\9.0.18\ref\net9.0\System.ValueTuple.dll /reference:C:\Users\rm619\.nuget\packages\microsoft.netcore.app.ref\9.0.18\ref\net9.0\System.Web.dll /reference:C:\Users\rm619\.nuget\packages\microsoft.netcore.app.ref\9.0.18\ref\net9.0\System.Web.HttpUtility.dll /reference:C:\Users\rm619\.nuget\packages\microsoft.netcore.app.ref\9.0.18\ref\net9.0\System.Windows.dll /reference:C:\Users\rm619\.nuget\packages\microsoft.netcore.app.ref\9.0.18\ref\net9.0\System.Xml.dll /reference:C:\Users\rm619\.nuget\packages\microsoft.netcore.app.ref\9.0.18\ref\net9.0\System.Xml.Linq.dll /reference:C:\Users\rm619\.nuget\packages\microsoft.netcore.app.ref\9.0.18\ref\net9.0\System.Xml.ReaderWriter.dll /reference:C:\Users\rm619\.nuget\packages\microsoft.netcore.app.ref\9.0.18\ref\net9.0\System.Xml.Serialization.dll /reference:C:\Users\rm619\.nuget\packages\microsoft.netcore.app.ref\9.0.18\ref\net9.0\System.Xml.XDocument.dll /reference:C:\Users\rm619\.nuget\packages\microsoft.netcore.app.ref\9.0.18\ref\net9.0\System.Xml.XmlDocument.dll /reference:C:\Users\rm619\.nuget\packages\microsoft.netcore.app.ref\9.0.18\ref\net9.0\System.Xml.XmlSerializer.dll /reference:C:\Users\rm619\.nuget\packages\microsoft.netcore.app.ref\9.0.18\ref\net9.0\System.Xml.XPath.dll /reference:C:\Users\rm619\.nuget\packages\microsoft.netcore.app.ref\9.0.18\ref\net9.0\System.Xml.XPath.XDocument.dll /reference:C:\Users\rm619\.nuget\packages\microsoft.netcore.app.ref\9.0.18\ref\net9.0\WindowsBase.dll /debug+ /debug:portable /filealign:512 /optimize- /out:obj\Debug\net9.0\ERP.Api.dll /refout:obj\Debug\net9.0\refint\ERP.Api.dll /target:exe /warnaserror- /utf8output /deterministic+ /sourcelink:obj\Debug\net9.0\ERP.Api.sourcelink.json /langversion:13.0 /embed:obj\Debug\net9.0\ERP.Api.GlobalUsings.g.cs /embed:"obj\Debug\net9.0\.NETCoreApp,Version=v9.0.AssemblyAttributes.cs" /embed:obj\Debug\net9.0\ERP.Api.AssemblyInfo.cs /embed:obj\Debug\net9.0\ERP.Api.MvcApplicationPartsAssemblyInfo.cs /analyzerconfig:obj\Debug\net9.0\ERP.Api.GeneratedMSBuildEditorConfig.editorconfig /analyzerconfig:"C:\Program Files\dotnet\sdk\10.0.302\Sdks\Microsoft.NET.Sdk\analyzers\build\config\analysislevel_9_default.globalconfig" /analyzer:"C:\Program Files\dotnet\sdk\10.0.302\Sdks\Microsoft.NET.Sdk.Web\analyzers\cs\Microsoft.AspNetCore.Analyzers.dll" /analyzer:"C:\Program Files\dotnet\sdk\10.0.302\Sdks\Microsoft.NET.Sdk.Web\analyzers\cs\Microsoft.AspNetCore.Mvc.Analyzers.dll" /analyzer:"C:\Program Files\dotnet\sdk\10.0.302\Sdks\Microsoft.NET.Sdk\targets\..\analyzers\Microsoft.CodeAnalysis.CSharp.NetAnalyzers.dll" /analyzer:"C:\Program Files\dotnet\sdk\10.0.302\Sdks\Microsoft.NET.Sdk\targets\..\analyzers\Microsoft.CodeAnalysis.NetAnalyzers.dll" /analyzer:C:\Users\rm619\.nuget\packages\microsoft.codeanalysis.analyzers\3.3.4\analyzers\dotnet\cs\Microsoft.CodeAnalysis.Analyzers.dll /analyzer:C:\Users\rm619\.nuget\packages\microsoft.codeanalysis.analyzers\3.3.4\analyzers\dotnet\cs\Microsoft.CodeAnalysis.CSharp.Analyzers.dll /analyzer:C:\Users\rm619\.nuget\packages\microsoft.entityframeworkcore.analyzers\9.0.10\analyzers\dotnet\cs\Microsoft.EntityFrameworkCore.Analyzers.dll /analyzer:C:\Users\rm619\.nuget\packages\microsoft.netcore.app.ref\9.0.18\analyzers/dotnet/cs/Microsoft.Interop.ComInterfaceGenerator.dll /analyzer:C:\Users\rm619\.nuget\packages\microsoft.netcore.app.ref\9.0.18\analyzers/dotnet/cs/Microsoft.Interop.JavaScript.JSImportGenerator.dll /analyzer:C:\Users\rm619\.nuget\packages\microsoft.netcore.app.ref\9.0.18\analyzers/dotnet/cs/Microsoft.Interop.LibraryImportGenerator.dll /analyzer:C:\Users\rm619\.nuget\packages\microsoft.netcore.app.ref\9.0.18\analyzers/dotnet/cs/Microsoft.Interop.SourceGeneration.dll /analyzer:C:\Users\rm619\.nuget\packages\microsoft.netcore.app.ref\9.0.18\analyzers/dotnet/cs/System.Text.Json.SourceGeneration.dll /analyzer:C:\Users\rm619\.nuget\packages\microsoft.netcore.app.ref\9.0.18\analyzers/dotnet/cs/System.Text.RegularExpressions.Generator.dll /analyzer:C:\Users\rm619\.nuget\packages\microsoft.aspnetcore.app.ref\9.0.18\analyzers/dotnet/cs/Microsoft.AspNetCore.App.Analyzers.dll /analyzer:C:\Users\rm619\.nuget\packages\microsoft.aspnetcore.app.ref\9.0.18\analyzers/dotnet/cs/Microsoft.AspNetCore.App.CodeFixes.dll /analyzer:C:\Users\rm619\.nuget\packages\microsoft.aspnetcore.app.ref\9.0.18\analyzers/dotnet/cs/Microsoft.AspNetCore.Components.Analyzers.dll /analyzer:C:\Users\rm619\.nuget\packages\microsoft.aspnetcore.app.ref\9.0.18\analyzers/dotnet/roslyn4.4/cs/Microsoft.Extensions.Logging.Generators.dll /analyzer:C:\Users\rm619\.nuget\packages\microsoft.aspnetcore.app.ref\9.0.18\analyzers/dotnet/roslyn4.4/cs/Microsoft.Extensions.Options.SourceGeneration.dll /analyzer:"C:\Program Files\dotnet\sdk\10.0.302\Sdks\Microsoft.NET.Sdk.Razor\targets\..\source-generators\Microsoft.AspNetCore.Razor.Utilities.Shared.dll" /analyzer:"C:\Program Files\dotnet\sdk\10.0.302\Sdks\Microsoft.NET.Sdk.Razor\targets\..\source-generators\Microsoft.CodeAnalysis.Razor.Compiler.dll" /analyzer:"C:\Program Files\dotnet\sdk\10.0.302\Sdks\Microsoft.NET.Sdk.Razor\targets\..\source-generators\Microsoft.Extensions.ObjectPool.dll" Controllers\AuthController.cs Controllers\BoxTypesController.cs Controllers\CatalogsController.cs Controllers\ColorsController.cs Controllers\ComponentsController.cs Controllers\CustomersController.cs Controllers\CuttingControlsController.cs Controllers\CuttingPanelQcsController.cs Controllers\CuttingReleasesController.cs Controllers\FabricInventoriesController.cs Controllers\FabricPOsController.cs Controllers\FabricReceivingsController.cs Controllers\FabricRequirementsController.cs Controllers\FabricReservationsController.cs Controllers\FabricsController.cs Controllers\FabricShipmentsController.cs Controllers\FactoriesController.cs Controllers\FgpoController.cs Controllers\FgpoLinesController.cs Controllers\FourPointController.cs Controllers\InlineQualitiesController.cs Controllers\InternalTestsController.cs Controllers\LotsController.cs Controllers\MillProductionsController.cs Controllers\MillTestsController.cs Controllers\PermissionsController.cs Controllers\PpSamplesController.cs Controllers\PricesController.cs Controllers\ProductionReadinessController.cs Controllers\RolesController.cs Controllers\RollReceivingsController.cs Controllers\SewingProductionsController.cs Controllers\ShadeMatchesController.cs Controllers\SizesController.cs Controllers\StylesController.cs Controllers\StyleYieldsController.cs Controllers\SuppliersController.cs Controllers\TopSamplesController.cs Controllers\TrimsControlsController.cs Data\DesignTimeErpDbContextFactory.cs Data\ErpDbContext.cs Domain\AqlInspection.cs Domain\BaseEntity.cs Domain\BoxType.cs Domain\CatalogValue.cs Domain\Color.cs Domain\Component.cs Domain\Customer.cs Domain\CuttingControl.cs Domain\CuttingPanelQc.cs Domain\CuttingRelease.cs Domain\Fabric.cs Domain\FabricInventory.cs Domain\FabricPO.cs Domain\FabricPOFgpo.cs Domain\FabricReceiving.cs Domain\FabricRequirement.cs Domain\FabricReservation.cs Domain\FabricShipment.cs Domain\Factory.cs Domain\Fgpo.cs Domain\FgpoLine.cs Domain\FourPointInspection.cs Domain\InlineQuality.cs Domain\InternalTest.cs Domain\Lot.cs Domain\MillProduction.cs Domain\MillTest.cs Domain\Permission.cs Domain\PpSample.cs Domain\Price.cs Domain\ProductionReadiness.cs Domain\Role.cs Domain\RolePermission.cs Domain\RollReceiving.cs Domain\SewingProduction.cs Domain\ShadeMatch.cs Domain\Size.cs Domain\Style.cs Domain\StyleYield.cs Domain\Supplier.cs Domain\TopSample.cs Domain\TrimsControl.cs Domain\User\User.cs Dtos\AssignRoleDto.cs Dtos\AuthDto.cs Dtos\BoxTypeDto.cs Dtos\ColorDto.cs Dtos\ComponentDto.cs Dtos\CreateBoxTypeDto.cs Dtos\CreateColorDto.cs Dtos\CreateComponentDto.cs Dtos\CreateCustomerDto.cs Dtos\CreateCuttingControlDto.cs Dtos\CreateCuttingPanelQcDto.cs Dtos\CreateCuttingReleaseDto.cs Dtos\CreateEndlineInspectionDto.cs Dtos\CreateFabricDto.cs Dtos\CreateFabricInventoryDto.cs Dtos\CreateFabricPODto.cs Dtos\CreateFabricReceivingDto.cs Dtos\CreateFabricRequirementDto.cs Dtos\CreateFabricReservationDto.cs Dtos\CreateFabricShipmentDto.cs Dtos\CreateFactoryDto.cs Dtos\CreateFgpoDto.cs Dtos\CreateFgpoLineDto.cs Dtos\CreateFinalInspectionDto.cs Dtos\CreateFourPointDto.cs Dtos\CreateInlineQualityDto.cs Dtos\CreateInternalTestDto.cs Dtos\CreateMillProductionDto.cs Dtos\CreateMillTestDto.cs Dtos\CreatePermissionDto.cs Dtos\CreatePpSampleDto.cs Dtos\CreatePreFinalInspectionDto.cs Dtos\CreatePriceDto.cs Dtos\CreateProductDto.cs Dtos\CreateProductionReadinessDto.cs Dtos\CreateRoleDto.cs Dtos\CreateRollReceivingDto.cs Dtos\CreateSewingProductionDto.cs Dtos\CreateShadeMatchDto.cs Dtos\CreateSizeDto.cs Dtos\CreateStyleDto.cs Dtos\CreateStyleYieldDto.cs Dtos\CreateSupplierDto.cs Dtos\CreateTopSampleDto.cs Dtos\CreateTrimsControlDto.cs Dtos\CustomerDto.cs Dtos\CuttingControlDto.cs Dtos\CuttingPanelQcDto.cs Dtos\CuttingReleaseDto.cs Dtos\EndlineInspectionDto.cs Dtos\FabricDto.cs Dtos\FabricInventoryDto.cs Dtos\FabricPODto.cs Dtos\FabricReceivingDto.cs Dtos\FabricRequirementDto.cs Dtos\FabricReservationDto.cs Dtos\FabricShipmentDto.cs Dtos\FactoryDto.cs Dtos\FgpoDto.cs Dtos\FgpoLineDto.cs Dtos\FinalInspectionDto.cs Dtos\FourPointDto.cs Dtos\InlineQualityDto.cs Dtos\InternalTestDto.cs Dtos\LotDto.cs Dtos\MillProductionDto.cs Dtos\MillTestDto.cs Dtos\PagedResultDto.cs Dtos\PermissionDto.cs Dtos\PpSampleDto.cs Dtos\PreFinalInspectionDto.cs Dtos\PriceDto.cs Dtos\ProductDto.cs Dtos\ProductionReadinessDto.cs Dtos\RoleDto.cs Dtos\RollReceivingDto.cs Dtos\SewingProductionDto.cs Dtos\ShadeMatchDto.cs Dtos\SizeDto.cs Dtos\StyleDto.cs Dtos\StyleYieldDto.cs Dtos\SupplierDto.cs Dtos\TopSampleDto.cs Dtos\TrimsControlDto.cs Dtos\UpdateBoxTypeDto.cs Dtos\UpdateColorDto.cs Dtos\UpdateComponentDto.cs Dtos\UpdateCustomerDto.cs Dtos\UpdateCuttingControlDto.cs Dtos\UpdateCuttingPanelQcDto.cs Dtos\UpdateCuttingReleaseDto.cs Dtos\UpdateEndlineInspectionDto.cs Dtos\UpdateFabricDto.cs Dtos\UpdateFabricInventoryDto.cs Dtos\UpdateFabricPODto.cs Dtos\UpdateFabricReceivingDto.cs Dtos\UpdateFabricRequirementDto.cs Dtos\UpdateFabricReservationDto.cs Dtos\UpdateFabricShipmentDto.cs Dtos\UpdateFactoryDto.cs Dtos\UpdateFgpoDto.cs Dtos\UpdateFgpoLineDto.cs Dtos\UpdateFinalInspectionDto.cs Dtos\UpdateFourPointDto.cs Dtos\UpdateInlineQualityDto.cs Dtos\UpdateInternalTestDto.cs Dtos\UpdateMillProductionDto.cs Dtos\UpdateMillTestDto.cs Dtos\UpdatePpSampleDto.cs Dtos\UpdatePreFinalInspectionDto.cs Dtos\UpdatePriceDto.cs Dtos\UpdateProductDto.cs Dtos\UpdateProductionReadinessDto.cs Dtos\UpdateRoleDto.cs Dtos\UpdateRollReceivingDto.cs Dtos\UpdateSewingProductionDto.cs Dtos\UpdateShadeMatchDto.cs Dtos\UpdateSizeDto.cs Dtos\UpdateStyleDto.cs Dtos\UpdateStyleYieldDto.cs Dtos\UpdateSupplierDto.cs Dtos\UpdateTopSampleDto.cs Dtos\UpdateTrimsControlDto.cs Dtos\User\CreateUserDto.cs Dtos\User\UpdateUserDto.cs Dtos\User\UpdateUserStatusDto.cs Dtos\User\UserDto.cs Helpers\CryptoHelper.cs Interfaces\IBoxTypeService.cs Interfaces\ICatalogService.cs Interfaces\IColorService.cs Interfaces\IComponentService.cs Interfaces\ICustomerService.cs Interfaces\ICuttingControlService.cs Interfaces\ICuttingPanelQcService.cs Interfaces\ICuttingReleaseService.cs Interfaces\IFabricInventoryService.cs Interfaces\IFabricPOService.cs Interfaces\IFabricReceivingService.cs Interfaces\IFabricRequirementService.cs Interfaces\IFabricReservationService.cs Interfaces\IFabricService.cs Interfaces\IFabricShipmentService.cs Interfaces\IFactoryService.cs Interfaces\IFgpoLineService.cs Interfaces\IFgpoService.cs Interfaces\IFourPointService.cs Interfaces\IInlineQualityService.cs Interfaces\IInternalTestService.cs Interfaces\IMillProductionService.cs Interfaces\IMillTestService.cs Interfaces\IPermissionService.cs Interfaces\IPpSampleService.cs Interfaces\IPriceService.cs Interfaces\IProductionReadinessService.cs Interfaces\IRepository.cs Interfaces\IRoleService.cs Interfaces\IRollReceivingService.cs Interfaces\ISewingProductionService.cs Interfaces\IShadeMatchService.cs Interfaces\ISizeService.cs Interfaces\IStyleService.cs Interfaces\IStyleYieldService.cs Interfaces\ISupplierService.cs Interfaces\ITopSampleService.cs Interfaces\ITrimsControlService.cs Interfaces\IUserService.cs Migrations\20260730204321_InitialCreate.cs Migrations\20260730204321_InitialCreate.Designer.cs Migrations\20260730221504_TableUser.cs Migrations\20260730221504_TableUser.Designer.cs Migrations\20260731144917_UpdateUserTable.cs Migrations\20260731144917_UpdateUserTable.Designer.cs Migrations\20260731221143_AddRolesAndPermissions.cs Migrations\20260731221143_AddRolesAndPermissions.Designer.cs Migrations\20260802002213_AddMustChangePasswordToUser.cs Migrations\20260802002213_AddMustChangePasswordToUser.Designer.cs Migrations\20260803155118_AddFgpoTable.cs Migrations\20260803155118_AddFgpoTable.Designer.cs Migrations\20260803173344_AddCustomersAndFactories.cs Migrations\20260803173344_AddCustomersAndFactories.Designer.cs Migrations\20260803195928_AddFabricRequirementTable.cs Migrations\20260803195928_AddFabricRequirementTable.Designer.cs Migrations\20260803204448_FgpoMasterSpecUpdate.cs Migrations\20260803204448_FgpoMasterSpecUpdate.Designer.cs Migrations\20260803221341_AddFabricPO.cs Migrations\20260803221341_AddFabricPO.Designer.cs Migrations\20260803225707_AddFabricPOFgpoAllocatedQuantity.cs Migrations\20260803225707_AddFabricPOFgpoAllocatedQuantity.Designer.cs Migrations\20260804134823_FabricPOFgpoEntityRefactor.cs Migrations\20260804134823_FabricPOFgpoEntityRefactor.Designer.cs Migrations\20260804162549_AddMillProductionAndMillTest.cs Migrations\20260804162549_AddMillProductionAndMillTest.Designer.cs Migrations\20260804185049_AddFabricShipment.cs Migrations\20260804185049_AddFabricShipment.Designer.cs Migrations\20260804200421_AddLotAndCatalogsAndAudit.cs Migrations\20260804200421_AddLotAndCatalogsAndAudit.Designer.cs Migrations\20260805153958_AddFabricReceiving.cs Migrations\20260805153958_AddFabricReceiving.Designer.cs Migrations\20260805154209_AddReceivingStatusCatalog.cs Migrations\20260805154209_AddReceivingStatusCatalog.Designer.cs Migrations\20260805154414_AddRollReceiving.cs Migrations\20260805154414_AddRollReceiving.Designer.cs Migrations\20260805185054_AddFourPointAndInternalTest.cs Migrations\20260805185054_AddFourPointAndInternalTest.Designer.cs Migrations\20260805200018_AddShadeMatchAndInlineQuality.cs Migrations\20260805200018_AddShadeMatchAndInlineQuality.Designer.cs Migrations\20260805212111_MakeInlineQualityResultComputed.cs Migrations\20260805212111_MakeInlineQualityResultComputed.Designer.cs Migrations\20260805214904_FixInlineQualityResultRule.cs Migrations\20260805214904_FixInlineQualityResultRule.Designer.cs Migrations\20260806133225_AddSupplier.cs Migrations\20260806133225_AddSupplier.Designer.cs Migrations\20260806140611_AddEndlineAndPreFinalInspections.cs Migrations\20260806140611_AddEndlineAndPreFinalInspections.Designer.cs Migrations\20260806145719_AddFinalAndPpSamples.cs Migrations\20260806145719_AddFinalAndPpSamples.Designer.cs Migrations\20260806165038_AddTopSample.cs Migrations\20260806165038_AddTopSample.Designer.cs Migrations\20260806184519_AddProductionReadinessAndCuttingRelease.cs Migrations\20260806184519_AddProductionReadinessAndCuttingRelease.Designer.cs Migrations\20260806195408_AddCuttingControlAndPanelQc.cs Migrations\20260806195408_AddCuttingControlAndPanelQc.Designer.cs Migrations\20260807135417_AddMasterDataTables.cs Migrations\20260807135417_AddMasterDataTables.Designer.cs Migrations\20260811140358_AddTrimsControlAndSewingProduction.cs Migrations\20260811140358_AddTrimsControlAndSewingProduction.Designer.cs Migrations\20260811210046_AddTrimsSupplierRelation.cs Migrations\20260811210046_AddTrimsSupplierRelation.Designer.cs Migrations\20260811213232_AddSewingSizeAndSupervisorRelation.cs Migrations\20260811213232_AddSewingSizeAndSupervisorRelation.Designer.cs Migrations\20260811225021_AddFabricInventoryAndReservation.cs Migrations\20260811225021_AddFabricInventoryAndReservation.Designer.cs Migrations\ErpDbContextModelSnapshot.cs Program.cs Repositories\Repository.cs Services\BoxTypeService.cs Services\CatalogService.cs Services\ColorService.cs Services\ComponentService.cs Services\CustomerService.cs Services\CuttingControlService.cs Services\CuttingPanelQcService.cs Services\CuttingReleaseService.cs Services\FabricInventoryService.cs Services\FabricPOService.cs Services\FabricReceivingService.cs Services\FabricRequirementService.cs Services\FabricReservationService.cs Services\FabricService.cs Services\FabricShipmentService.cs Services\FactoryService.cs Services\FgpoLineService.cs Services\FgpoService.cs Services\FourPointService.cs Services\InlineQualityService.cs Services\InternalTestService.cs Services\MillProductionService.cs Services\MillTestService.cs Services\PermissionService.cs Services\PpSampleService.cs Services\PriceService.cs Services\ProductionReadinessService.cs Services\RoleService.cs Services\RollReceivingService.cs Services\SewingProductionService.cs Services\ShadeMatchService.cs Services\SizeService.cs Services\StyleService.cs Services\StyleYieldService.cs Services\SupplierService.cs Services\TopSampleService.cs Services\TrimsControlService.cs Services\UserService.cs obj\Debug\net9.0\ERP.Api.GlobalUsings.g.cs "obj\Debug\net9.0\.NETCoreApp,Version=v9.0.AssemblyAttributes.cs" obj\Debug\net9.0\ERP.Api.AssemblyInfo.cs obj\Debug\net9.0\ERP.Api.MvcApplicationPartsAssemblyInfo.cs /warnaserror+:NU1605,SYSLIB0011'
         Ensamblado cargado durante TaskRun (Microsoft.CodeAnalysis.BuildTasks.Csc): System.IO.Pipes, Version=10.0.0.0, Culture=neutral, PublicKeyToken=b03f5f7f11d50a3a(ubicación: C:\Program Files\dotnet\shared\Microsoft.NETCore.App\10.0.10\System.IO.Pipes.dll, MVID: f3496279-820c-4682-afb7-d343d5e5cc59, AssemblyLoadContext: Default)
         Attempting to create process 'C:\Program Files\dotnet\sdk\10.0.302\Roslyn\bincore\VBCSCompiler.exe' "-pipename:53IcE8I0hd2j7ax3Rg8dn_h_ABujbZJPhEhGcmwqC5g"
         Setting DOTNET_ROOT to 'C:\Program Files\dotnet'
         Successfully created process with process id 28232
         Attempt to open named pipe '53IcE8I0hd2j7ax3Rg8dn_h_ABujbZJPhEhGcmwqC5g'
         Attempt to connect named pipe '53IcE8I0hd2j7ax3Rg8dn_h_ABujbZJPhEhGcmwqC5g'
         Ensamblado cargado durante TaskRun (Microsoft.CodeAnalysis.BuildTasks.Csc): System.Security.AccessControl, Version=10.0.0.0, Culture=neutral, PublicKeyToken=b03f5f7f11d50a3a(ubicación: C:\Program Files\dotnet\shared\Microsoft.NETCore.App\10.0.10\System.Security.AccessControl.dll, MVID: 63862e5f-7d80-4001-9f1f-75b7cb9abbdb, AssemblyLoadContext: Default)
         Named pipe '53IcE8I0hd2j7ax3Rg8dn_h_ABujbZJPhEhGcmwqC5g' connected
         Begin writing request for ERP.Api (net9.0)
         End writing request for ERP.Api (net9.0)
         Begin reading response for ERP.Api (net9.0)
         Ensamblado cargado durante TaskRun (Microsoft.CodeAnalysis.BuildTasks.Csc): System.Diagnostics.TraceSource, Version=10.0.0.0, Culture=neutral, PublicKeyToken=b03f5f7f11d50a3a(ubicación: C:\Program Files\dotnet\shared\Microsoft.NETCore.App\10.0.10\System.Diagnostics.TraceSource.dll, MVID: f153014c-ba71-4d07-9276-eba0165b0e53, AssemblyLoadContext: Default)
         End reading response for ERP.Api (net9.0)
         Compilador de Microsoft (R) Visual C# versión 5.6.0-2.26329.109 (35b593bebfcba58f8e78298cef14c2761f5d86c6)
         Copyright (C) Microsoft Corporation. Todos los derechos reservados.
   2:6>D:\TEXNICA\ERP-API\ERP.Api\Services\TrimsControlService.cs(221,27): error CS1061: "Fgpo" no contiene una definición para "Style" ni un método de extensión accesible "Style" que acepte un primer argumento del tipo "Fgpo" (¿falta alguna directiva using o una referencia de ensamblado?) [D:\TEXNICA\ERP-API\ERP.Api\ERP.Api.csproj]
   2:6>D:\TEXNICA\ERP-API\ERP.Api\Services\TrimsControlService.cs(222,27): error CS1061: "Fgpo" no contiene una definición para "Color" ni un método de extensión accesible "Color" que acepte un primer argumento del tipo "Fgpo" (¿falta alguna directiva using o una referencia de ensamblado?) [D:\TEXNICA\ERP-API\ERP.Api\ERP.Api.csproj]
   2:6>D:\TEXNICA\ERP-API\ERP.Api\Services\TopSampleService.cs(63,20): error CS0029: No se puede convertir implícitamente el tipo 'string' en 'ERP.Api.Domain.Size' [D:\TEXNICA\ERP-API\ERP.Api\ERP.Api.csproj]
   2:6>D:\TEXNICA\ERP-API\ERP.Api\Services\TopSampleService.cs(80,26): error CS0029: No se puede convertir implícitamente el tipo 'string' en 'ERP.Api.Domain.User' [D:\TEXNICA\ERP-API\ERP.Api\ERP.Api.csproj]
   2:6>D:\TEXNICA\ERP-API\ERP.Api\Services\TopSampleService.cs(111,23): error CS0029: No se puede convertir implícitamente el tipo 'string' en 'ERP.Api.Domain.Size' [D:\TEXNICA\ERP-API\ERP.Api\ERP.Api.csproj]
   2:6>D:\TEXNICA\ERP-API\ERP.Api\Services\TopSampleService.cs(128,29): error CS0029: No se puede convertir implícitamente el tipo 'string' en 'ERP.Api.Domain.User' [D:\TEXNICA\ERP-API\ERP.Api\ERP.Api.csproj]
   2:6>D:\TEXNICA\ERP-API\ERP.Api\Services\TopSampleService.cs(173,36): error CS1929: 'Size' no contiene una definición para 'Contains' y la mejor sobrecarga del método de extensión 'MemoryExtensions.Contains<string>(ReadOnlySpan<string>, string)' requiere un receptor del tipo 'System.ReadOnlySpan<string>' [D:\TEXNICA\ERP-API\ERP.Api\ERP.Api.csproj]
   2:6>D:\TEXNICA\ERP-API\ERP.Api\Services\TopSampleService.cs(242,31): error CS1061: "Fgpo" no contiene una definición para "Style" ni un método de extensión accesible "Style" que acepte un primer argumento del tipo "Fgpo" (¿falta alguna directiva using o una referencia de ensamblado?) [D:\TEXNICA\ERP-API\ERP.Api\ERP.Api.csproj]
   2:6>D:\TEXNICA\ERP-API\ERP.Api\Services\TopSampleService.cs(243,31): error CS1061: "Fgpo" no contiene una definición para "Color" ni un método de extensión accesible "Color" que acepte un primer argumento del tipo "Fgpo" (¿falta alguna directiva using o una referencia de ensamblado?) [D:\TEXNICA\ERP-API\ERP.Api\ERP.Api.csproj]
   2:6>D:\TEXNICA\ERP-API\ERP.Api\Services\TopSampleService.cs(244,20): error CS0029: No se puede convertir implícitamente el tipo 'ERP.Api.Domain.Size' en 'string' [D:\TEXNICA\ERP-API\ERP.Api\ERP.Api.csproj]
   2:6>D:\TEXNICA\ERP-API\ERP.Api\Services\TopSampleService.cs(261,26): error CS0029: No se puede convertir implícitamente el tipo 'ERP.Api.Domain.User' en 'string' [D:\TEXNICA\ERP-API\ERP.Api\ERP.Api.csproj]
   2:6>D:\TEXNICA\ERP-API\ERP.Api\Services\ShadeMatchService.cs(165,43): error CS1061: "Fgpo" no contiene una definición para "Style" ni un método de extensión accesible "Style" que acepte un primer argumento del tipo "Fgpo" (¿falta alguna directiva using o una referencia de ensamblado?) [D:\TEXNICA\ERP-API\ERP.Api\ERP.Api.csproj]
   2:6>D:\TEXNICA\ERP-API\ERP.Api\Services\ShadeMatchService.cs(165,67): error CS1061: "Fgpo" no contiene una definición para "Style" ni un método de extensión accesible "Style" que acepte un primer argumento del tipo "Fgpo" (¿falta alguna directiva using o una referencia de ensamblado?) [D:\TEXNICA\ERP-API\ERP.Api\ERP.Api.csproj]
   2:6>D:\TEXNICA\ERP-API\ERP.Api\Services\ShadeMatchService.cs(229,31): error CS1061: "Fgpo" no contiene una definición para "Style" ni un método de extensión accesible "Style" que acepte un primer argumento del tipo "Fgpo" (¿falta alguna directiva using o una referencia de ensamblado?) [D:\TEXNICA\ERP-API\ERP.Api\ERP.Api.csproj]
   2:6>D:\TEXNICA\ERP-API\ERP.Api\Services\ShadeMatchService.cs(230,31): error CS1061: "Fgpo" no contiene una definición para "Color" ni un método de extensión accesible "Color" que acepte un primer argumento del tipo "Fgpo" (¿falta alguna directiva using o una referencia de ensamblado?) [D:\TEXNICA\ERP-API\ERP.Api\ERP.Api.csproj]
   2:6>D:\TEXNICA\ERP-API\ERP.Api\Services\SewingProductionService.cs(241,27): error CS1061: "Fgpo" no contiene una definición para "Style" ni un método de extensión accesible "Style" que acepte un primer argumento del tipo "Fgpo" (¿falta alguna directiva using o una referencia de ensamblado?) [D:\TEXNICA\ERP-API\ERP.Api\ERP.Api.csproj]
   2:6>D:\TEXNICA\ERP-API\ERP.Api\Services\SewingProductionService.cs(242,27): error CS1061: "Fgpo" no contiene una definición para "Color" ni un método de extensión accesible "Color" que acepte un primer argumento del tipo "Fgpo" (¿falta alguna directiva using o una referencia de ensamblado?) [D:\TEXNICA\ERP-API\ERP.Api\ERP.Api.csproj]
   2:6>D:\TEXNICA\ERP-API\ERP.Api\Services\RollReceivingService.cs(78,13): error CS0117: 'RollReceiving' no contiene una definición para 'Supplier' [D:\TEXNICA\ERP-API\ERP.Api\ERP.Api.csproj]
   2:6>D:\TEXNICA\ERP-API\ERP.Api\Services\RollReceivingService.cs(78,34): error CS1061: "FabricReceiving" no contiene una definición para "Supplier" ni un método de extensión accesible "Supplier" que acepte un primer argumento del tipo "FabricReceiving" (¿falta alguna directiva using o una referencia de ensamblado?) [D:\TEXNICA\ERP-API\ERP.Api\ERP.Api.csproj]
   2:6>D:\TEXNICA\ERP-API\ERP.Api\Services\RollReceivingService.cs(79,36): error CS1061: "Fgpo" no contiene una definición para "Color" ni un método de extensión accesible "Color" que acepte un primer argumento del tipo "Fgpo" (¿falta alguna directiva using o una referencia de ensamblado?) [D:\TEXNICA\ERP-API\ERP.Api\ERP.Api.csproj]
   2:6>D:\TEXNICA\ERP-API\ERP.Api\Services\RollReceivingService.cs(95,90): error CS0029: No se puede convertir implícitamente el tipo 'string' en 'ERP.Api.Domain.User' [D:\TEXNICA\ERP-API\ERP.Api\ERP.Api.csproj]
   2:6>D:\TEXNICA\ERP-API\ERP.Api\Services\RollReceivingService.cs(135,16): error CS1061: "RollReceiving" no contiene una definición para "Supplier" ni un método de extensión accesible "Supplier" que acepte un primer argumento del tipo "RollReceiving" (¿falta alguna directiva using o una referencia de ensamblado?) [D:\TEXNICA\ERP-API\ERP.Api\ERP.Api.csproj]
   2:6>D:\TEXNICA\ERP-API\ERP.Api\Services\RollReceivingService.cs(135,37): error CS1061: "FabricReceiving" no contiene una definición para "Supplier" ni un método de extensión accesible "Supplier" que acepte un primer argumento del tipo "FabricReceiving" (¿falta alguna directiva using o una referencia de ensamblado?) [D:\TEXNICA\ERP-API\ERP.Api\ERP.Api.csproj]
   2:6>D:\TEXNICA\ERP-API\ERP.Api\Services\RollReceivingService.cs(136,39): error CS1061: "Fgpo" no contiene una definición para "Color" ni un método de extensión accesible "Color" que acepte un primer argumento del tipo "Fgpo" (¿falta alguna directiva using o una referencia de ensamblado?) [D:\TEXNICA\ERP-API\ERP.Api\ERP.Api.csproj]
   2:6>D:\TEXNICA\ERP-API\ERP.Api\Services\RollReceivingService.cs(152,93): error CS0029: No se puede convertir implícitamente el tipo 'string' en 'ERP.Api.Domain.User' [D:\TEXNICA\ERP-API\ERP.Api\ERP.Api.csproj]
   2:6>D:\TEXNICA\ERP-API\ERP.Api\Services\RollReceivingService.cs(199,20): error CS1061: "RollReceiving" no contiene una definición para "Supplier" ni un método de extensión accesible "Supplier" que acepte un primer argumento del tipo "RollReceiving" (¿falta alguna directiva using o una referencia de ensamblado?) [D:\TEXNICA\ERP-API\ERP.Api\ERP.Api.csproj]
   2:6>D:\TEXNICA\ERP-API\ERP.Api\Services\RollReceivingService.cs(199,42): error CS1061: "RollReceiving" no contiene una definición para "Supplier" ni un método de extensión accesible "Supplier" que acepte un primer argumento del tipo "RollReceiving" (¿falta alguna directiva using o una referencia de ensamblado?) [D:\TEXNICA\ERP-API\ERP.Api\ERP.Api.csproj]
   2:6>D:\TEXNICA\ERP-API\ERP.Api\Services\RollReceivingService.cs(228,57): error CS1061: "RollReceiving" no contiene una definición para "Supplier" ni un método de extensión accesible "Supplier" que acepte un primer argumento del tipo "RollReceiving" (¿falta alguna directiva using o una referencia de ensamblado?) [D:\TEXNICA\ERP-API\ERP.Api\ERP.Api.csproj]
   2:6>D:\TEXNICA\ERP-API\ERP.Api\Services\RollReceivingService.cs(229,66): error CS1061: "RollReceiving" no contiene una definición para "Supplier" ni un método de extensión accesible "Supplier" que acepte un primer argumento del tipo "RollReceiving" (¿falta alguna directiva using o una referencia de ensamblado?) [D:\TEXNICA\ERP-API\ERP.Api\ERP.Api.csproj]
   2:6>D:\TEXNICA\ERP-API\ERP.Api\Services\RollReceivingService.cs(319,29): error CS1061: "RollReceiving" no contiene una definición para "Supplier" ni un método de extensión accesible "Supplier" que acepte un primer argumento del tipo "RollReceiving" (¿falta alguna directiva using o una referencia de ensamblado?) [D:\TEXNICA\ERP-API\ERP.Api\ERP.Api.csproj]
   2:6>D:\TEXNICA\ERP-API\ERP.Api\Services\RollReceivingService.cs(335,25): error CS0029: No se puede convertir implícitamente el tipo 'ERP.Api.Domain.User' en 'string' [D:\TEXNICA\ERP-API\ERP.Api\ERP.Api.csproj]
   2:6>D:\TEXNICA\ERP-API\ERP.Api\Services\ProductionReadinessService.cs(78,32): error CS0029: No se puede convertir implícitamente el tipo 'string' en 'ERP.Api.Domain.User' [D:\TEXNICA\ERP-API\ERP.Api\ERP.Api.csproj]
   2:6>D:\TEXNICA\ERP-API\ERP.Api\Services\ProductionReadinessService.cs(80,26): error CS0029: No se puede convertir implícitamente el tipo 'string' en 'ERP.Api.Domain.User' [D:\TEXNICA\ERP-API\ERP.Api\ERP.Api.csproj]
   2:6>D:\TEXNICA\ERP-API\ERP.Api\Services\ProductionReadinessService.cs(123,35): error CS0029: No se puede convertir implícitamente el tipo 'string' en 'ERP.Api.Domain.User' [D:\TEXNICA\ERP-API\ERP.Api\ERP.Api.csproj]
   2:6>D:\TEXNICA\ERP-API\ERP.Api\Services\ProductionReadinessService.cs(125,29): error CS0029: No se puede convertir implícitamente el tipo 'string' en 'ERP.Api.Domain.User' [D:\TEXNICA\ERP-API\ERP.Api\ERP.Api.csproj]
   2:6>D:\TEXNICA\ERP-API\ERP.Api\Services\PpSampleService.cs(63,20): error CS0029: No se puede convertir implícitamente el tipo 'string' en 'ERP.Api.Domain.Size' [D:\TEXNICA\ERP-API\ERP.Api\ERP.Api.csproj]
   2:6>D:\TEXNICA\ERP-API\ERP.Api\Services\PpSampleService.cs(79,26): error CS0029: No se puede convertir implícitamente el tipo 'string' en 'ERP.Api.Domain.User' [D:\TEXNICA\ERP-API\ERP.Api\ERP.Api.csproj]
   2:6>D:\TEXNICA\ERP-API\ERP.Api\Services\PpSampleService.cs(110,23): error CS0029: No se puede convertir implícitamente el tipo 'string' en 'ERP.Api.Domain.Size' [D:\TEXNICA\ERP-API\ERP.Api\ERP.Api.csproj]
   2:6>D:\TEXNICA\ERP-API\ERP.Api\Services\PpSampleService.cs(126,29): error CS0029: No se puede convertir implícitamente el tipo 'string' en 'ERP.Api.Domain.User' [D:\TEXNICA\ERP-API\ERP.Api\ERP.Api.csproj]
   2:6>D:\TEXNICA\ERP-API\ERP.Api\Services\ProductionReadinessService.cs(164,48): error CS1929: 'User' no contiene una definición para 'Contains' y la mejor sobrecarga del método de extensión 'MemoryExtensions.Contains<string>(ReadOnlySpan<string>, string)' requiere un receptor del tipo 'System.ReadOnlySpan<string>' [D:\TEXNICA\ERP-API\ERP.Api\ERP.Api.csproj]
   2:6>D:\TEXNICA\ERP-API\ERP.Api\Services\ProductionReadinessService.cs(229,31): error CS1061: "Fgpo" no contiene una definición para "Style" ni un método de extensión accesible "Style" que acepte un primer argumento del tipo "Fgpo" (¿falta alguna directiva using o una referencia de ensamblado?) [D:\TEXNICA\ERP-API\ERP.Api\ERP.Api.csproj]
   2:6>D:\TEXNICA\ERP-API\ERP.Api\Services\ProductionReadinessService.cs(230,31): error CS1061: "Fgpo" no contiene una definición para "Color" ni un método de extensión accesible "Color" que acepte un primer argumento del tipo "Fgpo" (¿falta alguna directiva using o una referencia de ensamblado?) [D:\TEXNICA\ERP-API\ERP.Api\ERP.Api.csproj]
   2:6>D:\TEXNICA\ERP-API\ERP.Api\Services\ProductionReadinessService.cs(246,32): error CS0029: No se puede convertir implícitamente el tipo 'ERP.Api.Domain.User' en 'string' [D:\TEXNICA\ERP-API\ERP.Api\ERP.Api.csproj]
   2:6>D:\TEXNICA\ERP-API\ERP.Api\Services\ProductionReadinessService.cs(248,26): error CS0029: No se puede convertir implícitamente el tipo 'ERP.Api.Domain.User' en 'string' [D:\TEXNICA\ERP-API\ERP.Api\ERP.Api.csproj]
   2:6>D:\TEXNICA\ERP-API\ERP.Api\Services\PpSampleService.cs(170,36): error CS1929: 'Size' no contiene una definición para 'Contains' y la mejor sobrecarga del método de extensión 'MemoryExtensions.Contains<string>(ReadOnlySpan<string>, string)' requiere un receptor del tipo 'System.ReadOnlySpan<string>' [D:\TEXNICA\ERP-API\ERP.Api\ERP.Api.csproj]
   2:6>D:\TEXNICA\ERP-API\ERP.Api\Services\MillTestService.cs(93,13): error CS0117: 'MillTest' no contiene una definición para 'Supplier' [D:\TEXNICA\ERP-API\ERP.Api\ERP.Api.csproj]
   2:6>D:\TEXNICA\ERP-API\ERP.Api\Services\MillTestService.cs(109,24): error CS0029: No se puede convertir implícitamente el tipo 'string' en 'ERP.Api.Domain.User' [D:\TEXNICA\ERP-API\ERP.Api\ERP.Api.csproj]
   2:6>D:\TEXNICA\ERP-API\ERP.Api\Services\PpSampleService.cs(233,31): error CS1061: "Fgpo" no contiene una definición para "Style" ni un método de extensión accesible "Style" que acepte un primer argumento del tipo "Fgpo" (¿falta alguna directiva using o una referencia de ensamblado?) [D:\TEXNICA\ERP-API\ERP.Api\ERP.Api.csproj]
   2:6>D:\TEXNICA\ERP-API\ERP.Api\Services\PpSampleService.cs(234,31): error CS1061: "Fgpo" no contiene una definición para "Color" ni un método de extensión accesible "Color" que acepte un primer argumento del tipo "Fgpo" (¿falta alguna directiva using o una referencia de ensamblado?) [D:\TEXNICA\ERP-API\ERP.Api\ERP.Api.csproj]
   2:6>D:\TEXNICA\ERP-API\ERP.Api\Services\PpSampleService.cs(235,20): error CS0029: No se puede convertir implícitamente el tipo 'ERP.Api.Domain.Size' en 'string' [D:\TEXNICA\ERP-API\ERP.Api\ERP.Api.csproj]
   2:6>D:\TEXNICA\ERP-API\ERP.Api\Services\PpSampleService.cs(251,26): error CS0029: No se puede convertir implícitamente el tipo 'ERP.Api.Domain.User' en 'string' [D:\TEXNICA\ERP-API\ERP.Api\ERP.Api.csproj]
   2:6>D:\TEXNICA\ERP-API\ERP.Api\Services\MillTestService.cs(152,16): error CS1061: "MillTest" no contiene una definición para "Supplier" ni un método de extensión accesible "Supplier" que acepte un primer argumento del tipo "MillTest" (¿falta alguna directiva using o una referencia de ensamblado?) [D:\TEXNICA\ERP-API\ERP.Api\ERP.Api.csproj]
   2:6>D:\TEXNICA\ERP-API\ERP.Api\Services\MillTestService.cs(168,27): error CS0029: No se puede convertir implícitamente el tipo 'string' en 'ERP.Api.Domain.User' [D:\TEXNICA\ERP-API\ERP.Api\ERP.Api.csproj]
   2:6>D:\TEXNICA\ERP-API\ERP.Api\Services\MillProductionService.cs(95,13): error CS0117: 'MillProduction' no contiene una definición para 'Supplier' [D:\TEXNICA\ERP-API\ERP.Api\ERP.Api.csproj]
   2:6>D:\TEXNICA\ERP-API\ERP.Api\Services\MillProductionService.cs(96,13): error CS0117: 'MillProduction' no contiene una definición para 'FabricComponent' [D:\TEXNICA\ERP-API\ERP.Api\ERP.Api.csproj]
   2:6>D:\TEXNICA\ERP-API\ERP.Api\Services\MillProductionService.cs(111,25): error CS0029: No se puede convertir implícitamente el tipo 'string' en 'ERP.Api.Domain.User' [D:\TEXNICA\ERP-API\ERP.Api\ERP.Api.csproj]
   2:6>D:\TEXNICA\ERP-API\ERP.Api\Services\InternalTestService.cs(86,13): error CS0117: 'InternalTest' no contiene una definición para 'Supplier' [D:\TEXNICA\ERP-API\ERP.Api\ERP.Api.csproj]
   2:6>D:\TEXNICA\ERP-API\ERP.Api\Services\InternalTestService.cs(106,24): error CS0029: No se puede convertir implícitamente el tipo 'string' en 'ERP.Api.Domain.User' [D:\TEXNICA\ERP-API\ERP.Api\ERP.Api.csproj]
   2:6>D:\TEXNICA\ERP-API\ERP.Api\Services\InternalTestService.cs(107,26): error CS0029: No se puede convertir implícitamente el tipo 'string' en 'ERP.Api.Domain.User' [D:\TEXNICA\ERP-API\ERP.Api\ERP.Api.csproj]
   2:6>D:\TEXNICA\ERP-API\ERP.Api\Services\MillProductionService.cs(151,16): error CS1061: "MillProduction" no contiene una definición para "Supplier" ni un método de extensión accesible "Supplier" que acepte un primer argumento del tipo "MillProduction" (¿falta alguna directiva using o una referencia de ensamblado?) [D:\TEXNICA\ERP-API\ERP.Api\ERP.Api.csproj]
   2:6>D:\TEXNICA\ERP-API\ERP.Api\Services\MillProductionService.cs(152,16): error CS1061: "MillProduction" no contiene una definición para "FabricComponent" ni un método de extensión accesible "FabricComponent" que acepte un primer argumento del tipo "MillProduction" (¿falta alguna directiva using o una referencia de ensamblado?) [D:\TEXNICA\ERP-API\ERP.Api\ERP.Api.csproj]
   2:6>D:\TEXNICA\ERP-API\ERP.Api\Services\MillProductionService.cs(167,28): error CS0029: No se puede convertir implícitamente el tipo 'string' en 'ERP.Api.Domain.User' [D:\TEXNICA\ERP-API\ERP.Api\ERP.Api.csproj]
   2:6>D:\TEXNICA\ERP-API\ERP.Api\Services\InternalTestService.cs(145,16): error CS1061: "InternalTest" no contiene una definición para "Supplier" ni un método de extensión accesible "Supplier" que acepte un primer argumento del tipo "InternalTest" (¿falta alguna directiva using o una referencia de ensamblado?) [D:\TEXNICA\ERP-API\ERP.Api\ERP.Api.csproj]
   2:6>D:\TEXNICA\ERP-API\ERP.Api\Services\InternalTestService.cs(165,27): error CS0029: No se puede convertir implícitamente el tipo 'string' en 'ERP.Api.Domain.User' [D:\TEXNICA\ERP-API\ERP.Api\ERP.Api.csproj]
   2:6>D:\TEXNICA\ERP-API\ERP.Api\Services\InternalTestService.cs(166,29): error CS0029: No se puede convertir implícitamente el tipo 'string' en 'ERP.Api.Domain.User' [D:\TEXNICA\ERP-API\ERP.Api\ERP.Api.csproj]
   2:6>D:\TEXNICA\ERP-API\ERP.Api\Services\InlineQualityService.cs(86,25): error CS0029: No se puede convertir implícitamente el tipo 'string' en 'ERP.Api.Domain.User' [D:\TEXNICA\ERP-API\ERP.Api\ERP.Api.csproj]
   2:6>D:\TEXNICA\ERP-API\ERP.Api\Services\InlineQualityService.cs(127,28): error CS0029: No se puede convertir implícitamente el tipo 'string' en 'ERP.Api.Domain.User' [D:\TEXNICA\ERP-API\ERP.Api\ERP.Api.csproj]
   2:6>D:\TEXNICA\ERP-API\ERP.Api\Services\FourPointService.cs(120,25): error CS0029: No se puede convertir implícitamente el tipo 'string' en 'ERP.Api.Domain.User' [D:\TEXNICA\ERP-API\ERP.Api\ERP.Api.csproj]
   2:6>D:\TEXNICA\ERP-API\ERP.Api\Services\FgpoService.cs(84,13): error CS0117: 'Fgpo' no contiene una definición para 'Style' [D:\TEXNICA\ERP-API\ERP.Api\ERP.Api.csproj]
   2:6>D:\TEXNICA\ERP-API\ERP.Api\Services\FgpoService.cs(85,13): error CS0117: 'Fgpo' no contiene una definición para 'Color' [D:\TEXNICA\ERP-API\ERP.Api\ERP.Api.csproj]
   2:6>D:\TEXNICA\ERP-API\ERP.Api\Services\FgpoService.cs(92,25): error CS0029: No se puede convertir implícitamente el tipo 'string' en 'ERP.Api.Domain.User' [D:\TEXNICA\ERP-API\ERP.Api\ERP.Api.csproj]
   2:6>D:\TEXNICA\ERP-API\ERP.Api\Services\MillTestService.cs(238,20): error CS1061: "MillTest" no contiene una definición para "Supplier" ni un método de extensión accesible "Supplier" que acepte un primer argumento del tipo "MillTest" (¿falta alguna directiva using o una referencia de ensamblado?) [D:\TEXNICA\ERP-API\ERP.Api\ERP.Api.csproj]
   2:6>D:\TEXNICA\ERP-API\ERP.Api\Services\MillTestService.cs(238,42): error CS1061: "MillTest" no contiene una definición para "Supplier" ni un método de extensión accesible "Supplier" que acepte un primer argumento del tipo "MillTest" (¿falta alguna directiva using o una referencia de ensamblado?) [D:\TEXNICA\ERP-API\ERP.Api\ERP.Api.csproj]
   2:6>D:\TEXNICA\ERP-API\ERP.Api\Services\MillTestService.cs(239,40): error CS1929: 'User' no contiene una definición para 'Contains' y la mejor sobrecarga del método de extensión 'MemoryExtensions.Contains<string>(ReadOnlySpan<string>, string)' requiere un receptor del tipo 'System.ReadOnlySpan<string>' [D:\TEXNICA\ERP-API\ERP.Api\ERP.Api.csproj]
   2:6>D:\TEXNICA\ERP-API\ERP.Api\Services\MillTestService.cs(267,57): error CS1061: "MillTest" no contiene una definición para "Supplier" ni un método de extensión accesible "Supplier" que acepte un primer argumento del tipo "MillTest" (¿falta alguna directiva using o una referencia de ensamblado?) [D:\TEXNICA\ERP-API\ERP.Api\ERP.Api.csproj]
   2:6>D:\TEXNICA\ERP-API\ERP.Api\Services\MillTestService.cs(268,66): error CS1061: "MillTest" no contiene una definición para "Supplier" ni un método de extensión accesible "Supplier" que acepte un primer argumento del tipo "MillTest" (¿falta alguna directiva using o una referencia de ensamblado?) [D:\TEXNICA\ERP-API\ERP.Api\ERP.Api.csproj]
   2:6>D:\TEXNICA\ERP-API\ERP.Api\Services\FourPointService.cs(175,28): error CS0029: No se puede convertir implícitamente el tipo 'string' en 'ERP.Api.Domain.User' [D:\TEXNICA\ERP-API\ERP.Api\ERP.Api.csproj]
   2:6>D:\TEXNICA\ERP-API\ERP.Api\Services\InternalTestService.cs(210,40): error CS1929: 'User' no contiene una definición para 'Contains' y la mejor sobrecarga del método de extensión 'MemoryExtensions.Contains<string>(ReadOnlySpan<string>, string)' requiere un receptor del tipo 'System.ReadOnlySpan<string>' [D:\TEXNICA\ERP-API\ERP.Api\ERP.Api.csproj]
   2:6>D:\TEXNICA\ERP-API\ERP.Api\Services\MillTestService.cs(335,29): error CS1061: "MillTest" no contiene una definición para "Supplier" ni un método de extensión accesible "Supplier" que acepte un primer argumento del tipo "MillTest" (¿falta alguna directiva using o una referencia de ensamblado?) [D:\TEXNICA\ERP-API\ERP.Api\ERP.Api.csproj]
   2:6>D:\TEXNICA\ERP-API\ERP.Api\Services\MillTestService.cs(351,24): error CS0029: No se puede convertir implícitamente el tipo 'ERP.Api.Domain.User' en 'string' [D:\TEXNICA\ERP-API\ERP.Api\ERP.Api.csproj]
   2:6>D:\TEXNICA\ERP-API\ERP.Api\Services\FgpoService.cs(149,16): error CS1061: "Fgpo" no contiene una definición para "Style" ni un método de extensión accesible "Style" que acepte un primer argumento del tipo "Fgpo" (¿falta alguna directiva using o una referencia de ensamblado?) [D:\TEXNICA\ERP-API\ERP.Api\ERP.Api.csproj]
   2:6>D:\TEXNICA\ERP-API\ERP.Api\Services\FgpoService.cs(150,16): error CS1061: "Fgpo" no contiene una definición para "Color" ni un método de extensión accesible "Color" que acepte un primer argumento del tipo "Fgpo" (¿falta alguna directiva using o una referencia de ensamblado?) [D:\TEXNICA\ERP-API\ERP.Api\ERP.Api.csproj]
   2:6>D:\TEXNICA\ERP-API\ERP.Api\Services\FgpoService.cs(157,28): error CS0029: No se puede convertir implícitamente el tipo 'string' en 'ERP.Api.Domain.User' [D:\TEXNICA\ERP-API\ERP.Api\ERP.Api.csproj]
   2:6>D:\TEXNICA\ERP-API\ERP.Api\Services\InternalTestService.cs(335,29): error CS1061: "InternalTest" no contiene una definición para "Supplier" ni un método de extensión accesible "Supplier" que acepte un primer argumento del tipo "InternalTest" (¿falta alguna directiva using o una referencia de ensamblado?) [D:\TEXNICA\ERP-API\ERP.Api\ERP.Api.csproj]
   2:6>D:\TEXNICA\ERP-API\ERP.Api\Services\InternalTestService.cs(360,24): error CS0029: No se puede convertir implícitamente el tipo 'ERP.Api.Domain.User' en 'string' [D:\TEXNICA\ERP-API\ERP.Api\ERP.Api.csproj]
   2:6>D:\TEXNICA\ERP-API\ERP.Api\Services\InternalTestService.cs(361,26): error CS0029: No se puede convertir implícitamente el tipo 'ERP.Api.Domain.User' en 'string' [D:\TEXNICA\ERP-API\ERP.Api\ERP.Api.csproj]
   2:6>D:\TEXNICA\ERP-API\ERP.Api\Services\MillProductionService.cs(239,20): error CS1061: "MillProduction" no contiene una definición para "Supplier" ni un método de extensión accesible "Supplier" que acepte un primer argumento del tipo "MillProduction" (¿falta alguna directiva using o una referencia de ensamblado?) [D:\TEXNICA\ERP-API\ERP.Api\ERP.Api.csproj]
   2:6>D:\TEXNICA\ERP-API\ERP.Api\Services\MillProductionService.cs(239,42): error CS1061: "MillProduction" no contiene una definición para "Supplier" ni un método de extensión accesible "Supplier" que acepte un primer argumento del tipo "MillProduction" (¿falta alguna directiva using o una referencia de ensamblado?) [D:\TEXNICA\ERP-API\ERP.Api\ERP.Api.csproj]
   2:6>D:\TEXNICA\ERP-API\ERP.Api\Services\MillProductionService.cs(241,20): error CS1061: "MillProduction" no contiene una definición para "FabricComponent" ni un método de extensión accesible "FabricComponent" que acepte un primer argumento del tipo "MillProduction" (¿falta alguna directiva using o una referencia de ensamblado?) [D:\TEXNICA\ERP-API\ERP.Api\ERP.Api.csproj]
   2:6>D:\TEXNICA\ERP-API\ERP.Api\Services\MillProductionService.cs(241,49): error CS1061: "MillProduction" no contiene una definición para "FabricComponent" ni un método de extensión accesible "FabricComponent" que acepte un primer argumento del tipo "MillProduction" (¿falta alguna directiva using o una referencia de ensamblado?) [D:\TEXNICA\ERP-API\ERP.Api\ERP.Api.csproj]
   2:6>D:\TEXNICA\ERP-API\ERP.Api\Services\MillProductionService.cs(253,40): error CS1061: "MillProduction" no contiene una definición para "Supplier" ni un método de extensión accesible "Supplier" que acepte un primer argumento del tipo "MillProduction" (¿falta alguna directiva using o una referencia de ensamblado?) [D:\TEXNICA\ERP-API\ERP.Api\ERP.Api.csproj]
   2:6>D:\TEXNICA\ERP-API\ERP.Api\Services\MillProductionService.cs(253,62): error CS1061: "MillProduction" no contiene una definición para "Supplier" ni un método de extensión accesible "Supplier" que acepte un primer argumento del tipo "MillProduction" (¿falta alguna directiva using o una referencia de ensamblado?) [D:\TEXNICA\ERP-API\ERP.Api\ERP.Api.csproj]
   2:6>D:\TEXNICA\ERP-API\ERP.Api\Services\MillProductionService.cs(269,57): error CS1061: "MillProduction" no contiene una definición para "Supplier" ni un método de extensión accesible "Supplier" que acepte un primer argumento del tipo "MillProduction" (¿falta alguna directiva using o una referencia de ensamblado?) [D:\TEXNICA\ERP-API\ERP.Api\ERP.Api.csproj]
   2:6>D:\TEXNICA\ERP-API\ERP.Api\Services\MillProductionService.cs(270,66): error CS1061: "MillProduction" no contiene una definición para "Supplier" ni un método de extensión accesible "Supplier" que acepte un primer argumento del tipo "MillProduction" (¿falta alguna directiva using o una referencia de ensamblado?) [D:\TEXNICA\ERP-API\ERP.Api\ERP.Api.csproj]
   2:6>D:\TEXNICA\ERP-API\ERP.Api\Services\MillProductionService.cs(347,29): error CS1061: "MillProduction" no contiene una definición para "Supplier" ni un método de extensión accesible "Supplier" que acepte un primer argumento del tipo "MillProduction" (¿falta alguna directiva using o una referencia de ensamblado?) [D:\TEXNICA\ERP-API\ERP.Api\ERP.Api.csproj]
   2:6>D:\TEXNICA\ERP-API\ERP.Api\Services\MillProductionService.cs(348,36): error CS1061: "MillProduction" no contiene una definición para "FabricComponent" ni un método de extensión accesible "FabricComponent" que acepte un primer argumento del tipo "MillProduction" (¿falta alguna directiva using o una referencia de ensamblado?) [D:\TEXNICA\ERP-API\ERP.Api\ERP.Api.csproj]
   2:6>D:\TEXNICA\ERP-API\ERP.Api\Services\MillProductionService.cs(364,25): error CS0029: No se puede convertir implícitamente el tipo 'ERP.Api.Domain.User' en 'string' [D:\TEXNICA\ERP-API\ERP.Api\ERP.Api.csproj]
   2:6>D:\TEXNICA\ERP-API\ERP.Api\Services\FgpoService.cs(203,20): error CS1061: "Fgpo" no contiene una definición para "Style" ni un método de extensión accesible "Style" que acepte un primer argumento del tipo "Fgpo" (¿falta alguna directiva using o una referencia de ensamblado?) [D:\TEXNICA\ERP-API\ERP.Api\ERP.Api.csproj]
   2:6>D:\TEXNICA\ERP-API\ERP.Api\Services\FgpoService.cs(203,39): error CS1061: "Fgpo" no contiene una definición para "Style" ni un método de extensión accesible "Style" que acepte un primer argumento del tipo "Fgpo" (¿falta alguna directiva using o una referencia de ensamblado?) [D:\TEXNICA\ERP-API\ERP.Api\ERP.Api.csproj]
   2:6>D:\TEXNICA\ERP-API\ERP.Api\Services\FgpoService.cs(204,20): error CS1061: "Fgpo" no contiene una definición para "Color" ni un método de extensión accesible "Color" que acepte un primer argumento del tipo "Fgpo" (¿falta alguna directiva using o una referencia de ensamblado?) [D:\TEXNICA\ERP-API\ERP.Api\ERP.Api.csproj]
   2:6>D:\TEXNICA\ERP-API\ERP.Api\Services\FgpoService.cs(204,39): error CS1061: "Fgpo" no contiene una definición para "Color" ni un método de extensión accesible "Color" que acepte un primer argumento del tipo "Fgpo" (¿falta alguna directiva using o una referencia de ensamblado?) [D:\TEXNICA\ERP-API\ERP.Api\ERP.Api.csproj]
   2:6>D:\TEXNICA\ERP-API\ERP.Api\Services\FgpoService.cs(205,41): error CS1929: 'User' no contiene una definición para 'Contains' y la mejor sobrecarga del método de extensión 'MemoryExtensions.Contains<string>(ReadOnlySpan<string>, string)' requiere un receptor del tipo 'System.ReadOnlySpan<string>' [D:\TEXNICA\ERP-API\ERP.Api\ERP.Api.csproj]
   2:6>D:\TEXNICA\ERP-API\ERP.Api\Services\InlineQualityService.cs(263,31): error CS1061: "Fgpo" no contiene una definición para "Style" ni un método de extensión accesible "Style" que acepte un primer argumento del tipo "Fgpo" (¿falta alguna directiva using o una referencia de ensamblado?) [D:\TEXNICA\ERP-API\ERP.Api\ERP.Api.csproj]
   2:6>D:\TEXNICA\ERP-API\ERP.Api\Services\InlineQualityService.cs(264,31): error CS1061: "Fgpo" no contiene una definición para "Color" ni un método de extensión accesible "Color" que acepte un primer argumento del tipo "Fgpo" (¿falta alguna directiva using o una referencia de ensamblado?) [D:\TEXNICA\ERP-API\ERP.Api\ERP.Api.csproj]
   2:6>D:\TEXNICA\ERP-API\ERP.Api\Services\InlineQualityService.cs(277,25): error CS0029: No se puede convertir implícitamente el tipo 'ERP.Api.Domain.User' en 'string' [D:\TEXNICA\ERP-API\ERP.Api\ERP.Api.csproj]
   2:6>D:\TEXNICA\ERP-API\ERP.Api\Services\FourPointService.cs(221,41): error CS1929: 'User' no contiene una definición para 'Contains' y la mejor sobrecarga del método de extensión 'MemoryExtensions.Contains<string>(ReadOnlySpan<string>, string)' requiere un receptor del tipo 'System.ReadOnlySpan<string>' [D:\TEXNICA\ERP-API\ERP.Api\ERP.Api.csproj]
   2:6>D:\TEXNICA\ERP-API\ERP.Api\Services\FabricShipmentService.cs(120,13): error CS0117: 'FabricShipment' no contiene una definición para 'Supplier' [D:\TEXNICA\ERP-API\ERP.Api\ERP.Api.csproj]
   2:6>D:\TEXNICA\ERP-API\ERP.Api\Services\FabricShipmentService.cs(135,25): error CS0029: No se puede convertir implícitamente el tipo 'string' en 'ERP.Api.Domain.User' [D:\TEXNICA\ERP-API\ERP.Api\ERP.Api.csproj]
   2:6>D:\TEXNICA\ERP-API\ERP.Api\Services\FabricShipmentService.cs(181,16): error CS1061: "FabricShipment" no contiene una definición para "Supplier" ni un método de extensión accesible "Supplier" que acepte un primer argumento del tipo "FabricShipment" (¿falta alguna directiva using o una referencia de ensamblado?) [D:\TEXNICA\ERP-API\ERP.Api\ERP.Api.csproj]
   2:6>D:\TEXNICA\ERP-API\ERP.Api\Services\FabricShipmentService.cs(196,28): error CS0029: No se puede convertir implícitamente el tipo 'string' en 'ERP.Api.Domain.User' [D:\TEXNICA\ERP-API\ERP.Api\ERP.Api.csproj]
   2:6>D:\TEXNICA\ERP-API\ERP.Api\Services\FourPointService.cs(357,24): error CS0029: No se puede convertir implícitamente el tipo 'ERP.Api.Domain.Supplier' en 'string' [D:\TEXNICA\ERP-API\ERP.Api\ERP.Api.csproj]
   2:6>D:\TEXNICA\ERP-API\ERP.Api\Services\FourPointService.cs(374,25): error CS0029: No se puede convertir implícitamente el tipo 'ERP.Api.Domain.User' en 'string' [D:\TEXNICA\ERP-API\ERP.Api\ERP.Api.csproj]
   2:6>D:\TEXNICA\ERP-API\ERP.Api\Services\FgpoService.cs(234,20): error CS1061: "Fgpo" no contiene una definición para "Style" ni un método de extensión accesible "Style" que acepte un primer argumento del tipo "Fgpo" (¿falta alguna directiva using o una referencia de ensamblado?) [D:\TEXNICA\ERP-API\ERP.Api\ERP.Api.csproj]
   2:6>D:\TEXNICA\ERP-API\ERP.Api\Services\FgpoService.cs(234,39): error CS1061: "Fgpo" no contiene una definición para "Style" ni un método de extensión accesible "Style" que acepte un primer argumento del tipo "Fgpo" (¿falta alguna directiva using o una referencia de ensamblado?) [D:\TEXNICA\ERP-API\ERP.Api\ERP.Api.csproj]
   2:6>D:\TEXNICA\ERP-API\ERP.Api\Services\FgpoService.cs(235,20): error CS1061: "Fgpo" no contiene una definición para "Color" ni un método de extensión accesible "Color" que acepte un primer argumento del tipo "Fgpo" (¿falta alguna directiva using o una referencia de ensamblado?) [D:\TEXNICA\ERP-API\ERP.Api\ERP.Api.csproj]
   2:6>D:\TEXNICA\ERP-API\ERP.Api\Services\FgpoService.cs(235,39): error CS1061: "Fgpo" no contiene una definición para "Color" ni un método de extensión accesible "Color" que acepte un primer argumento del tipo "Fgpo" (¿falta alguna directiva using o una referencia de ensamblado?) [D:\TEXNICA\ERP-API\ERP.Api\ERP.Api.csproj]
   2:6>D:\TEXNICA\ERP-API\ERP.Api\Services\FgpoService.cs(236,41): error CS1929: 'User' no contiene una definición para 'Contains' y la mejor sobrecarga del método de extensión 'MemoryExtensions.Contains<string>(ReadOnlySpan<string>, string)' requiere un receptor del tipo 'System.ReadOnlySpan<string>' [D:\TEXNICA\ERP-API\ERP.Api\ERP.Api.csproj]
   2:6>D:\TEXNICA\ERP-API\ERP.Api\Services\FgpoService.cs(265,54): error CS1061: "Fgpo" no contiene una definición para "Style" ni un método de extensión accesible "Style" que acepte un primer argumento del tipo "Fgpo" (¿falta alguna directiva using o una referencia de ensamblado?) [D:\TEXNICA\ERP-API\ERP.Api\ERP.Api.csproj]
   2:6>D:\TEXNICA\ERP-API\ERP.Api\Services\FgpoService.cs(266,63): error CS1061: "Fgpo" no contiene una definición para "Style" ni un método de extensión accesible "Style" que acepte un primer argumento del tipo "Fgpo" (¿falta alguna directiva using o una referencia de ensamblado?) [D:\TEXNICA\ERP-API\ERP.Api\ERP.Api.csproj]
   2:6>D:\TEXNICA\ERP-API\ERP.Api\Services\FgpoService.cs(267,54): error CS1061: "Fgpo" no contiene una definición para "Color" ni un método de extensión accesible "Color" que acepte un primer argumento del tipo "Fgpo" (¿falta alguna directiva using o una referencia de ensamblado?) [D:\TEXNICA\ERP-API\ERP.Api\ERP.Api.csproj]
   2:6>D:\TEXNICA\ERP-API\ERP.Api\Services\FgpoService.cs(268,63): error CS1061: "Fgpo" no contiene una definición para "Color" ni un método de extensión accesible "Color" que acepte un primer argumento del tipo "Fgpo" (¿falta alguna directiva using o una referencia de ensamblado?) [D:\TEXNICA\ERP-API\ERP.Api\ERP.Api.csproj]
   2:6>D:\TEXNICA\ERP-API\ERP.Api\Services\FabricReservationService.cs(66,13): error CS0117: 'FabricReservation' no contiene una definición para 'FabricComponent' [D:\TEXNICA\ERP-API\ERP.Api\ERP.Api.csproj]
   2:6>D:\TEXNICA\ERP-API\ERP.Api\Services\FabricReservationService.cs(66,40): error CS1061: "FabricPO" no contiene una definición para "FabricComponent" ni un método de extensión accesible "FabricComponent" que acepte un primer argumento del tipo "FabricPO" (¿falta alguna directiva using o una referencia de ensamblado?) [D:\TEXNICA\ERP-API\ERP.Api\ERP.Api.csproj]
   2:6>D:\TEXNICA\ERP-API\ERP.Api\Services\FabricReservationService.cs(69,13): error CS0117: 'FabricReservation' no contiene una definición para 'UOM' [D:\TEXNICA\ERP-API\ERP.Api\ERP.Api.csproj]
   2:6>D:\TEXNICA\ERP-API\ERP.Api\Services\FabricReservationService.cs(72,26): error CS0029: No se puede convertir implícitamente el tipo 'string' en 'ERP.Api.Domain.User' [D:\TEXNICA\ERP-API\ERP.Api\ERP.Api.csproj]
   2:6>D:\TEXNICA\ERP-API\ERP.Api\Services\FabricReservationService.cs(73,26): error CS0029: No se puede convertir implícitamente el tipo 'string' en 'ERP.Api.Domain.User' [D:\TEXNICA\ERP-API\ERP.Api\ERP.Api.csproj]
   2:6>D:\TEXNICA\ERP-API\ERP.Api\Services\FabricReservationService.cs(104,16): error CS1061: "FabricReservation" no contiene una definición para "FabricComponent" ni un método de extensión accesible "FabricComponent" que acepte un primer argumento del tipo "FabricReservation" (¿falta alguna directiva using o una referencia de ensamblado?) [D:\TEXNICA\ERP-API\ERP.Api\ERP.Api.csproj]
   2:6>D:\TEXNICA\ERP-API\ERP.Api\Services\FabricReservationService.cs(104,43): error CS1061: "FabricPO" no contiene una definición para "FabricComponent" ni un método de extensión accesible "FabricComponent" que acepte un primer argumento del tipo "FabricPO" (¿falta alguna directiva using o una referencia de ensamblado?) [D:\TEXNICA\ERP-API\ERP.Api\ERP.Api.csproj]
   2:6>D:\TEXNICA\ERP-API\ERP.Api\Services\FabricReservationService.cs(107,16): error CS1061: "FabricReservation" no contiene una definición para "UOM" ni un método de extensión accesible "UOM" que acepte un primer argumento del tipo "FabricReservation" (¿falta alguna directiva using o una referencia de ensamblado?) [D:\TEXNICA\ERP-API\ERP.Api\ERP.Api.csproj]
   2:6>D:\TEXNICA\ERP-API\ERP.Api\Services\FabricReservationService.cs(110,29): error CS0029: No se puede convertir implícitamente el tipo 'string' en 'ERP.Api.Domain.User' [D:\TEXNICA\ERP-API\ERP.Api\ERP.Api.csproj]
   2:6>D:\TEXNICA\ERP-API\ERP.Api\Services\FabricReservationService.cs(111,29): error CS0029: No se puede convertir implícitamente el tipo 'string' en 'ERP.Api.Domain.User' [D:\TEXNICA\ERP-API\ERP.Api\ERP.Api.csproj]
   2:6>D:\TEXNICA\ERP-API\ERP.Api\Services\FgpoService.cs(362,26): error CS1061: "Fgpo" no contiene una definición para "Style" ni un método de extensión accesible "Style" que acepte un primer argumento del tipo "Fgpo" (¿falta alguna directiva using o una referencia de ensamblado?) [D:\TEXNICA\ERP-API\ERP.Api\ERP.Api.csproj]
   2:6>D:\TEXNICA\ERP-API\ERP.Api\Services\FgpoService.cs(363,26): error CS1061: "Fgpo" no contiene una definición para "Color" ni un método de extensión accesible "Color" que acepte un primer argumento del tipo "Fgpo" (¿falta alguna directiva using o una referencia de ensamblado?) [D:\TEXNICA\ERP-API\ERP.Api\ERP.Api.csproj]
   2:6>D:\TEXNICA\ERP-API\ERP.Api\Services\FgpoService.cs(378,25): error CS0029: No se puede convertir implícitamente el tipo 'ERP.Api.Domain.User' en 'string' [D:\TEXNICA\ERP-API\ERP.Api\ERP.Api.csproj]
   2:6>D:\TEXNICA\ERP-API\ERP.Api\Services\FabricReceivingService.cs(99,13): error CS0117: 'FabricReceiving' no contiene una definición para 'Supplier' [D:\TEXNICA\ERP-API\ERP.Api\ERP.Api.csproj]
   2:6>D:\TEXNICA\ERP-API\ERP.Api\Services\FabricReceivingService.cs(106,26): error CS0029: No se puede convertir implícitamente el tipo 'string' en 'ERP.Api.Domain.User' [D:\TEXNICA\ERP-API\ERP.Api\ERP.Api.csproj]
   2:6>D:\TEXNICA\ERP-API\ERP.Api\Services\FabricReceivingService.cs(107,25): error CS0029: No se puede convertir implícitamente el tipo 'string' en 'ERP.Api.Domain.User' [D:\TEXNICA\ERP-API\ERP.Api\ERP.Api.csproj]
   2:6>D:\TEXNICA\ERP-API\ERP.Api\Services\FabricRequirementService.cs(82,13): error CS0117: 'FabricRequirement' no contiene una definición para 'FabricComponent' [D:\TEXNICA\ERP-API\ERP.Api\ERP.Api.csproj]
   2:6>D:\TEXNICA\ERP-API\ERP.Api\Services\FabricRequirementService.cs(97,25): error CS0029: No se puede convertir implícitamente el tipo 'string' en 'ERP.Api.Domain.User' [D:\TEXNICA\ERP-API\ERP.Api\ERP.Api.csproj]
   2:6>D:\TEXNICA\ERP-API\ERP.Api\Services\FabricRequirementService.cs(139,16): error CS1061: "FabricRequirement" no contiene una definición para "FabricComponent" ni un método de extensión accesible "FabricComponent" que acepte un primer argumento del tipo "FabricRequirement" (¿falta alguna directiva using o una referencia de ensamblado?) [D:\TEXNICA\ERP-API\ERP.Api\ERP.Api.csproj]
   2:6>D:\TEXNICA\ERP-API\ERP.Api\Services\FabricRequirementService.cs(154,28): error CS0029: No se puede convertir implícitamente el tipo 'string' en 'ERP.Api.Domain.User' [D:\TEXNICA\ERP-API\ERP.Api\ERP.Api.csproj]
   2:6>D:\TEXNICA\ERP-API\ERP.Api\Services\FabricPOService.cs(98,24): error CS0029: No se puede convertir implícitamente el tipo 'string' en 'ERP.Api.Domain.Supplier' [D:\TEXNICA\ERP-API\ERP.Api\ERP.Api.csproj]
   2:6>D:\TEXNICA\ERP-API\ERP.Api\Services\FabricPOService.cs(100,13): error CS0117: 'FabricPO' no contiene una definición para 'FabricComponent' [D:\TEXNICA\ERP-API\ERP.Api\ERP.Api.csproj]
   2:6>D:\TEXNICA\ERP-API\ERP.Api\Services\FabricPOService.cs(110,29): error CS0029: No se puede convertir implícitamente el tipo 'string' en 'ERP.Api.Domain.User' [D:\TEXNICA\ERP-API\ERP.Api\ERP.Api.csproj]
   2:6>D:\TEXNICA\ERP-API\ERP.Api\Services\FabricPOService.cs(111,26): error CS0029: No se puede convertir implícitamente el tipo 'string' en 'ERP.Api.Domain.User' [D:\TEXNICA\ERP-API\ERP.Api\ERP.Api.csproj]
   2:6>D:\TEXNICA\ERP-API\ERP.Api\Services\FabricReceivingService.cs(153,16): error CS1061: "FabricReceiving" no contiene una definición para "Supplier" ni un método de extensión accesible "Supplier" que acepte un primer argumento del tipo "FabricReceiving" (¿falta alguna directiva using o una referencia de ensamblado?) [D:\TEXNICA\ERP-API\ERP.Api\ERP.Api.csproj]
   2:6>D:\TEXNICA\ERP-API\ERP.Api\Services\FabricReceivingService.cs(160,29): error CS0029: No se puede convertir implícitamente el tipo 'string' en 'ERP.Api.Domain.User' [D:\TEXNICA\ERP-API\ERP.Api\ERP.Api.csproj]
   2:6>D:\TEXNICA\ERP-API\ERP.Api\Services\FabricReceivingService.cs(161,28): error CS0029: No se puede convertir implícitamente el tipo 'string' en 'ERP.Api.Domain.User' [D:\TEXNICA\ERP-API\ERP.Api\ERP.Api.csproj]
   2:6>D:\TEXNICA\ERP-API\ERP.Api\Services\FabricPOService.cs(171,27): error CS0029: No se puede convertir implícitamente el tipo 'string' en 'ERP.Api.Domain.Supplier' [D:\TEXNICA\ERP-API\ERP.Api\ERP.Api.csproj]
   2:6>D:\TEXNICA\ERP-API\ERP.Api\Services\FabricPOService.cs(173,16): error CS1061: "FabricPO" no contiene una definición para "FabricComponent" ni un método de extensión accesible "FabricComponent" que acepte un primer argumento del tipo "FabricPO" (¿falta alguna directiva using o una referencia de ensamblado?) [D:\TEXNICA\ERP-API\ERP.Api\ERP.Api.csproj]
   2:6>D:\TEXNICA\ERP-API\ERP.Api\Services\FabricPOService.cs(183,32): error CS0029: No se puede convertir implícitamente el tipo 'string' en 'ERP.Api.Domain.User' [D:\TEXNICA\ERP-API\ERP.Api\ERP.Api.csproj]
   2:6>D:\TEXNICA\ERP-API\ERP.Api\Services\FabricPOService.cs(184,29): error CS0029: No se puede convertir implícitamente el tipo 'string' en 'ERP.Api.Domain.User' [D:\TEXNICA\ERP-API\ERP.Api\ERP.Api.csproj]
   2:6>D:\TEXNICA\ERP-API\ERP.Api\Services\FabricShipmentService.cs(264,20): error CS1061: "FabricShipment" no contiene una definición para "Supplier" ni un método de extensión accesible "Supplier" que acepte un primer argumento del tipo "FabricShipment" (¿falta alguna directiva using o una referencia de ensamblado?) [D:\TEXNICA\ERP-API\ERP.Api\ERP.Api.csproj]
   2:6>D:\TEXNICA\ERP-API\ERP.Api\Services\FabricShipmentService.cs(264,42): error CS1061: "FabricShipment" no contiene una definición para "Supplier" ni un método de extensión accesible "Supplier" que acepte un primer argumento del tipo "FabricShipment" (¿falta alguna directiva using o una referencia de ensamblado?) [D:\TEXNICA\ERP-API\ERP.Api\ERP.Api.csproj]
   2:6>D:\TEXNICA\ERP-API\ERP.Api\Services\FabricShipmentService.cs(296,57): error CS1061: "FabricShipment" no contiene una definición para "Supplier" ni un método de extensión accesible "Supplier" que acepte un primer argumento del tipo "FabricShipment" (¿falta alguna directiva using o una referencia de ensamblado?) [D:\TEXNICA\ERP-API\ERP.Api\ERP.Api.csproj]
   2:6>D:\TEXNICA\ERP-API\ERP.Api\Services\FabricShipmentService.cs(297,66): error CS1061: "FabricShipment" no contiene una definición para "Supplier" ni un método de extensión accesible "Supplier" que acepte un primer argumento del tipo "FabricShipment" (¿falta alguna directiva using o una referencia de ensamblado?) [D:\TEXNICA\ERP-API\ERP.Api\ERP.Api.csproj]
   2:6>D:\TEXNICA\ERP-API\ERP.Api\Services\FabricReservationService.cs(150,20): error CS1061: "FabricReservation" no contiene una definición para "FabricComponent" ni un método de extensión accesible "FabricComponent" que acepte un primer argumento del tipo "FabricReservation" (¿falta alguna directiva using o una referencia de ensamblado?) [D:\TEXNICA\ERP-API\ERP.Api\ERP.Api.csproj]
   2:6>D:\TEXNICA\ERP-API\ERP.Api\Services\FabricReservationService.cs(150,49): error CS1061: "FabricReservation" no contiene una definición para "FabricComponent" ni un método de extensión accesible "FabricComponent" que acepte un primer argumento del tipo "FabricReservation" (¿falta alguna directiva using o una referencia de ensamblado?) [D:\TEXNICA\ERP-API\ERP.Api\ERP.Api.csproj]
   2:6>D:\TEXNICA\ERP-API\ERP.Api\Services\FabricReservationService.cs(153,42): error CS1929: 'User' no contiene una definición para 'Contains' y la mejor sobrecarga del método de extensión 'MemoryExtensions.Contains<string>(ReadOnlySpan<string>, string)' requiere un receptor del tipo 'System.ReadOnlySpan<string>' [D:\TEXNICA\ERP-API\ERP.Api\ERP.Api.csproj]
   2:6>D:\TEXNICA\ERP-API\ERP.Api\Services\FabricInventoryService.cs(65,13): error CS0117: 'FabricInventory' no contiene una definición para 'FabricComponent' [D:\TEXNICA\ERP-API\ERP.Api\ERP.Api.csproj]
   2:6>D:\TEXNICA\ERP-API\ERP.Api\Services\FabricInventoryService.cs(65,40): error CS1061: "FabricPO" no contiene una definición para "FabricComponent" ni un método de extensión accesible "FabricComponent" que acepte un primer argumento del tipo "FabricPO" (¿falta alguna directiva using o una referencia de ensamblado?) [D:\TEXNICA\ERP-API\ERP.Api\ERP.Api.csproj]
   2:6>D:\TEXNICA\ERP-API\ERP.Api\Services\FabricInventoryService.cs(67,13): error CS0117: 'FabricInventory' no contiene una definición para 'UOM' [D:\TEXNICA\ERP-API\ERP.Api\ERP.Api.csproj]
   2:6>D:\TEXNICA\ERP-API\ERP.Api\Services\FabricInventoryService.cs(78,25): error CS0029: No se puede convertir implícitamente el tipo 'string' en 'ERP.Api.Domain.User' [D:\TEXNICA\ERP-API\ERP.Api\ERP.Api.csproj]
   2:6>D:\TEXNICA\ERP-API\ERP.Api\Services\FabricReservationService.cs(231,27): error CS1061: "Fgpo" no contiene una definición para "Style" ni un método de extensión accesible "Style" que acepte un primer argumento del tipo "Fgpo" (¿falta alguna directiva using o una referencia de ensamblado?) [D:\TEXNICA\ERP-API\ERP.Api\ERP.Api.csproj]
   2:6>D:\TEXNICA\ERP-API\ERP.Api\Services\FabricReservationService.cs(232,27): error CS1061: "Fgpo" no contiene una definición para "Color" ni un método de extensión accesible "Color" que acepte un primer argumento del tipo "Fgpo" (¿falta alguna directiva using o una referencia de ensamblado?) [D:\TEXNICA\ERP-API\ERP.Api\ERP.Api.csproj]
   2:6>D:\TEXNICA\ERP-API\ERP.Api\Services\FabricReservationService.cs(233,32): error CS1061: "FabricReservation" no contiene una definición para "FabricComponent" ni un método de extensión accesible "FabricComponent" que acepte un primer argumento del tipo "FabricReservation" (¿falta alguna directiva using o una referencia de ensamblado?) [D:\TEXNICA\ERP-API\ERP.Api\ERP.Api.csproj]
   2:6>D:\TEXNICA\ERP-API\ERP.Api\Services\FabricReservationService.cs(237,20): error CS1061: "FabricReservation" no contiene una definición para "UOM" ni un método de extensión accesible "UOM" que acepte un primer argumento del tipo "FabricReservation" (¿falta alguna directiva using o una referencia de ensamblado?) [D:\TEXNICA\ERP-API\ERP.Api\ERP.Api.csproj]
   2:6>D:\TEXNICA\ERP-API\ERP.Api\Services\FabricReservationService.cs(241,22): error CS0029: No se puede convertir implícitamente el tipo 'ERP.Api.Domain.User' en 'string' [D:\TEXNICA\ERP-API\ERP.Api\ERP.Api.csproj]
   2:6>D:\TEXNICA\ERP-API\ERP.Api\Services\FabricReservationService.cs(242,22): error CS0029: No se puede convertir implícitamente el tipo 'ERP.Api.Domain.User' en 'string' [D:\TEXNICA\ERP-API\ERP.Api\ERP.Api.csproj]
   2:6>D:\TEXNICA\ERP-API\ERP.Api\Services\FabricInventoryService.cs(108,16): error CS1061: "FabricInventory" no contiene una definición para "FabricComponent" ni un método de extensión accesible "FabricComponent" que acepte un primer argumento del tipo "FabricInventory" (¿falta alguna directiva using o una referencia de ensamblado?) [D:\TEXNICA\ERP-API\ERP.Api\ERP.Api.csproj]
   2:6>D:\TEXNICA\ERP-API\ERP.Api\Services\FabricInventoryService.cs(108,43): error CS1061: "FabricPO" no contiene una definición para "FabricComponent" ni un método de extensión accesible "FabricComponent" que acepte un primer argumento del tipo "FabricPO" (¿falta alguna directiva using o una referencia de ensamblado?) [D:\TEXNICA\ERP-API\ERP.Api\ERP.Api.csproj]
   2:6>D:\TEXNICA\ERP-API\ERP.Api\Services\FabricInventoryService.cs(110,16): error CS1061: "FabricInventory" no contiene una definición para "UOM" ni un método de extensión accesible "UOM" que acepte un primer argumento del tipo "FabricInventory" (¿falta alguna directiva using o una referencia de ensamblado?) [D:\TEXNICA\ERP-API\ERP.Api\ERP.Api.csproj]
   2:6>D:\TEXNICA\ERP-API\ERP.Api\Services\FabricInventoryService.cs(121,28): error CS0029: No se puede convertir implícitamente el tipo 'string' en 'ERP.Api.Domain.User' [D:\TEXNICA\ERP-API\ERP.Api\ERP.Api.csproj]
   2:6>D:\TEXNICA\ERP-API\ERP.Api\Services\FabricShipmentService.cs(373,29): error CS1061: "FabricShipment" no contiene una definición para "Supplier" ni un método de extensión accesible "Supplier" que acepte un primer argumento del tipo "FabricShipment" (¿falta alguna directiva using o una referencia de ensamblado?) [D:\TEXNICA\ERP-API\ERP.Api\ERP.Api.csproj]
   2:6>D:\TEXNICA\ERP-API\ERP.Api\Services\FabricShipmentService.cs(390,25): error CS0029: No se puede convertir implícitamente el tipo 'ERP.Api.Domain.User' en 'string' [D:\TEXNICA\ERP-API\ERP.Api\ERP.Api.csproj]
   2:6>D:\TEXNICA\ERP-API\ERP.Api\Services\FabricReceivingService.cs(206,20): error CS1061: "FabricReceiving" no contiene una definición para "Supplier" ni un método de extensión accesible "Supplier" que acepte un primer argumento del tipo "FabricReceiving" (¿falta alguna directiva using o una referencia de ensamblado?) [D:\TEXNICA\ERP-API\ERP.Api\ERP.Api.csproj]
   2:6>D:\TEXNICA\ERP-API\ERP.Api\Services\FabricReceivingService.cs(206,42): error CS1061: "FabricReceiving" no contiene una definición para "Supplier" ni un método de extensión accesible "Supplier" que acepte un primer argumento del tipo "FabricReceiving" (¿falta alguna directiva using o una referencia de ensamblado?) [D:\TEXNICA\ERP-API\ERP.Api\ERP.Api.csproj]
   2:6>D:\TEXNICA\ERP-API\ERP.Api\Services\FabricReceivingService.cs(207,42): error CS1929: 'User' no contiene una definición para 'Contains' y la mejor sobrecarga del método de extensión 'MemoryExtensions.Contains<string>(ReadOnlySpan<string>, string)' requiere un receptor del tipo 'System.ReadOnlySpan<string>' [D:\TEXNICA\ERP-API\ERP.Api\ERP.Api.csproj]
   2:6>D:\TEXNICA\ERP-API\ERP.Api\Services\FabricReceivingService.cs(235,57): error CS1061: "FabricReceiving" no contiene una definición para "Supplier" ni un método de extensión accesible "Supplier" que acepte un primer argumento del tipo "FabricReceiving" (¿falta alguna directiva using o una referencia de ensamblado?) [D:\TEXNICA\ERP-API\ERP.Api\ERP.Api.csproj]
   2:6>D:\TEXNICA\ERP-API\ERP.Api\Services\FabricReceivingService.cs(236,66): error CS1061: "FabricReceiving" no contiene una definición para "Supplier" ni un método de extensión accesible "Supplier" que acepte un primer argumento del tipo "FabricReceiving" (¿falta alguna directiva using o una referencia de ensamblado?) [D:\TEXNICA\ERP-API\ERP.Api\ERP.Api.csproj]
   2:6>D:\TEXNICA\ERP-API\ERP.Api\Services\CuttingPanelQcService.cs(64,20): error CS0029: No se puede convertir implícitamente el tipo 'string' en 'ERP.Api.Domain.Size' [D:\TEXNICA\ERP-API\ERP.Api\ERP.Api.csproj]
   2:6>D:\TEXNICA\ERP-API\ERP.Api\Services\CuttingPanelQcService.cs(75,25): error CS0029: No se puede convertir implícitamente el tipo 'string' en 'ERP.Api.Domain.User' [D:\TEXNICA\ERP-API\ERP.Api\ERP.Api.csproj]
   2:6>D:\TEXNICA\ERP-API\ERP.Api\Services\FabricReceivingService.cs(306,29): error CS1061: "FabricReceiving" no contiene una definición para "Supplier" ni un método de extensión accesible "Supplier" que acepte un primer argumento del tipo "FabricReceiving" (¿falta alguna directiva using o una referencia de ensamblado?) [D:\TEXNICA\ERP-API\ERP.Api\ERP.Api.csproj]
   2:6>D:\TEXNICA\ERP-API\ERP.Api\Services\FabricReceivingService.cs(317,26): error CS0029: No se puede convertir implícitamente el tipo 'ERP.Api.Domain.User' en 'string' [D:\TEXNICA\ERP-API\ERP.Api\ERP.Api.csproj]
   2:6>D:\TEXNICA\ERP-API\ERP.Api\Services\FabricReceivingService.cs(318,25): error CS0029: No se puede convertir implícitamente el tipo 'ERP.Api.Domain.User' en 'string' [D:\TEXNICA\ERP-API\ERP.Api\ERP.Api.csproj]
   2:6>D:\TEXNICA\ERP-API\ERP.Api\Services\CuttingReleaseService.cs(79,26): error CS0029: No se puede convertir implícitamente el tipo 'string' en 'ERP.Api.Domain.User' [D:\TEXNICA\ERP-API\ERP.Api\ERP.Api.csproj]
   2:6>D:\TEXNICA\ERP-API\ERP.Api\Services\CuttingReleaseService.cs(80,26): error CS0029: No se puede convertir implícitamente el tipo 'string' en 'ERP.Api.Domain.User' [D:\TEXNICA\ERP-API\ERP.Api\ERP.Api.csproj]
   2:6>D:\TEXNICA\ERP-API\ERP.Api\Services\CuttingPanelQcService.cs(106,23): error CS0029: No se puede convertir implícitamente el tipo 'string' en 'ERP.Api.Domain.Size' [D:\TEXNICA\ERP-API\ERP.Api\ERP.Api.csproj]
   2:6>D:\TEXNICA\ERP-API\ERP.Api\Services\CuttingPanelQcService.cs(116,28): error CS0029: No se puede convertir implícitamente el tipo 'string' en 'ERP.Api.Domain.User' [D:\TEXNICA\ERP-API\ERP.Api\ERP.Api.csproj]
   2:6>D:\TEXNICA\ERP-API\ERP.Api\Services\CuttingReleaseService.cs(119,29): error CS0029: No se puede convertir implícitamente el tipo 'string' en 'ERP.Api.Domain.User' [D:\TEXNICA\ERP-API\ERP.Api\ERP.Api.csproj]
   2:6>D:\TEXNICA\ERP-API\ERP.Api\Services\CuttingReleaseService.cs(120,29): error CS0029: No se puede convertir implícitamente el tipo 'string' en 'ERP.Api.Domain.User' [D:\TEXNICA\ERP-API\ERP.Api\ERP.Api.csproj]
   2:6>D:\TEXNICA\ERP-API\ERP.Api\Services\FabricRequirementService.cs(202,20): error CS1061: "FabricRequirement" no contiene una definición para "FabricComponent" ni un método de extensión accesible "FabricComponent" que acepte un primer argumento del tipo "FabricRequirement" (¿falta alguna directiva using o una referencia de ensamblado?) [D:\TEXNICA\ERP-API\ERP.Api\ERP.Api.csproj]
   2:6>D:\TEXNICA\ERP-API\ERP.Api\Services\FabricRequirementService.cs(202,49): error CS1061: "FabricRequirement" no contiene una definición para "FabricComponent" ni un método de extensión accesible "FabricComponent" que acepte un primer argumento del tipo "FabricRequirement" (¿falta alguna directiva using o una referencia de ensamblado?) [D:\TEXNICA\ERP-API\ERP.Api\ERP.Api.csproj]
   2:6>D:\TEXNICA\ERP-API\ERP.Api\Services\FabricRequirementService.cs(204,41): error CS1929: 'User' no contiene una definición para 'Contains' y la mejor sobrecarga del método de extensión 'MemoryExtensions.Contains<string>(ReadOnlySpan<string>, string)' requiere un receptor del tipo 'System.ReadOnlySpan<string>' [D:\TEXNICA\ERP-API\ERP.Api\ERP.Api.csproj]
   2:6>D:\TEXNICA\ERP-API\ERP.Api\Services\FabricRequirementService.cs(225,40): error CS1061: "FabricRequirement" no contiene una definición para "FabricComponent" ni un método de extensión accesible "FabricComponent" que acepte un primer argumento del tipo "FabricRequirement" (¿falta alguna directiva using o una referencia de ensamblado?) [D:\TEXNICA\ERP-API\ERP.Api\ERP.Api.csproj]
   2:6>D:\TEXNICA\ERP-API\ERP.Api\Services\FabricRequirementService.cs(225,69): error CS1061: "FabricRequirement" no contiene una definición para "FabricComponent" ni un método de extensión accesible "FabricComponent" que acepte un primer argumento del tipo "FabricRequirement" (¿falta alguna directiva using o una referencia de ensamblado?) [D:\TEXNICA\ERP-API\ERP.Api\ERP.Api.csproj]
   2:6>D:\TEXNICA\ERP-API\ERP.Api\Services\FabricRequirementService.cs(252,64): error CS1061: "FabricRequirement" no contiene una definición para "FabricComponent" ni un método de extensión accesible "FabricComponent" que acepte un primer argumento del tipo "FabricRequirement" (¿falta alguna directiva using o una referencia de ensamblado?) [D:\TEXNICA\ERP-API\ERP.Api\ERP.Api.csproj]
   2:6>D:\TEXNICA\ERP-API\ERP.Api\Services\FabricRequirementService.cs(253,73): error CS1061: "FabricRequirement" no contiene una definición para "FabricComponent" ni un método de extensión accesible "FabricComponent" que acepte un primer argumento del tipo "FabricRequirement" (¿falta alguna directiva using o una referencia de ensamblado?) [D:\TEXNICA\ERP-API\ERP.Api\ERP.Api.csproj]
   2:6>D:\TEXNICA\ERP-API\ERP.Api\Services\FabricInventoryService.cs(160,20): error CS1061: "FabricInventory" no contiene una definición para "FabricComponent" ni un método de extensión accesible "FabricComponent" que acepte un primer argumento del tipo "FabricInventory" (¿falta alguna directiva using o una referencia de ensamblado?) [D:\TEXNICA\ERP-API\ERP.Api\ERP.Api.csproj]
   2:6>D:\TEXNICA\ERP-API\ERP.Api\Services\FabricInventoryService.cs(160,49): error CS1061: "FabricInventory" no contiene una definición para "FabricComponent" ni un método de extensión accesible "FabricComponent" que acepte un primer argumento del tipo "FabricInventory" (¿falta alguna directiva using o una referencia de ensamblado?) [D:\TEXNICA\ERP-API\ERP.Api\ERP.Api.csproj]
   2:6>D:\TEXNICA\ERP-API\ERP.Api\Services\FabricRequirementService.cs(324,36): error CS1061: "FabricRequirement" no contiene una definición para "FabricComponent" ni un método de extensión accesible "FabricComponent" que acepte un primer argumento del tipo "FabricRequirement" (¿falta alguna directiva using o una referencia de ensamblado?) [D:\TEXNICA\ERP-API\ERP.Api\ERP.Api.csproj]
   2:6>D:\TEXNICA\ERP-API\ERP.Api\Services\FabricRequirementService.cs(339,25): error CS0029: No se puede convertir implícitamente el tipo 'ERP.Api.Domain.User' en 'string' [D:\TEXNICA\ERP-API\ERP.Api\ERP.Api.csproj]
   2:6>D:\TEXNICA\ERP-API\ERP.Api\Services\CuttingControlService.cs(64,20): error CS0029: No se puede convertir implícitamente el tipo 'string' en 'ERP.Api.Domain.Size' [D:\TEXNICA\ERP-API\ERP.Api\ERP.Api.csproj]
   2:6>D:\TEXNICA\ERP-API\ERP.Api\Services\CuttingControlService.cs(74,33): error CS0029: No se puede convertir implícitamente el tipo 'string' en 'ERP.Api.Domain.User' [D:\TEXNICA\ERP-API\ERP.Api\ERP.Api.csproj]
   2:6>D:\TEXNICA\ERP-API\ERP.Api\Services\CuttingControlService.cs(104,23): error CS0029: No se puede convertir implícitamente el tipo 'string' en 'ERP.Api.Domain.Size' [D:\TEXNICA\ERP-API\ERP.Api\ERP.Api.csproj]
   2:6>D:\TEXNICA\ERP-API\ERP.Api\Services\CuttingControlService.cs(114,36): error CS0029: No se puede convertir implícitamente el tipo 'string' en 'ERP.Api.Domain.User' [D:\TEXNICA\ERP-API\ERP.Api\ERP.Api.csproj]
   2:6>D:\TEXNICA\ERP-API\ERP.Api\Services\FabricInventoryService.cs(234,27): error CS1061: "Fgpo" no contiene una definición para "Style" ni un método de extensión accesible "Style" que acepte un primer argumento del tipo "Fgpo" (¿falta alguna directiva using o una referencia de ensamblado?) [D:\TEXNICA\ERP-API\ERP.Api\ERP.Api.csproj]
   2:6>D:\TEXNICA\ERP-API\ERP.Api\Services\FabricInventoryService.cs(235,27): error CS1061: "Fgpo" no contiene una definición para "Color" ni un método de extensión accesible "Color" que acepte un primer argumento del tipo "Fgpo" (¿falta alguna directiva using o una referencia de ensamblado?) [D:\TEXNICA\ERP-API\ERP.Api\ERP.Api.csproj]
   2:6>D:\TEXNICA\ERP-API\ERP.Api\Services\FabricInventoryService.cs(236,32): error CS1061: "FabricInventory" no contiene una definición para "FabricComponent" ni un método de extensión accesible "FabricComponent" que acepte un primer argumento del tipo "FabricInventory" (¿falta alguna directiva using o una referencia de ensamblado?) [D:\TEXNICA\ERP-API\ERP.Api\ERP.Api.csproj]
   2:6>D:\TEXNICA\ERP-API\ERP.Api\Services\FabricInventoryService.cs(239,20): error CS1061: "FabricInventory" no contiene una definición para "UOM" ni un método de extensión accesible "UOM" que acepte un primer argumento del tipo "FabricInventory" (¿falta alguna directiva using o una referencia de ensamblado?) [D:\TEXNICA\ERP-API\ERP.Api\ERP.Api.csproj]
   2:6>D:\TEXNICA\ERP-API\ERP.Api\Services\FabricInventoryService.cs(251,21): error CS0029: No se puede convertir implícitamente el tipo 'ERP.Api.Domain.User' en 'string' [D:\TEXNICA\ERP-API\ERP.Api\ERP.Api.csproj]
   2:6>D:\TEXNICA\ERP-API\ERP.Api\Services\FabricPOService.cs(248,40): error CS1929: 'Supplier' no contiene una definición para 'Contains' y la mejor sobrecarga del método de extensión 'MemoryExtensions.Contains<string>(ReadOnlySpan<string>, string)' requiere un receptor del tipo 'System.ReadOnlySpan<string>' [D:\TEXNICA\ERP-API\ERP.Api\ERP.Api.csproj]
   2:6>D:\TEXNICA\ERP-API\ERP.Api\Services\FabricPOService.cs(250,20): error CS1061: "FabricPO" no contiene una definición para "FabricComponent" ni un método de extensión accesible "FabricComponent" que acepte un primer argumento del tipo "FabricPO" (¿falta alguna directiva using o una referencia de ensamblado?) [D:\TEXNICA\ERP-API\ERP.Api\ERP.Api.csproj]
   2:6>D:\TEXNICA\ERP-API\ERP.Api\Services\FabricPOService.cs(250,49): error CS1061: "FabricPO" no contiene una definición para "FabricComponent" ni un método de extensión accesible "FabricComponent" que acepte un primer argumento del tipo "FabricPO" (¿falta alguna directiva using o una referencia de ensamblado?) [D:\TEXNICA\ERP-API\ERP.Api\ERP.Api.csproj]
   2:6>D:\TEXNICA\ERP-API\ERP.Api\Services\FabricPOService.cs(251,45): error CS1929: 'User' no contiene una definición para 'Contains' y la mejor sobrecarga del método de extensión 'MemoryExtensions.Contains<string>(ReadOnlySpan<string>, string)' requiere un receptor del tipo 'System.ReadOnlySpan<string>' [D:\TEXNICA\ERP-API\ERP.Api\ERP.Api.csproj]
   2:6>D:\TEXNICA\ERP-API\ERP.Api\Services\FabricPOService.cs(265,60): error CS1929: 'Supplier' no contiene una definición para 'Contains' y la mejor sobrecarga del método de extensión 'MemoryExtensions.Contains<string>(ReadOnlySpan<string>, string)' requiere un receptor del tipo 'System.ReadOnlySpan<string>' [D:\TEXNICA\ERP-API\ERP.Api\ERP.Api.csproj]
   2:6>D:\TEXNICA\ERP-API\ERP.Api\Services\FabricPOService.cs(275,40): error CS1061: "FabricPO" no contiene una definición para "FabricComponent" ni un método de extensión accesible "FabricComponent" que acepte un primer argumento del tipo "FabricPO" (¿falta alguna directiva using o una referencia de ensamblado?) [D:\TEXNICA\ERP-API\ERP.Api\ERP.Api.csproj]
   2:6>D:\TEXNICA\ERP-API\ERP.Api\Services\FabricPOService.cs(275,69): error CS1061: "FabricPO" no contiene una definición para "FabricComponent" ni un método de extensión accesible "FabricComponent" que acepte un primer argumento del tipo "FabricPO" (¿falta alguna directiva using o una referencia de ensamblado?) [D:\TEXNICA\ERP-API\ERP.Api\ERP.Api.csproj]
   2:6>D:\TEXNICA\ERP-API\ERP.Api\Services\FabricPOService.cs(300,64): error CS1061: "FabricPO" no contiene una definición para "FabricComponent" ni un método de extensión accesible "FabricComponent" que acepte un primer argumento del tipo "FabricPO" (¿falta alguna directiva using o una referencia de ensamblado?) [D:\TEXNICA\ERP-API\ERP.Api\ERP.Api.csproj]
   2:6>D:\TEXNICA\ERP-API\ERP.Api\Services\FabricPOService.cs(301,73): error CS1061: "FabricPO" no contiene una definición para "FabricComponent" ni un método de extensión accesible "FabricComponent" que acepte un primer argumento del tipo "FabricPO" (¿falta alguna directiva using o una referencia de ensamblado?) [D:\TEXNICA\ERP-API\ERP.Api\ERP.Api.csproj]
   2:6>D:\TEXNICA\ERP-API\ERP.Api\Services\CuttingReleaseService.cs(250,31): error CS1061: "Fgpo" no contiene una definición para "Style" ni un método de extensión accesible "Style" que acepte un primer argumento del tipo "Fgpo" (¿falta alguna directiva using o una referencia de ensamblado?) [D:\TEXNICA\ERP-API\ERP.Api\ERP.Api.csproj]
   2:6>D:\TEXNICA\ERP-API\ERP.Api\Services\CuttingReleaseService.cs(251,31): error CS1061: "Fgpo" no contiene una definición para "Color" ni un método de extensión accesible "Color" que acepte un primer argumento del tipo "Fgpo" (¿falta alguna directiva using o una referencia de ensamblado?) [D:\TEXNICA\ERP-API\ERP.Api\ERP.Api.csproj]
   2:6>D:\TEXNICA\ERP-API\ERP.Api\Services\CuttingReleaseService.cs(258,26): error CS0029: No se puede convertir implícitamente el tipo 'ERP.Api.Domain.User' en 'string' [D:\TEXNICA\ERP-API\ERP.Api\ERP.Api.csproj]
   2:6>D:\TEXNICA\ERP-API\ERP.Api\Services\CuttingReleaseService.cs(259,26): error CS0029: No se puede convertir implícitamente el tipo 'ERP.Api.Domain.User' en 'string' [D:\TEXNICA\ERP-API\ERP.Api\ERP.Api.csproj]
   2:6>D:\TEXNICA\ERP-API\ERP.Api\Services\CuttingPanelQcService.cs(237,31): error CS1061: "Fgpo" no contiene una definición para "Style" ni un método de extensión accesible "Style" que acepte un primer argumento del tipo "Fgpo" (¿falta alguna directiva using o una referencia de ensamblado?) [D:\TEXNICA\ERP-API\ERP.Api\ERP.Api.csproj]
   2:6>D:\TEXNICA\ERP-API\ERP.Api\Services\CuttingPanelQcService.cs(238,31): error CS1061: "Fgpo" no contiene una definición para "Color" ni un método de extensión accesible "Color" que acepte un primer argumento del tipo "Fgpo" (¿falta alguna directiva using o una referencia de ensamblado?) [D:\TEXNICA\ERP-API\ERP.Api\ERP.Api.csproj]
   2:6>D:\TEXNICA\ERP-API\ERP.Api\Services\CuttingPanelQcService.cs(239,20): error CS0029: No se puede convertir implícitamente el tipo 'ERP.Api.Domain.Size' en 'string' [D:\TEXNICA\ERP-API\ERP.Api\ERP.Api.csproj]
   2:6>D:\TEXNICA\ERP-API\ERP.Api\Services\CuttingPanelQcService.cs(253,25): error CS0029: No se puede convertir implícitamente el tipo 'ERP.Api.Domain.User' en 'string' [D:\TEXNICA\ERP-API\ERP.Api\ERP.Api.csproj]
   2:6>D:\TEXNICA\ERP-API\ERP.Api\Services\CuttingControlService.cs(156,36): error CS1929: 'Size' no contiene una definición para 'Contains' y la mejor sobrecarga del método de extensión 'MemoryExtensions.Contains<string>(ReadOnlySpan<string>, string)' requiere un receptor del tipo 'System.ReadOnlySpan<string>' [D:\TEXNICA\ERP-API\ERP.Api\ERP.Api.csproj]
   2:6>D:\TEXNICA\ERP-API\ERP.Api\Services\CuttingControlService.cs(158,49): error CS1929: 'User' no contiene una definición para 'Contains' y la mejor sobrecarga del método de extensión 'MemoryExtensions.Contains<string>(ReadOnlySpan<string>, string)' requiere un receptor del tipo 'System.ReadOnlySpan<string>' [D:\TEXNICA\ERP-API\ERP.Api\ERP.Api.csproj]
   2:6>D:\TEXNICA\ERP-API\ERP.Api\Services\FabricPOService.cs(419,24): error CS0029: No se puede convertir implícitamente el tipo 'ERP.Api.Domain.Supplier' en 'string' [D:\TEXNICA\ERP-API\ERP.Api\ERP.Api.csproj]
   2:6>D:\TEXNICA\ERP-API\ERP.Api\Services\FabricPOService.cs(421,36): error CS1061: "FabricPO" no contiene una definición para "FabricComponent" ni un método de extensión accesible "FabricComponent" que acepte un primer argumento del tipo "FabricPO" (¿falta alguna directiva using o una referencia de ensamblado?) [D:\TEXNICA\ERP-API\ERP.Api\ERP.Api.csproj]
   2:6>D:\TEXNICA\ERP-API\ERP.Api\Services\FabricPOService.cs(431,29): error CS0029: No se puede convertir implícitamente el tipo 'ERP.Api.Domain.User' en 'string' [D:\TEXNICA\ERP-API\ERP.Api\ERP.Api.csproj]
   2:6>D:\TEXNICA\ERP-API\ERP.Api\Services\FabricPOService.cs(432,26): error CS0029: No se puede convertir implícitamente el tipo 'ERP.Api.Domain.User' en 'string' [D:\TEXNICA\ERP-API\ERP.Api\ERP.Api.csproj]
   2:6>D:\TEXNICA\ERP-API\ERP.Api\Services\CuttingControlService.cs(229,31): error CS1061: "Fgpo" no contiene una definición para "Style" ni un método de extensión accesible "Style" que acepte un primer argumento del tipo "Fgpo" (¿falta alguna directiva using o una referencia de ensamblado?) [D:\TEXNICA\ERP-API\ERP.Api\ERP.Api.csproj]
   2:6>D:\TEXNICA\ERP-API\ERP.Api\Services\CuttingControlService.cs(230,31): error CS1061: "Fgpo" no contiene una definición para "Color" ni un método de extensión accesible "Color" que acepte un primer argumento del tipo "Fgpo" (¿falta alguna directiva using o una referencia de ensamblado?) [D:\TEXNICA\ERP-API\ERP.Api\ERP.Api.csproj]
   2:6>D:\TEXNICA\ERP-API\ERP.Api\Services\CuttingControlService.cs(231,20): error CS0029: No se puede convertir implícitamente el tipo 'ERP.Api.Domain.Size' en 'string' [D:\TEXNICA\ERP-API\ERP.Api\ERP.Api.csproj]
   2:6>D:\TEXNICA\ERP-API\ERP.Api\Services\CuttingControlService.cs(245,33): error CS0029: No se puede convertir implícitamente el tipo 'ERP.Api.Domain.User' en 'string' [D:\TEXNICA\ERP-API\ERP.Api\ERP.Api.csproj]
         CompilerServer: server - server processed compilation - ERP.Api (net9.0)
       Ejecución de la tarea "Csc" terminada -- ERROR.
   2:6>Compilación terminada del destino "CoreCompile" en el proyecto "ERP.Api.csproj" -- ERROR.
   2:6>Destino "_CheckForCompileOutputs" en el archivo "C:\Program Files\dotnet\sdk\10.0.302\Microsoft.Common.CurrentVersion.targets" del proyecto "D:\TEXNICA\ERP-API\ERP.Api\ERP.Api.csproj" (el destino "_CleanGetCurrentAndPriorFileWrites" depende de él):
   2:6>Compilación terminada del destino "_CheckForCompileOutputs" en el proyecto "ERP.Api.csproj".
   2:6>Destino "_CleanGetCurrentAndPriorFileWrites" en el archivo "C:\Program Files\dotnet\sdk\10.0.302\Microsoft.Common.CurrentVersion.targets" del proyecto "D:\TEXNICA\ERP-API\ERP.Api\ERP.Api.csproj" (el destino "_CleanRecordFileWrites" depende de él):
       Usando la tarea "ReadLinesFromFile" del ensamblado "Microsoft.Build.Tasks.Core, Version=15.1.0.0, Culture=neutral, PublicKeyToken=b03f5f7f11d50a3a".
       Tarea "ReadLinesFromFile"
       Ejecución de la tarea "ReadLinesFromFile" terminada.
       Tarea "ConvertToAbsolutePath"
       Ejecución de la tarea "ConvertToAbsolutePath" terminada.
       Usando la tarea "FindUnderPath" del ensamblado "Microsoft.Build.Tasks.Core, Version=15.1.0.0, Culture=neutral, PublicKeyToken=b03f5f7f11d50a3a".
       Tarea "FindUnderPath"
         La ruta de comparación es "D:\TEXNICA\ERP-API\ERP.Api".
       Ejecución de la tarea "FindUnderPath" terminada.
       Tarea "FindUnderPath"
         La ruta de comparación es "bin\Debug\net9.0\".
       Ejecución de la tarea "FindUnderPath" terminada.
       Tarea "FindUnderPath"
         La ruta de comparación es "obj\Debug\net9.0\".
       Ejecución de la tarea "FindUnderPath" terminada.
       Tarea "RemoveDuplicates"
       Ejecución de la tarea "RemoveDuplicates" terminada.
   2:6>Compilación terminada del destino "_CleanGetCurrentAndPriorFileWrites" en el proyecto "ERP.Api.csproj".
   2:6>Destino "_CleanRecordFileWrites" en el archivo "C:\Program Files\dotnet\sdk\10.0.302\Microsoft.Common.CurrentVersion.targets" del proyecto "D:\TEXNICA\ERP-API\ERP.Api\ERP.Api.csproj" (el destino "CoreBuild" depende de él):
       Tarea "RemoveDuplicates"
       Ejecución de la tarea "RemoveDuplicates" terminada.
       Tarea "MakeDir"
       Ejecución de la tarea "MakeDir" terminada.
       Tarea "WriteLinesToFile"
         Omitiendo la escritura en el archivo "obj\Debug\net9.0\ERP.Api.csproj.FileListAbsolute.txt" porque el contenido no cambiará.
       Ejecución de la tarea "WriteLinesToFile" terminada.
   2:6>Compilación terminada del destino "_CleanRecordFileWrites" en el proyecto "ERP.Api.csproj".
   2:6>Compilación del proyecto terminada "D:\TEXNICA\ERP-API\ERP.Api\ERP.Api.csproj" (destinos predeterminados) -- ERROR.
   1:2>Ejecución de la tarea "MSBuild" terminada -- ERROR.
   1:2>Compilación terminada del destino "Build" en el proyecto "ERP.Api.sln" -- ERROR.
   1:2>Compilación del proyecto terminada "D:\TEXNICA\ERP-API\ERP.Api.sln" (destinos predeterminados) -- ERROR.

ERROR al compilar.

       "D:\TEXNICA\ERP-API\ERP.Api.sln" (destino predeterminado) (1:2) ->
       "D:\TEXNICA\ERP-API\ERP.Api\ERP.Api.csproj" (destino predeterminado) (2:6) ->
       (CoreCompile destino) -> 
         D:\TEXNICA\ERP-API\ERP.Api\Services\TrimsControlService.cs(221,27): error CS1061: "Fgpo" no contiene una definición para "Style" ni un método de extensión accesible "Style" que acepte un primer argumento del tipo "Fgpo" (¿falta alguna directiva using o una referencia de ensamblado?) [D:\TEXNICA\ERP-API\ERP.Api\ERP.Api.csproj]
         D:\TEXNICA\ERP-API\ERP.Api\Services\TrimsControlService.cs(222,27): error CS1061: "Fgpo" no contiene una definición para "Color" ni un método de extensión accesible "Color" que acepte un primer argumento del tipo "Fgpo" (¿falta alguna directiva using o una referencia de ensamblado?) [D:\TEXNICA\ERP-API\ERP.Api\ERP.Api.csproj]
         D:\TEXNICA\ERP-API\ERP.Api\Services\TopSampleService.cs(63,20): error CS0029: No se puede convertir implícitamente el tipo 'string' en 'ERP.Api.Domain.Size' [D:\TEXNICA\ERP-API\ERP.Api\ERP.Api.csproj]
         D:\TEXNICA\ERP-API\ERP.Api\Services\TopSampleService.cs(80,26): error CS0029: No se puede convertir implícitamente el tipo 'string' en 'ERP.Api.Domain.User' [D:\TEXNICA\ERP-API\ERP.Api\ERP.Api.csproj]
         D:\TEXNICA\ERP-API\ERP.Api\Services\TopSampleService.cs(111,23): error CS0029: No se puede convertir implícitamente el tipo 'string' en 'ERP.Api.Domain.Size' [D:\TEXNICA\ERP-API\ERP.Api\ERP.Api.csproj]
         D:\TEXNICA\ERP-API\ERP.Api\Services\TopSampleService.cs(128,29): error CS0029: No se puede convertir implícitamente el tipo 'string' en 'ERP.Api.Domain.User' [D:\TEXNICA\ERP-API\ERP.Api\ERP.Api.csproj]
         D:\TEXNICA\ERP-API\ERP.Api\Services\TopSampleService.cs(173,36): error CS1929: 'Size' no contiene una definición para 'Contains' y la mejor sobrecarga del método de extensión 'MemoryExtensions.Contains<string>(ReadOnlySpan<string>, string)' requiere un receptor del tipo 'System.ReadOnlySpan<string>' [D:\TEXNICA\ERP-API\ERP.Api\ERP.Api.csproj]
         D:\TEXNICA\ERP-API\ERP.Api\Services\TopSampleService.cs(242,31): error CS1061: "Fgpo" no contiene una definición para "Style" ni un método de extensión accesible "Style" que acepte un primer argumento del tipo "Fgpo" (¿falta alguna directiva using o una referencia de ensamblado?) [D:\TEXNICA\ERP-API\ERP.Api\ERP.Api.csproj]
         D:\TEXNICA\ERP-API\ERP.Api\Services\TopSampleService.cs(243,31): error CS1061: "Fgpo" no contiene una definición para "Color" ni un método de extensión accesible "Color" que acepte un primer argumento del tipo "Fgpo" (¿falta alguna directiva using o una referencia de ensamblado?) [D:\TEXNICA\ERP-API\ERP.Api\ERP.Api.csproj]
         D:\TEXNICA\ERP-API\ERP.Api\Services\TopSampleService.cs(244,20): error CS0029: No se puede convertir implícitamente el tipo 'ERP.Api.Domain.Size' en 'string' [D:\TEXNICA\ERP-API\ERP.Api\ERP.Api.csproj]
         D:\TEXNICA\ERP-API\ERP.Api\Services\TopSampleService.cs(261,26): error CS0029: No se puede convertir implícitamente el tipo 'ERP.Api.Domain.User' en 'string' [D:\TEXNICA\ERP-API\ERP.Api\ERP.Api.csproj]
         D:\TEXNICA\ERP-API\ERP.Api\Services\ShadeMatchService.cs(165,43): error CS1061: "Fgpo" no contiene una definición para "Style" ni un método de extensión accesible "Style" que acepte un primer argumento del tipo "Fgpo" (¿falta alguna directiva using o una referencia de ensamblado?) [D:\TEXNICA\ERP-API\ERP.Api\ERP.Api.csproj]
         D:\TEXNICA\ERP-API\ERP.Api\Services\ShadeMatchService.cs(165,67): error CS1061: "Fgpo" no contiene una definición para "Style" ni un método de extensión accesible "Style" que acepte un primer argumento del tipo "Fgpo" (¿falta alguna directiva using o una referencia de ensamblado?) [D:\TEXNICA\ERP-API\ERP.Api\ERP.Api.csproj]
         D:\TEXNICA\ERP-API\ERP.Api\Services\ShadeMatchService.cs(229,31): error CS1061: "Fgpo" no contiene una definición para "Style" ni un método de extensión accesible "Style" que acepte un primer argumento del tipo "Fgpo" (¿falta alguna directiva using o una referencia de ensamblado?) [D:\TEXNICA\ERP-API\ERP.Api\ERP.Api.csproj]
         D:\TEXNICA\ERP-API\ERP.Api\Services\ShadeMatchService.cs(230,31): error CS1061: "Fgpo" no contiene una definición para "Color" ni un método de extensión accesible "Color" que acepte un primer argumento del tipo "Fgpo" (¿falta alguna directiva using o una referencia de ensamblado?) [D:\TEXNICA\ERP-API\ERP.Api\ERP.Api.csproj]
         D:\TEXNICA\ERP-API\ERP.Api\Services\SewingProductionService.cs(241,27): error CS1061: "Fgpo" no contiene una definición para "Style" ni un método de extensión accesible "Style" que acepte un primer argumento del tipo "Fgpo" (¿falta alguna directiva using o una referencia de ensamblado?) [D:\TEXNICA\ERP-API\ERP.Api\ERP.Api.csproj]
         D:\TEXNICA\ERP-API\ERP.Api\Services\SewingProductionService.cs(242,27): error CS1061: "Fgpo" no contiene una definición para "Color" ni un método de extensión accesible "Color" que acepte un primer argumento del tipo "Fgpo" (¿falta alguna directiva using o una referencia de ensamblado?) [D:\TEXNICA\ERP-API\ERP.Api\ERP.Api.csproj]
         D:\TEXNICA\ERP-API\ERP.Api\Services\RollReceivingService.cs(78,13): error CS0117: 'RollReceiving' no contiene una definición para 'Supplier' [D:\TEXNICA\ERP-API\ERP.Api\ERP.Api.csproj]
         D:\TEXNICA\ERP-API\ERP.Api\Services\RollReceivingService.cs(78,34): error CS1061: "FabricReceiving" no contiene una definición para "Supplier" ni un método de extensión accesible "Supplier" que acepte un primer argumento del tipo "FabricReceiving" (¿falta alguna directiva using o una referencia de ensamblado?) [D:\TEXNICA\ERP-API\ERP.Api\ERP.Api.csproj]
         D:\TEXNICA\ERP-API\ERP.Api\Services\RollReceivingService.cs(79,36): error CS1061: "Fgpo" no contiene una definición para "Color" ni un método de extensión accesible "Color" que acepte un primer argumento del tipo "Fgpo" (¿falta alguna directiva using o una referencia de ensamblado?) [D:\TEXNICA\ERP-API\ERP.Api\ERP.Api.csproj]
         D:\TEXNICA\ERP-API\ERP.Api\Services\RollReceivingService.cs(95,90): error CS0029: No se puede convertir implícitamente el tipo 'string' en 'ERP.Api.Domain.User' [D:\TEXNICA\ERP-API\ERP.Api\ERP.Api.csproj]
         D:\TEXNICA\ERP-API\ERP.Api\Services\RollReceivingService.cs(135,16): error CS1061: "RollReceiving" no contiene una definición para "Supplier" ni un método de extensión accesible "Supplier" que acepte un primer argumento del tipo "RollReceiving" (¿falta alguna directiva using o una referencia de ensamblado?) [D:\TEXNICA\ERP-API\ERP.Api\ERP.Api.csproj]
         D:\TEXNICA\ERP-API\ERP.Api\Services\RollReceivingService.cs(135,37): error CS1061: "FabricReceiving" no contiene una definición para "Supplier" ni un método de extensión accesible "Supplier" que acepte un primer argumento del tipo "FabricReceiving" (¿falta alguna directiva using o una referencia de ensamblado?) [D:\TEXNICA\ERP-API\ERP.Api\ERP.Api.csproj]
         D:\TEXNICA\ERP-API\ERP.Api\Services\RollReceivingService.cs(136,39): error CS1061: "Fgpo" no contiene una definición para "Color" ni un método de extensión accesible "Color" que acepte un primer argumento del tipo "Fgpo" (¿falta alguna directiva using o una referencia de ensamblado?) [D:\TEXNICA\ERP-API\ERP.Api\ERP.Api.csproj]
         D:\TEXNICA\ERP-API\ERP.Api\Services\RollReceivingService.cs(152,93): error CS0029: No se puede convertir implícitamente el tipo 'string' en 'ERP.Api.Domain.User' [D:\TEXNICA\ERP-API\ERP.Api\ERP.Api.csproj]
         D:\TEXNICA\ERP-API\ERP.Api\Services\RollReceivingService.cs(199,20): error CS1061: "RollReceiving" no contiene una definición para "Supplier" ni un método de extensión accesible "Supplier" que acepte un primer argumento del tipo "RollReceiving" (¿falta alguna directiva using o una referencia de ensamblado?) [D:\TEXNICA\ERP-API\ERP.Api\ERP.Api.csproj]
         D:\TEXNICA\ERP-API\ERP.Api\Services\RollReceivingService.cs(199,42): error CS1061: "RollReceiving" no contiene una definición para "Supplier" ni un método de extensión accesible "Supplier" que acepte un primer argumento del tipo "RollReceiving" (¿falta alguna directiva using o una referencia de ensamblado?) [D:\TEXNICA\ERP-API\ERP.Api\ERP.Api.csproj]
         D:\TEXNICA\ERP-API\ERP.Api\Services\RollReceivingService.cs(228,57): error CS1061: "RollReceiving" no contiene una definición para "Supplier" ni un método de extensión accesible "Supplier" que acepte un primer argumento del tipo "RollReceiving" (¿falta alguna directiva using o una referencia de ensamblado?) [D:\TEXNICA\ERP-API\ERP.Api\ERP.Api.csproj]
         D:\TEXNICA\ERP-API\ERP.Api\Services\RollReceivingService.cs(229,66): error CS1061: "RollReceiving" no contiene una definición para "Supplier" ni un método de extensión accesible "Supplier" que acepte un primer argumento del tipo "RollReceiving" (¿falta alguna directiva using o una referencia de ensamblado?) [D:\TEXNICA\ERP-API\ERP.Api\ERP.Api.csproj]
         D:\TEXNICA\ERP-API\ERP.Api\Services\RollReceivingService.cs(319,29): error CS1061: "RollReceiving" no contiene una definición para "Supplier" ni un método de extensión accesible "Supplier" que acepte un primer argumento del tipo "RollReceiving" (¿falta alguna directiva using o una referencia de ensamblado?) [D:\TEXNICA\ERP-API\ERP.Api\ERP.Api.csproj]
         D:\TEXNICA\ERP-API\ERP.Api\Services\RollReceivingService.cs(335,25): error CS0029: No se puede convertir implícitamente el tipo 'ERP.Api.Domain.User' en 'string' [D:\TEXNICA\ERP-API\ERP.Api\ERP.Api.csproj]
         D:\TEXNICA\ERP-API\ERP.Api\Services\ProductionReadinessService.cs(78,32): error CS0029: No se puede convertir implícitamente el tipo 'string' en 'ERP.Api.Domain.User' [D:\TEXNICA\ERP-API\ERP.Api\ERP.Api.csproj]
         D:\TEXNICA\ERP-API\ERP.Api\Services\ProductionReadinessService.cs(80,26): error CS0029: No se puede convertir implícitamente el tipo 'string' en 'ERP.Api.Domain.User' [D:\TEXNICA\ERP-API\ERP.Api\ERP.Api.csproj]
         D:\TEXNICA\ERP-API\ERP.Api\Services\ProductionReadinessService.cs(123,35): error CS0029: No se puede convertir implícitamente el tipo 'string' en 'ERP.Api.Domain.User' [D:\TEXNICA\ERP-API\ERP.Api\ERP.Api.csproj]
         D:\TEXNICA\ERP-API\ERP.Api\Services\ProductionReadinessService.cs(125,29): error CS0029: No se puede convertir implícitamente el tipo 'string' en 'ERP.Api.Domain.User' [D:\TEXNICA\ERP-API\ERP.Api\ERP.Api.csproj]
         D:\TEXNICA\ERP-API\ERP.Api\Services\PpSampleService.cs(63,20): error CS0029: No se puede convertir implícitamente el tipo 'string' en 'ERP.Api.Domain.Size' [D:\TEXNICA\ERP-API\ERP.Api\ERP.Api.csproj]
         D:\TEXNICA\ERP-API\ERP.Api\Services\PpSampleService.cs(79,26): error CS0029: No se puede convertir implícitamente el tipo 'string' en 'ERP.Api.Domain.User' [D:\TEXNICA\ERP-API\ERP.Api\ERP.Api.csproj]
         D:\TEXNICA\ERP-API\ERP.Api\Services\PpSampleService.cs(110,23): error CS0029: No se puede convertir implícitamente el tipo 'string' en 'ERP.Api.Domain.Size' [D:\TEXNICA\ERP-API\ERP.Api\ERP.Api.csproj]
         D:\TEXNICA\ERP-API\ERP.Api\Services\PpSampleService.cs(126,29): error CS0029: No se puede convertir implícitamente el tipo 'string' en 'ERP.Api.Domain.User' [D:\TEXNICA\ERP-API\ERP.Api\ERP.Api.csproj]
         D:\TEXNICA\ERP-API\ERP.Api\Services\ProductionReadinessService.cs(164,48): error CS1929: 'User' no contiene una definición para 'Contains' y la mejor sobrecarga del método de extensión 'MemoryExtensions.Contains<string>(ReadOnlySpan<string>, string)' requiere un receptor del tipo 'System.ReadOnlySpan<string>' [D:\TEXNICA\ERP-API\ERP.Api\ERP.Api.csproj]
         D:\TEXNICA\ERP-API\ERP.Api\Services\ProductionReadinessService.cs(229,31): error CS1061: "Fgpo" no contiene una definición para "Style" ni un método de extensión accesible "Style" que acepte un primer argumento del tipo "Fgpo" (¿falta alguna directiva using o una referencia de ensamblado?) [D:\TEXNICA\ERP-API\ERP.Api\ERP.Api.csproj]
         D:\TEXNICA\ERP-API\ERP.Api\Services\ProductionReadinessService.cs(230,31): error CS1061: "Fgpo" no contiene una definición para "Color" ni un método de extensión accesible "Color" que acepte un primer argumento del tipo "Fgpo" (¿falta alguna directiva using o una referencia de ensamblado?) [D:\TEXNICA\ERP-API\ERP.Api\ERP.Api.csproj]
         D:\TEXNICA\ERP-API\ERP.Api\Services\ProductionReadinessService.cs(246,32): error CS0029: No se puede convertir implícitamente el tipo 'ERP.Api.Domain.User' en 'string' [D:\TEXNICA\ERP-API\ERP.Api\ERP.Api.csproj]
         D:\TEXNICA\ERP-API\ERP.Api\Services\ProductionReadinessService.cs(248,26): error CS0029: No se puede convertir implícitamente el tipo 'ERP.Api.Domain.User' en 'string' [D:\TEXNICA\ERP-API\ERP.Api\ERP.Api.csproj]
         D:\TEXNICA\ERP-API\ERP.Api\Services\PpSampleService.cs(170,36): error CS1929: 'Size' no contiene una definición para 'Contains' y la mejor sobrecarga del método de extensión 'MemoryExtensions.Contains<string>(ReadOnlySpan<string>, string)' requiere un receptor del tipo 'System.ReadOnlySpan<string>' [D:\TEXNICA\ERP-API\ERP.Api\ERP.Api.csproj]
         D:\TEXNICA\ERP-API\ERP.Api\Services\MillTestService.cs(93,13): error CS0117: 'MillTest' no contiene una definición para 'Supplier' [D:\TEXNICA\ERP-API\ERP.Api\ERP.Api.csproj]
         D:\TEXNICA\ERP-API\ERP.Api\Services\MillTestService.cs(109,24): error CS0029: No se puede convertir implícitamente el tipo 'string' en 'ERP.Api.Domain.User' [D:\TEXNICA\ERP-API\ERP.Api\ERP.Api.csproj]
         D:\TEXNICA\ERP-API\ERP.Api\Services\PpSampleService.cs(233,31): error CS1061: "Fgpo" no contiene una definición para "Style" ni un método de extensión accesible "Style" que acepte un primer argumento del tipo "Fgpo" (¿falta alguna directiva using o una referencia de ensamblado?) [D:\TEXNICA\ERP-API\ERP.Api\ERP.Api.csproj]
         D:\TEXNICA\ERP-API\ERP.Api\Services\PpSampleService.cs(234,31): error CS1061: "Fgpo" no contiene una definición para "Color" ni un método de extensión accesible "Color" que acepte un primer argumento del tipo "Fgpo" (¿falta alguna directiva using o una referencia de ensamblado?) [D:\TEXNICA\ERP-API\ERP.Api\ERP.Api.csproj]
         D:\TEXNICA\ERP-API\ERP.Api\Services\PpSampleService.cs(235,20): error CS0029: No se puede convertir implícitamente el tipo 'ERP.Api.Domain.Size' en 'string' [D:\TEXNICA\ERP-API\ERP.Api\ERP.Api.csproj]
         D:\TEXNICA\ERP-API\ERP.Api\Services\PpSampleService.cs(251,26): error CS0029: No se puede convertir implícitamente el tipo 'ERP.Api.Domain.User' en 'string' [D:\TEXNICA\ERP-API\ERP.Api\ERP.Api.csproj]
         D:\TEXNICA\ERP-API\ERP.Api\Services\MillTestService.cs(152,16): error CS1061: "MillTest" no contiene una definición para "Supplier" ni un método de extensión accesible "Supplier" que acepte un primer argumento del tipo "MillTest" (¿falta alguna directiva using o una referencia de ensamblado?) [D:\TEXNICA\ERP-API\ERP.Api\ERP.Api.csproj]
         D:\TEXNICA\ERP-API\ERP.Api\Services\MillTestService.cs(168,27): error CS0029: No se puede convertir implícitamente el tipo 'string' en 'ERP.Api.Domain.User' [D:\TEXNICA\ERP-API\ERP.Api\ERP.Api.csproj]
         D:\TEXNICA\ERP-API\ERP.Api\Services\MillProductionService.cs(95,13): error CS0117: 'MillProduction' no contiene una definición para 'Supplier' [D:\TEXNICA\ERP-API\ERP.Api\ERP.Api.csproj]
         D:\TEXNICA\ERP-API\ERP.Api\Services\MillProductionService.cs(96,13): error CS0117: 'MillProduction' no contiene una definición para 'FabricComponent' [D:\TEXNICA\ERP-API\ERP.Api\ERP.Api.csproj]
         D:\TEXNICA\ERP-API\ERP.Api\Services\MillProductionService.cs(111,25): error CS0029: No se puede convertir implícitamente el tipo 'string' en 'ERP.Api.Domain.User' [D:\TEXNICA\ERP-API\ERP.Api\ERP.Api.csproj]
         D:\TEXNICA\ERP-API\ERP.Api\Services\InternalTestService.cs(86,13): error CS0117: 'InternalTest' no contiene una definición para 'Supplier' [D:\TEXNICA\ERP-API\ERP.Api\ERP.Api.csproj]
         D:\TEXNICA\ERP-API\ERP.Api\Services\InternalTestService.cs(106,24): error CS0029: No se puede convertir implícitamente el tipo 'string' en 'ERP.Api.Domain.User' [D:\TEXNICA\ERP-API\ERP.Api\ERP.Api.csproj]
         D:\TEXNICA\ERP-API\ERP.Api\Services\InternalTestService.cs(107,26): error CS0029: No se puede convertir implícitamente el tipo 'string' en 'ERP.Api.Domain.User' [D:\TEXNICA\ERP-API\ERP.Api\ERP.Api.csproj]
         D:\TEXNICA\ERP-API\ERP.Api\Services\MillProductionService.cs(151,16): error CS1061: "MillProduction" no contiene una definición para "Supplier" ni un método de extensión accesible "Supplier" que acepte un primer argumento del tipo "MillProduction" (¿falta alguna directiva using o una referencia de ensamblado?) [D:\TEXNICA\ERP-API\ERP.Api\ERP.Api.csproj]
         D:\TEXNICA\ERP-API\ERP.Api\Services\MillProductionService.cs(152,16): error CS1061: "MillProduction" no contiene una definición para "FabricComponent" ni un método de extensión accesible "FabricComponent" que acepte un primer argumento del tipo "MillProduction" (¿falta alguna directiva using o una referencia de ensamblado?) [D:\TEXNICA\ERP-API\ERP.Api\ERP.Api.csproj]
         D:\TEXNICA\ERP-API\ERP.Api\Services\MillProductionService.cs(167,28): error CS0029: No se puede convertir implícitamente el tipo 'string' en 'ERP.Api.Domain.User' [D:\TEXNICA\ERP-API\ERP.Api\ERP.Api.csproj]
         D:\TEXNICA\ERP-API\ERP.Api\Services\InternalTestService.cs(145,16): error CS1061: "InternalTest" no contiene una definición para "Supplier" ni un método de extensión accesible "Supplier" que acepte un primer argumento del tipo "InternalTest" (¿falta alguna directiva using o una referencia de ensamblado?) [D:\TEXNICA\ERP-API\ERP.Api\ERP.Api.csproj]
         D:\TEXNICA\ERP-API\ERP.Api\Services\InternalTestService.cs(165,27): error CS0029: No se puede convertir implícitamente el tipo 'string' en 'ERP.Api.Domain.User' [D:\TEXNICA\ERP-API\ERP.Api\ERP.Api.csproj]
         D:\TEXNICA\ERP-API\ERP.Api\Services\InternalTestService.cs(166,29): error CS0029: No se puede convertir implícitamente el tipo 'string' en 'ERP.Api.Domain.User' [D:\TEXNICA\ERP-API\ERP.Api\ERP.Api.csproj]
         D:\TEXNICA\ERP-API\ERP.Api\Services\InlineQualityService.cs(86,25): error CS0029: No se puede convertir implícitamente el tipo 'string' en 'ERP.Api.Domain.User' [D:\TEXNICA\ERP-API\ERP.Api\ERP.Api.csproj]
         D:\TEXNICA\ERP-API\ERP.Api\Services\InlineQualityService.cs(127,28): error CS0029: No se puede convertir implícitamente el tipo 'string' en 'ERP.Api.Domain.User' [D:\TEXNICA\ERP-API\ERP.Api\ERP.Api.csproj]
         D:\TEXNICA\ERP-API\ERP.Api\Services\FourPointService.cs(120,25): error CS0029: No se puede convertir implícitamente el tipo 'string' en 'ERP.Api.Domain.User' [D:\TEXNICA\ERP-API\ERP.Api\ERP.Api.csproj]
         D:\TEXNICA\ERP-API\ERP.Api\Services\FgpoService.cs(84,13): error CS0117: 'Fgpo' no contiene una definición para 'Style' [D:\TEXNICA\ERP-API\ERP.Api\ERP.Api.csproj]
         D:\TEXNICA\ERP-API\ERP.Api\Services\FgpoService.cs(85,13): error CS0117: 'Fgpo' no contiene una definición para 'Color' [D:\TEXNICA\ERP-API\ERP.Api\ERP.Api.csproj]
         D:\TEXNICA\ERP-API\ERP.Api\Services\FgpoService.cs(92,25): error CS0029: No se puede convertir implícitamente el tipo 'string' en 'ERP.Api.Domain.User' [D:\TEXNICA\ERP-API\ERP.Api\ERP.Api.csproj]
         D:\TEXNICA\ERP-API\ERP.Api\Services\MillTestService.cs(238,20): error CS1061: "MillTest" no contiene una definición para "Supplier" ni un método de extensión accesible "Supplier" que acepte un primer argumento del tipo "MillTest" (¿falta alguna directiva using o una referencia de ensamblado?) [D:\TEXNICA\ERP-API\ERP.Api\ERP.Api.csproj]
         D:\TEXNICA\ERP-API\ERP.Api\Services\MillTestService.cs(238,42): error CS1061: "MillTest" no contiene una definición para "Supplier" ni un método de extensión accesible "Supplier" que acepte un primer argumento del tipo "MillTest" (¿falta alguna directiva using o una referencia de ensamblado?) [D:\TEXNICA\ERP-API\ERP.Api\ERP.Api.csproj]
         D:\TEXNICA\ERP-API\ERP.Api\Services\MillTestService.cs(239,40): error CS1929: 'User' no contiene una definición para 'Contains' y la mejor sobrecarga del método de extensión 'MemoryExtensions.Contains<string>(ReadOnlySpan<string>, string)' requiere un receptor del tipo 'System.ReadOnlySpan<string>' [D:\TEXNICA\ERP-API\ERP.Api\ERP.Api.csproj]
         D:\TEXNICA\ERP-API\ERP.Api\Services\MillTestService.cs(267,57): error CS1061: "MillTest" no contiene una definición para "Supplier" ni un método de extensión accesible "Supplier" que acepte un primer argumento del tipo "MillTest" (¿falta alguna directiva using o una referencia de ensamblado?) [D:\TEXNICA\ERP-API\ERP.Api\ERP.Api.csproj]
         D:\TEXNICA\ERP-API\ERP.Api\Services\MillTestService.cs(268,66): error CS1061: "MillTest" no contiene una definición para "Supplier" ni un método de extensión accesible "Supplier" que acepte un primer argumento del tipo "MillTest" (¿falta alguna directiva using o una referencia de ensamblado?) [D:\TEXNICA\ERP-API\ERP.Api\ERP.Api.csproj]
         D:\TEXNICA\ERP-API\ERP.Api\Services\FourPointService.cs(175,28): error CS0029: No se puede convertir implícitamente el tipo 'string' en 'ERP.Api.Domain.User' [D:\TEXNICA\ERP-API\ERP.Api\ERP.Api.csproj]
         D:\TEXNICA\ERP-API\ERP.Api\Services\InternalTestService.cs(210,40): error CS1929: 'User' no contiene una definición para 'Contains' y la mejor sobrecarga del método de extensión 'MemoryExtensions.Contains<string>(ReadOnlySpan<string>, string)' requiere un receptor del tipo 'System.ReadOnlySpan<string>' [D:\TEXNICA\ERP-API\ERP.Api\ERP.Api.csproj]
         D:\TEXNICA\ERP-API\ERP.Api\Services\MillTestService.cs(335,29): error CS1061: "MillTest" no contiene una definición para "Supplier" ni un método de extensión accesible "Supplier" que acepte un primer argumento del tipo "MillTest" (¿falta alguna directiva using o una referencia de ensamblado?) [D:\TEXNICA\ERP-API\ERP.Api\ERP.Api.csproj]
         D:\TEXNICA\ERP-API\ERP.Api\Services\MillTestService.cs(351,24): error CS0029: No se puede convertir implícitamente el tipo 'ERP.Api.Domain.User' en 'string' [D:\TEXNICA\ERP-API\ERP.Api\ERP.Api.csproj]
         D:\TEXNICA\ERP-API\ERP.Api\Services\FgpoService.cs(149,16): error CS1061: "Fgpo" no contiene una definición para "Style" ni un método de extensión accesible "Style" que acepte un primer argumento del tipo "Fgpo" (¿falta alguna directiva using o una referencia de ensamblado?) [D:\TEXNICA\ERP-API\ERP.Api\ERP.Api.csproj]
         D:\TEXNICA\ERP-API\ERP.Api\Services\FgpoService.cs(150,16): error CS1061: "Fgpo" no contiene una definición para "Color" ni un método de extensión accesible "Color" que acepte un primer argumento del tipo "Fgpo" (¿falta alguna directiva using o una referencia de ensamblado?) [D:\TEXNICA\ERP-API\ERP.Api\ERP.Api.csproj]
         D:\TEXNICA\ERP-API\ERP.Api\Services\FgpoService.cs(157,28): error CS0029: No se puede convertir implícitamente el tipo 'string' en 'ERP.Api.Domain.User' [D:\TEXNICA\ERP-API\ERP.Api\ERP.Api.csproj]
         D:\TEXNICA\ERP-API\ERP.Api\Services\InternalTestService.cs(335,29): error CS1061: "InternalTest" no contiene una definición para "Supplier" ni un método de extensión accesible "Supplier" que acepte un primer argumento del tipo "InternalTest" (¿falta alguna directiva using o una referencia de ensamblado?) [D:\TEXNICA\ERP-API\ERP.Api\ERP.Api.csproj]
         D:\TEXNICA\ERP-API\ERP.Api\Services\InternalTestService.cs(360,24): error CS0029: No se puede convertir implícitamente el tipo 'ERP.Api.Domain.User' en 'string' [D:\TEXNICA\ERP-API\ERP.Api\ERP.Api.csproj]
         D:\TEXNICA\ERP-API\ERP.Api\Services\InternalTestService.cs(361,26): error CS0029: No se puede convertir implícitamente el tipo 'ERP.Api.Domain.User' en 'string' [D:\TEXNICA\ERP-API\ERP.Api\ERP.Api.csproj]
         D:\TEXNICA\ERP-API\ERP.Api\Services\MillProductionService.cs(239,20): error CS1061: "MillProduction" no contiene una definición para "Supplier" ni un método de extensión accesible "Supplier" que acepte un primer argumento del tipo "MillProduction" (¿falta alguna directiva using o una referencia de ensamblado?) [D:\TEXNICA\ERP-API\ERP.Api\ERP.Api.csproj]
         D:\TEXNICA\ERP-API\ERP.Api\Services\MillProductionService.cs(239,42): error CS1061: "MillProduction" no contiene una definición para "Supplier" ni un método de extensión accesible "Supplier" que acepte un primer argumento del tipo "MillProduction" (¿falta alguna directiva using o una referencia de ensamblado?) [D:\TEXNICA\ERP-API\ERP.Api\ERP.Api.csproj]
         D:\TEXNICA\ERP-API\ERP.Api\Services\MillProductionService.cs(241,20): error CS1061: "MillProduction" no contiene una definición para "FabricComponent" ni un método de extensión accesible "FabricComponent" que acepte un primer argumento del tipo "MillProduction" (¿falta alguna directiva using o una referencia de ensamblado?) [D:\TEXNICA\ERP-API\ERP.Api\ERP.Api.csproj]
         D:\TEXNICA\ERP-API\ERP.Api\Services\MillProductionService.cs(241,49): error CS1061: "MillProduction" no contiene una definición para "FabricComponent" ni un método de extensión accesible "FabricComponent" que acepte un primer argumento del tipo "MillProduction" (¿falta alguna directiva using o una referencia de ensamblado?) [D:\TEXNICA\ERP-API\ERP.Api\ERP.Api.csproj]
         D:\TEXNICA\ERP-API\ERP.Api\Services\MillProductionService.cs(253,40): error CS1061: "MillProduction" no contiene una definición para "Supplier" ni un método de extensión accesible "Supplier" que acepte un primer argumento del tipo "MillProduction" (¿falta alguna directiva using o una referencia de ensamblado?) [D:\TEXNICA\ERP-API\ERP.Api\ERP.Api.csproj]
         D:\TEXNICA\ERP-API\ERP.Api\Services\MillProductionService.cs(253,62): error CS1061: "MillProduction" no contiene una definición para "Supplier" ni un método de extensión accesible "Supplier" que acepte un primer argumento del tipo "MillProduction" (¿falta alguna directiva using o una referencia de ensamblado?) [D:\TEXNICA\ERP-API\ERP.Api\ERP.Api.csproj]
         D:\TEXNICA\ERP-API\ERP.Api\Services\MillProductionService.cs(269,57): error CS1061: "MillProduction" no contiene una definición para "Supplier" ni un método de extensión accesible "Supplier" que acepte un primer argumento del tipo "MillProduction" (¿falta alguna directiva using o una referencia de ensamblado?) [D:\TEXNICA\ERP-API\ERP.Api\ERP.Api.csproj]
         D:\TEXNICA\ERP-API\ERP.Api\Services\MillProductionService.cs(270,66): error CS1061: "MillProduction" no contiene una definición para "Supplier" ni un método de extensión accesible "Supplier" que acepte un primer argumento del tipo "MillProduction" (¿falta alguna directiva using o una referencia de ensamblado?) [D:\TEXNICA\ERP-API\ERP.Api\ERP.Api.csproj]
         D:\TEXNICA\ERP-API\ERP.Api\Services\MillProductionService.cs(347,29): error CS1061: "MillProduction" no contiene una definición para "Supplier" ni un método de extensión accesible "Supplier" que acepte un primer argumento del tipo "MillProduction" (¿falta alguna directiva using o una referencia de ensamblado?) [D:\TEXNICA\ERP-API\ERP.Api\ERP.Api.csproj]
         D:\TEXNICA\ERP-API\ERP.Api\Services\MillProductionService.cs(348,36): error CS1061: "MillProduction" no contiene una definición para "FabricComponent" ni un método de extensión accesible "FabricComponent" que acepte un primer argumento del tipo "MillProduction" (¿falta alguna directiva using o una referencia de ensamblado?) [D:\TEXNICA\ERP-API\ERP.Api\ERP.Api.csproj]
         D:\TEXNICA\ERP-API\ERP.Api\Services\MillProductionService.cs(364,25): error CS0029: No se puede convertir implícitamente el tipo 'ERP.Api.Domain.User' en 'string' [D:\TEXNICA\ERP-API\ERP.Api\ERP.Api.csproj]
         D:\TEXNICA\ERP-API\ERP.Api\Services\FgpoService.cs(203,20): error CS1061: "Fgpo" no contiene una definición para "Style" ni un método de extensión accesible "Style" que acepte un primer argumento del tipo "Fgpo" (¿falta alguna directiva using o una referencia de ensamblado?) [D:\TEXNICA\ERP-API\ERP.Api\ERP.Api.csproj]
         D:\TEXNICA\ERP-API\ERP.Api\Services\FgpoService.cs(203,39): error CS1061: "Fgpo" no contiene una definición para "Style" ni un método de extensión accesible "Style" que acepte un primer argumento del tipo "Fgpo" (¿falta alguna directiva using o una referencia de ensamblado?) [D:\TEXNICA\ERP-API\ERP.Api\ERP.Api.csproj]
         D:\TEXNICA\ERP-API\ERP.Api\Services\FgpoService.cs(204,20): error CS1061: "Fgpo" no contiene una definición para "Color" ni un método de extensión accesible "Color" que acepte un primer argumento del tipo "Fgpo" (¿falta alguna directiva using o una referencia de ensamblado?) [D:\TEXNICA\ERP-API\ERP.Api\ERP.Api.csproj]
         D:\TEXNICA\ERP-API\ERP.Api\Services\FgpoService.cs(204,39): error CS1061: "Fgpo" no contiene una definición para "Color" ni un método de extensión accesible "Color" que acepte un primer argumento del tipo "Fgpo" (¿falta alguna directiva using o una referencia de ensamblado?) [D:\TEXNICA\ERP-API\ERP.Api\ERP.Api.csproj]
         D:\TEXNICA\ERP-API\ERP.Api\Services\FgpoService.cs(205,41): error CS1929: 'User' no contiene una definición para 'Contains' y la mejor sobrecarga del método de extensión 'MemoryExtensions.Contains<string>(ReadOnlySpan<string>, string)' requiere un receptor del tipo 'System.ReadOnlySpan<string>' [D:\TEXNICA\ERP-API\ERP.Api\ERP.Api.csproj]
         D:\TEXNICA\ERP-API\ERP.Api\Services\InlineQualityService.cs(263,31): error CS1061: "Fgpo" no contiene una definición para "Style" ni un método de extensión accesible "Style" que acepte un primer argumento del tipo "Fgpo" (¿falta alguna directiva using o una referencia de ensamblado?) [D:\TEXNICA\ERP-API\ERP.Api\ERP.Api.csproj]
         D:\TEXNICA\ERP-API\ERP.Api\Services\InlineQualityService.cs(264,31): error CS1061: "Fgpo" no contiene una definición para "Color" ni un método de extensión accesible "Color" que acepte un primer argumento del tipo "Fgpo" (¿falta alguna directiva using o una referencia de ensamblado?) [D:\TEXNICA\ERP-API\ERP.Api\ERP.Api.csproj]
         D:\TEXNICA\ERP-API\ERP.Api\Services\InlineQualityService.cs(277,25): error CS0029: No se puede convertir implícitamente el tipo 'ERP.Api.Domain.User' en 'string' [D:\TEXNICA\ERP-API\ERP.Api\ERP.Api.csproj]
         D:\TEXNICA\ERP-API\ERP.Api\Services\FourPointService.cs(221,41): error CS1929: 'User' no contiene una definición para 'Contains' y la mejor sobrecarga del método de extensión 'MemoryExtensions.Contains<string>(ReadOnlySpan<string>, string)' requiere un receptor del tipo 'System.ReadOnlySpan<string>' [D:\TEXNICA\ERP-API\ERP.Api\ERP.Api.csproj]
         D:\TEXNICA\ERP-API\ERP.Api\Services\FabricShipmentService.cs(120,13): error CS0117: 'FabricShipment' no contiene una definición para 'Supplier' [D:\TEXNICA\ERP-API\ERP.Api\ERP.Api.csproj]
         D:\TEXNICA\ERP-API\ERP.Api\Services\FabricShipmentService.cs(135,25): error CS0029: No se puede convertir implícitamente el tipo 'string' en 'ERP.Api.Domain.User' [D:\TEXNICA\ERP-API\ERP.Api\ERP.Api.csproj]
         D:\TEXNICA\ERP-API\ERP.Api\Services\FabricShipmentService.cs(181,16): error CS1061: "FabricShipment" no contiene una definición para "Supplier" ni un método de extensión accesible "Supplier" que acepte un primer argumento del tipo "FabricShipment" (¿falta alguna directiva using o una referencia de ensamblado?) [D:\TEXNICA\ERP-API\ERP.Api\ERP.Api.csproj]
         D:\TEXNICA\ERP-API\ERP.Api\Services\FabricShipmentService.cs(196,28): error CS0029: No se puede convertir implícitamente el tipo 'string' en 'ERP.Api.Domain.User' [D:\TEXNICA\ERP-API\ERP.Api\ERP.Api.csproj]
         D:\TEXNICA\ERP-API\ERP.Api\Services\FourPointService.cs(357,24): error CS0029: No se puede convertir implícitamente el tipo 'ERP.Api.Domain.Supplier' en 'string' [D:\TEXNICA\ERP-API\ERP.Api\ERP.Api.csproj]
         D:\TEXNICA\ERP-API\ERP.Api\Services\FourPointService.cs(374,25): error CS0029: No se puede convertir implícitamente el tipo 'ERP.Api.Domain.User' en 'string' [D:\TEXNICA\ERP-API\ERP.Api\ERP.Api.csproj]
         D:\TEXNICA\ERP-API\ERP.Api\Services\FgpoService.cs(234,20): error CS1061: "Fgpo" no contiene una definición para "Style" ni un método de extensión accesible "Style" que acepte un primer argumento del tipo "Fgpo" (¿falta alguna directiva using o una referencia de ensamblado?) [D:\TEXNICA\ERP-API\ERP.Api\ERP.Api.csproj]
         D:\TEXNICA\ERP-API\ERP.Api\Services\FgpoService.cs(234,39): error CS1061: "Fgpo" no contiene una definición para "Style" ni un método de extensión accesible "Style" que acepte un primer argumento del tipo "Fgpo" (¿falta alguna directiva using o una referencia de ensamblado?) [D:\TEXNICA\ERP-API\ERP.Api\ERP.Api.csproj]
         D:\TEXNICA\ERP-API\ERP.Api\Services\FgpoService.cs(235,20): error CS1061: "Fgpo" no contiene una definición para "Color" ni un método de extensión accesible "Color" que acepte un primer argumento del tipo "Fgpo" (¿falta alguna directiva using o una referencia de ensamblado?) [D:\TEXNICA\ERP-API\ERP.Api\ERP.Api.csproj]
         D:\TEXNICA\ERP-API\ERP.Api\Services\FgpoService.cs(235,39): error CS1061: "Fgpo" no contiene una definición para "Color" ni un método de extensión accesible "Color" que acepte un primer argumento del tipo "Fgpo" (¿falta alguna directiva using o una referencia de ensamblado?) [D:\TEXNICA\ERP-API\ERP.Api\ERP.Api.csproj]
         D:\TEXNICA\ERP-API\ERP.Api\Services\FgpoService.cs(236,41): error CS1929: 'User' no contiene una definición para 'Contains' y la mejor sobrecarga del método de extensión 'MemoryExtensions.Contains<string>(ReadOnlySpan<string>, string)' requiere un receptor del tipo 'System.ReadOnlySpan<string>' [D:\TEXNICA\ERP-API\ERP.Api\ERP.Api.csproj]
         D:\TEXNICA\ERP-API\ERP.Api\Services\FgpoService.cs(265,54): error CS1061: "Fgpo" no contiene una definición para "Style" ni un método de extensión accesible "Style" que acepte un primer argumento del tipo "Fgpo" (¿falta alguna directiva using o una referencia de ensamblado?) [D:\TEXNICA\ERP-API\ERP.Api\ERP.Api.csproj]
         D:\TEXNICA\ERP-API\ERP.Api\Services\FgpoService.cs(266,63): error CS1061: "Fgpo" no contiene una definición para "Style" ni un método de extensión accesible "Style" que acepte un primer argumento del tipo "Fgpo" (¿falta alguna directiva using o una referencia de ensamblado?) [D:\TEXNICA\ERP-API\ERP.Api\ERP.Api.csproj]
         D:\TEXNICA\ERP-API\ERP.Api\Services\FgpoService.cs(267,54): error CS1061: "Fgpo" no contiene una definición para "Color" ni un método de extensión accesible "Color" que acepte un primer argumento del tipo "Fgpo" (¿falta alguna directiva using o una referencia de ensamblado?) [D:\TEXNICA\ERP-API\ERP.Api\ERP.Api.csproj]
         D:\TEXNICA\ERP-API\ERP.Api\Services\FgpoService.cs(268,63): error CS1061: "Fgpo" no contiene una definición para "Color" ni un método de extensión accesible "Color" que acepte un primer argumento del tipo "Fgpo" (¿falta alguna directiva using o una referencia de ensamblado?) [D:\TEXNICA\ERP-API\ERP.Api\ERP.Api.csproj]
         D:\TEXNICA\ERP-API\ERP.Api\Services\FabricReservationService.cs(66,13): error CS0117: 'FabricReservation' no contiene una definición para 'FabricComponent' [D:\TEXNICA\ERP-API\ERP.Api\ERP.Api.csproj]
         D:\TEXNICA\ERP-API\ERP.Api\Services\FabricReservationService.cs(66,40): error CS1061: "FabricPO" no contiene una definición para "FabricComponent" ni un método de extensión accesible "FabricComponent" que acepte un primer argumento del tipo "FabricPO" (¿falta alguna directiva using o una referencia de ensamblado?) [D:\TEXNICA\ERP-API\ERP.Api\ERP.Api.csproj]
         D:\TEXNICA\ERP-API\ERP.Api\Services\FabricReservationService.cs(69,13): error CS0117: 'FabricReservation' no contiene una definición para 'UOM' [D:\TEXNICA\ERP-API\ERP.Api\ERP.Api.csproj]
         D:\TEXNICA\ERP-API\ERP.Api\Services\FabricReservationService.cs(72,26): error CS0029: No se puede convertir implícitamente el tipo 'string' en 'ERP.Api.Domain.User' [D:\TEXNICA\ERP-API\ERP.Api\ERP.Api.csproj]
         D:\TEXNICA\ERP-API\ERP.Api\Services\FabricReservationService.cs(73,26): error CS0029: No se puede convertir implícitamente el tipo 'string' en 'ERP.Api.Domain.User' [D:\TEXNICA\ERP-API\ERP.Api\ERP.Api.csproj]
         D:\TEXNICA\ERP-API\ERP.Api\Services\FabricReservationService.cs(104,16): error CS1061: "FabricReservation" no contiene una definición para "FabricComponent" ni un método de extensión accesible "FabricComponent" que acepte un primer argumento del tipo "FabricReservation" (¿falta alguna directiva using o una referencia de ensamblado?) [D:\TEXNICA\ERP-API\ERP.Api\ERP.Api.csproj]
         D:\TEXNICA\ERP-API\ERP.Api\Services\FabricReservationService.cs(104,43): error CS1061: "FabricPO" no contiene una definición para "FabricComponent" ni un método de extensión accesible "FabricComponent" que acepte un primer argumento del tipo "FabricPO" (¿falta alguna directiva using o una referencia de ensamblado?) [D:\TEXNICA\ERP-API\ERP.Api\ERP.Api.csproj]
         D:\TEXNICA\ERP-API\ERP.Api\Services\FabricReservationService.cs(107,16): error CS1061: "FabricReservation" no contiene una definición para "UOM" ni un método de extensión accesible "UOM" que acepte un primer argumento del tipo "FabricReservation" (¿falta alguna directiva using o una referencia de ensamblado?) [D:\TEXNICA\ERP-API\ERP.Api\ERP.Api.csproj]
         D:\TEXNICA\ERP-API\ERP.Api\Services\FabricReservationService.cs(110,29): error CS0029: No se puede convertir implícitamente el tipo 'string' en 'ERP.Api.Domain.User' [D:\TEXNICA\ERP-API\ERP.Api\ERP.Api.csproj]
         D:\TEXNICA\ERP-API\ERP.Api\Services\FabricReservationService.cs(111,29): error CS0029: No se puede convertir implícitamente el tipo 'string' en 'ERP.Api.Domain.User' [D:\TEXNICA\ERP-API\ERP.Api\ERP.Api.csproj]
         D:\TEXNICA\ERP-API\ERP.Api\Services\FgpoService.cs(362,26): error CS1061: "Fgpo" no contiene una definición para "Style" ni un método de extensión accesible "Style" que acepte un primer argumento del tipo "Fgpo" (¿falta alguna directiva using o una referencia de ensamblado?) [D:\TEXNICA\ERP-API\ERP.Api\ERP.Api.csproj]
         D:\TEXNICA\ERP-API\ERP.Api\Services\FgpoService.cs(363,26): error CS1061: "Fgpo" no contiene una definición para "Color" ni un método de extensión accesible "Color" que acepte un primer argumento del tipo "Fgpo" (¿falta alguna directiva using o una referencia de ensamblado?) [D:\TEXNICA\ERP-API\ERP.Api\ERP.Api.csproj]
         D:\TEXNICA\ERP-API\ERP.Api\Services\FgpoService.cs(378,25): error CS0029: No se puede convertir implícitamente el tipo 'ERP.Api.Domain.User' en 'string' [D:\TEXNICA\ERP-API\ERP.Api\ERP.Api.csproj]
         D:\TEXNICA\ERP-API\ERP.Api\Services\FabricReceivingService.cs(99,13): error CS0117: 'FabricReceiving' no contiene una definición para 'Supplier' [D:\TEXNICA\ERP-API\ERP.Api\ERP.Api.csproj]
         D:\TEXNICA\ERP-API\ERP.Api\Services\FabricReceivingService.cs(106,26): error CS0029: No se puede convertir implícitamente el tipo 'string' en 'ERP.Api.Domain.User' [D:\TEXNICA\ERP-API\ERP.Api\ERP.Api.csproj]
         D:\TEXNICA\ERP-API\ERP.Api\Services\FabricReceivingService.cs(107,25): error CS0029: No se puede convertir implícitamente el tipo 'string' en 'ERP.Api.Domain.User' [D:\TEXNICA\ERP-API\ERP.Api\ERP.Api.csproj]
         D:\TEXNICA\ERP-API\ERP.Api\Services\FabricRequirementService.cs(82,13): error CS0117: 'FabricRequirement' no contiene una definición para 'FabricComponent' [D:\TEXNICA\ERP-API\ERP.Api\ERP.Api.csproj]
         D:\TEXNICA\ERP-API\ERP.Api\Services\FabricRequirementService.cs(97,25): error CS0029: No se puede convertir implícitamente el tipo 'string' en 'ERP.Api.Domain.User' [D:\TEXNICA\ERP-API\ERP.Api\ERP.Api.csproj]
         D:\TEXNICA\ERP-API\ERP.Api\Services\FabricRequirementService.cs(139,16): error CS1061: "FabricRequirement" no contiene una definición para "FabricComponent" ni un método de extensión accesible "FabricComponent" que acepte un primer argumento del tipo "FabricRequirement" (¿falta alguna directiva using o una referencia de ensamblado?) [D:\TEXNICA\ERP-API\ERP.Api\ERP.Api.csproj]
         D:\TEXNICA\ERP-API\ERP.Api\Services\FabricRequirementService.cs(154,28): error CS0029: No se puede convertir implícitamente el tipo 'string' en 'ERP.Api.Domain.User' [D:\TEXNICA\ERP-API\ERP.Api\ERP.Api.csproj]
         D:\TEXNICA\ERP-API\ERP.Api\Services\FabricPOService.cs(98,24): error CS0029: No se puede convertir implícitamente el tipo 'string' en 'ERP.Api.Domain.Supplier' [D:\TEXNICA\ERP-API\ERP.Api\ERP.Api.csproj]
         D:\TEXNICA\ERP-API\ERP.Api\Services\FabricPOService.cs(100,13): error CS0117: 'FabricPO' no contiene una definición para 'FabricComponent' [D:\TEXNICA\ERP-API\ERP.Api\ERP.Api.csproj]
         D:\TEXNICA\ERP-API\ERP.Api\Services\FabricPOService.cs(110,29): error CS0029: No se puede convertir implícitamente el tipo 'string' en 'ERP.Api.Domain.User' [D:\TEXNICA\ERP-API\ERP.Api\ERP.Api.csproj]
         D:\TEXNICA\ERP-API\ERP.Api\Services\FabricPOService.cs(111,26): error CS0029: No se puede convertir implícitamente el tipo 'string' en 'ERP.Api.Domain.User' [D:\TEXNICA\ERP-API\ERP.Api\ERP.Api.csproj]
         D:\TEXNICA\ERP-API\ERP.Api\Services\FabricReceivingService.cs(153,16): error CS1061: "FabricReceiving" no contiene una definición para "Supplier" ni un método de extensión accesible "Supplier" que acepte un primer argumento del tipo "FabricReceiving" (¿falta alguna directiva using o una referencia de ensamblado?) [D:\TEXNICA\ERP-API\ERP.Api\ERP.Api.csproj]
         D:\TEXNICA\ERP-API\ERP.Api\Services\FabricReceivingService.cs(160,29): error CS0029: No se puede convertir implícitamente el tipo 'string' en 'ERP.Api.Domain.User' [D:\TEXNICA\ERP-API\ERP.Api\ERP.Api.csproj]
         D:\TEXNICA\ERP-API\ERP.Api\Services\FabricReceivingService.cs(161,28): error CS0029: No se puede convertir implícitamente el tipo 'string' en 'ERP.Api.Domain.User' [D:\TEXNICA\ERP-API\ERP.Api\ERP.Api.csproj]
         D:\TEXNICA\ERP-API\ERP.Api\Services\FabricPOService.cs(171,27): error CS0029: No se puede convertir implícitamente el tipo 'string' en 'ERP.Api.Domain.Supplier' [D:\TEXNICA\ERP-API\ERP.Api\ERP.Api.csproj]
         D:\TEXNICA\ERP-API\ERP.Api\Services\FabricPOService.cs(173,16): error CS1061: "FabricPO" no contiene una definición para "FabricComponent" ni un método de extensión accesible "FabricComponent" que acepte un primer argumento del tipo "FabricPO" (¿falta alguna directiva using o una referencia de ensamblado?) [D:\TEXNICA\ERP-API\ERP.Api\ERP.Api.csproj]
         D:\TEXNICA\ERP-API\ERP.Api\Services\FabricPOService.cs(183,32): error CS0029: No se puede convertir implícitamente el tipo 'string' en 'ERP.Api.Domain.User' [D:\TEXNICA\ERP-API\ERP.Api\ERP.Api.csproj]
         D:\TEXNICA\ERP-API\ERP.Api\Services\FabricPOService.cs(184,29): error CS0029: No se puede convertir implícitamente el tipo 'string' en 'ERP.Api.Domain.User' [D:\TEXNICA\ERP-API\ERP.Api\ERP.Api.csproj]
         D:\TEXNICA\ERP-API\ERP.Api\Services\FabricShipmentService.cs(264,20): error CS1061: "FabricShipment" no contiene una definición para "Supplier" ni un método de extensión accesible "Supplier" que acepte un primer argumento del tipo "FabricShipment" (¿falta alguna directiva using o una referencia de ensamblado?) [D:\TEXNICA\ERP-API\ERP.Api\ERP.Api.csproj]
         D:\TEXNICA\ERP-API\ERP.Api\Services\FabricShipmentService.cs(264,42): error CS1061: "FabricShipment" no contiene una definición para "Supplier" ni un método de extensión accesible "Supplier" que acepte un primer argumento del tipo "FabricShipment" (¿falta alguna directiva using o una referencia de ensamblado?) [D:\TEXNICA\ERP-API\ERP.Api\ERP.Api.csproj]
         D:\TEXNICA\ERP-API\ERP.Api\Services\FabricShipmentService.cs(296,57): error CS1061: "FabricShipment" no contiene una definición para "Supplier" ni un método de extensión accesible "Supplier" que acepte un primer argumento del tipo "FabricShipment" (¿falta alguna directiva using o una referencia de ensamblado?) [D:\TEXNICA\ERP-API\ERP.Api\ERP.Api.csproj]
         D:\TEXNICA\ERP-API\ERP.Api\Services\FabricShipmentService.cs(297,66): error CS1061: "FabricShipment" no contiene una definición para "Supplier" ni un método de extensión accesible "Supplier" que acepte un primer argumento del tipo "FabricShipment" (¿falta alguna directiva using o una referencia de ensamblado?) [D:\TEXNICA\ERP-API\ERP.Api\ERP.Api.csproj]
         D:\TEXNICA\ERP-API\ERP.Api\Services\FabricReservationService.cs(150,20): error CS1061: "FabricReservation" no contiene una definición para "FabricComponent" ni un método de extensión accesible "FabricComponent" que acepte un primer argumento del tipo "FabricReservation" (¿falta alguna directiva using o una referencia de ensamblado?) [D:\TEXNICA\ERP-API\ERP.Api\ERP.Api.csproj]
         D:\TEXNICA\ERP-API\ERP.Api\Services\FabricReservationService.cs(150,49): error CS1061: "FabricReservation" no contiene una definición para "FabricComponent" ni un método de extensión accesible "FabricComponent" que acepte un primer argumento del tipo "FabricReservation" (¿falta alguna directiva using o una referencia de ensamblado?) [D:\TEXNICA\ERP-API\ERP.Api\ERP.Api.csproj]
         D:\TEXNICA\ERP-API\ERP.Api\Services\FabricReservationService.cs(153,42): error CS1929: 'User' no contiene una definición para 'Contains' y la mejor sobrecarga del método de extensión 'MemoryExtensions.Contains<string>(ReadOnlySpan<string>, string)' requiere un receptor del tipo 'System.ReadOnlySpan<string>' [D:\TEXNICA\ERP-API\ERP.Api\ERP.Api.csproj]
         D:\TEXNICA\ERP-API\ERP.Api\Services\FabricInventoryService.cs(65,13): error CS0117: 'FabricInventory' no contiene una definición para 'FabricComponent' [D:\TEXNICA\ERP-API\ERP.Api\ERP.Api.csproj]
         D:\TEXNICA\ERP-API\ERP.Api\Services\FabricInventoryService.cs(65,40): error CS1061: "FabricPO" no contiene una definición para "FabricComponent" ni un método de extensión accesible "FabricComponent" que acepte un primer argumento del tipo "FabricPO" (¿falta alguna directiva using o una referencia de ensamblado?) [D:\TEXNICA\ERP-API\ERP.Api\ERP.Api.csproj]
         D:\TEXNICA\ERP-API\ERP.Api\Services\FabricInventoryService.cs(67,13): error CS0117: 'FabricInventory' no contiene una definición para 'UOM' [D:\TEXNICA\ERP-API\ERP.Api\ERP.Api.csproj]
         D:\TEXNICA\ERP-API\ERP.Api\Services\FabricInventoryService.cs(78,25): error CS0029: No se puede convertir implícitamente el tipo 'string' en 'ERP.Api.Domain.User' [D:\TEXNICA\ERP-API\ERP.Api\ERP.Api.csproj]
         D:\TEXNICA\ERP-API\ERP.Api\Services\FabricReservationService.cs(231,27): error CS1061: "Fgpo" no contiene una definición para "Style" ni un método de extensión accesible "Style" que acepte un primer argumento del tipo "Fgpo" (¿falta alguna directiva using o una referencia de ensamblado?) [D:\TEXNICA\ERP-API\ERP.Api\ERP.Api.csproj]
         D:\TEXNICA\ERP-API\ERP.Api\Services\FabricReservationService.cs(232,27): error CS1061: "Fgpo" no contiene una definición para "Color" ni un método de extensión accesible "Color" que acepte un primer argumento del tipo "Fgpo" (¿falta alguna directiva using o una referencia de ensamblado?) [D:\TEXNICA\ERP-API\ERP.Api\ERP.Api.csproj]
         D:\TEXNICA\ERP-API\ERP.Api\Services\FabricReservationService.cs(233,32): error CS1061: "FabricReservation" no contiene una definición para "FabricComponent" ni un método de extensión accesible "FabricComponent" que acepte un primer argumento del tipo "FabricReservation" (¿falta alguna directiva using o una referencia de ensamblado?) [D:\TEXNICA\ERP-API\ERP.Api\ERP.Api.csproj]
         D:\TEXNICA\ERP-API\ERP.Api\Services\FabricReservationService.cs(237,20): error CS1061: "FabricReservation" no contiene una definición para "UOM" ni un método de extensión accesible "UOM" que acepte un primer argumento del tipo "FabricReservation" (¿falta alguna directiva using o una referencia de ensamblado?) [D:\TEXNICA\ERP-API\ERP.Api\ERP.Api.csproj]
         D:\TEXNICA\ERP-API\ERP.Api\Services\FabricReservationService.cs(241,22): error CS0029: No se puede convertir implícitamente el tipo 'ERP.Api.Domain.User' en 'string' [D:\TEXNICA\ERP-API\ERP.Api\ERP.Api.csproj]
         D:\TEXNICA\ERP-API\ERP.Api\Services\FabricReservationService.cs(242,22): error CS0029: No se puede convertir implícitamente el tipo 'ERP.Api.Domain.User' en 'string' [D:\TEXNICA\ERP-API\ERP.Api\ERP.Api.csproj]
         D:\TEXNICA\ERP-API\ERP.Api\Services\FabricInventoryService.cs(108,16): error CS1061: "FabricInventory" no contiene una definición para "FabricComponent" ni un método de extensión accesible "FabricComponent" que acepte un primer argumento del tipo "FabricInventory" (¿falta alguna directiva using o una referencia de ensamblado?) [D:\TEXNICA\ERP-API\ERP.Api\ERP.Api.csproj]
         D:\TEXNICA\ERP-API\ERP.Api\Services\FabricInventoryService.cs(108,43): error CS1061: "FabricPO" no contiene una definición para "FabricComponent" ni un método de extensión accesible "FabricComponent" que acepte un primer argumento del tipo "FabricPO" (¿falta alguna directiva using o una referencia de ensamblado?) [D:\TEXNICA\ERP-API\ERP.Api\ERP.Api.csproj]
         D:\TEXNICA\ERP-API\ERP.Api\Services\FabricInventoryService.cs(110,16): error CS1061: "FabricInventory" no contiene una definición para "UOM" ni un método de extensión accesible "UOM" que acepte un primer argumento del tipo "FabricInventory" (¿falta alguna directiva using o una referencia de ensamblado?) [D:\TEXNICA\ERP-API\ERP.Api\ERP.Api.csproj]
         D:\TEXNICA\ERP-API\ERP.Api\Services\FabricInventoryService.cs(121,28): error CS0029: No se puede convertir implícitamente el tipo 'string' en 'ERP.Api.Domain.User' [D:\TEXNICA\ERP-API\ERP.Api\ERP.Api.csproj]
         D:\TEXNICA\ERP-API\ERP.Api\Services\FabricShipmentService.cs(373,29): error CS1061: "FabricShipment" no contiene una definición para "Supplier" ni un método de extensión accesible "Supplier" que acepte un primer argumento del tipo "FabricShipment" (¿falta alguna directiva using o una referencia de ensamblado?) [D:\TEXNICA\ERP-API\ERP.Api\ERP.Api.csproj]
         D:\TEXNICA\ERP-API\ERP.Api\Services\FabricShipmentService.cs(390,25): error CS0029: No se puede convertir implícitamente el tipo 'ERP.Api.Domain.User' en 'string' [D:\TEXNICA\ERP-API\ERP.Api\ERP.Api.csproj]
         D:\TEXNICA\ERP-API\ERP.Api\Services\FabricReceivingService.cs(206,20): error CS1061: "FabricReceiving" no contiene una definición para "Supplier" ni un método de extensión accesible "Supplier" que acepte un primer argumento del tipo "FabricReceiving" (¿falta alguna directiva using o una referencia de ensamblado?) [D:\TEXNICA\ERP-API\ERP.Api\ERP.Api.csproj]
         D:\TEXNICA\ERP-API\ERP.Api\Services\FabricReceivingService.cs(206,42): error CS1061: "FabricReceiving" no contiene una definición para "Supplier" ni un método de extensión accesible "Supplier" que acepte un primer argumento del tipo "FabricReceiving" (¿falta alguna directiva using o una referencia de ensamblado?) [D:\TEXNICA\ERP-API\ERP.Api\ERP.Api.csproj]
         D:\TEXNICA\ERP-API\ERP.Api\Services\FabricReceivingService.cs(207,42): error CS1929: 'User' no contiene una definición para 'Contains' y la mejor sobrecarga del método de extensión 'MemoryExtensions.Contains<string>(ReadOnlySpan<string>, string)' requiere un receptor del tipo 'System.ReadOnlySpan<string>' [D:\TEXNICA\ERP-API\ERP.Api\ERP.Api.csproj]
         D:\TEXNICA\ERP-API\ERP.Api\Services\FabricReceivingService.cs(235,57): error CS1061: "FabricReceiving" no contiene una definición para "Supplier" ni un método de extensión accesible "Supplier" que acepte un primer argumento del tipo "FabricReceiving" (¿falta alguna directiva using o una referencia de ensamblado?) [D:\TEXNICA\ERP-API\ERP.Api\ERP.Api.csproj]
         D:\TEXNICA\ERP-API\ERP.Api\Services\FabricReceivingService.cs(236,66): error CS1061: "FabricReceiving" no contiene una definición para "Supplier" ni un método de extensión accesible "Supplier" que acepte un primer argumento del tipo "FabricReceiving" (¿falta alguna directiva using o una referencia de ensamblado?) [D:\TEXNICA\ERP-API\ERP.Api\ERP.Api.csproj]
         D:\TEXNICA\ERP-API\ERP.Api\Services\CuttingPanelQcService.cs(64,20): error CS0029: No se puede convertir implícitamente el tipo 'string' en 'ERP.Api.Domain.Size' [D:\TEXNICA\ERP-API\ERP.Api\ERP.Api.csproj]
         D:\TEXNICA\ERP-API\ERP.Api\Services\CuttingPanelQcService.cs(75,25): error CS0029: No se puede convertir implícitamente el tipo 'string' en 'ERP.Api.Domain.User' [D:\TEXNICA\ERP-API\ERP.Api\ERP.Api.csproj]
         D:\TEXNICA\ERP-API\ERP.Api\Services\FabricReceivingService.cs(306,29): error CS1061: "FabricReceiving" no contiene una definición para "Supplier" ni un método de extensión accesible "Supplier" que acepte un primer argumento del tipo "FabricReceiving" (¿falta alguna directiva using o una referencia de ensamblado?) [D:\TEXNICA\ERP-API\ERP.Api\ERP.Api.csproj]
         D:\TEXNICA\ERP-API\ERP.Api\Services\FabricReceivingService.cs(317,26): error CS0029: No se puede convertir implícitamente el tipo 'ERP.Api.Domain.User' en 'string' [D:\TEXNICA\ERP-API\ERP.Api\ERP.Api.csproj]
         D:\TEXNICA\ERP-API\ERP.Api\Services\FabricReceivingService.cs(318,25): error CS0029: No se puede convertir implícitamente el tipo 'ERP.Api.Domain.User' en 'string' [D:\TEXNICA\ERP-API\ERP.Api\ERP.Api.csproj]
         D:\TEXNICA\ERP-API\ERP.Api\Services\CuttingReleaseService.cs(79,26): error CS0029: No se puede convertir implícitamente el tipo 'string' en 'ERP.Api.Domain.User' [D:\TEXNICA\ERP-API\ERP.Api\ERP.Api.csproj]
         D:\TEXNICA\ERP-API\ERP.Api\Services\CuttingReleaseService.cs(80,26): error CS0029: No se puede convertir implícitamente el tipo 'string' en 'ERP.Api.Domain.User' [D:\TEXNICA\ERP-API\ERP.Api\ERP.Api.csproj]
         D:\TEXNICA\ERP-API\ERP.Api\Services\CuttingPanelQcService.cs(106,23): error CS0029: No se puede convertir implícitamente el tipo 'string' en 'ERP.Api.Domain.Size' [D:\TEXNICA\ERP-API\ERP.Api\ERP.Api.csproj]
         D:\TEXNICA\ERP-API\ERP.Api\Services\CuttingPanelQcService.cs(116,28): error CS0029: No se puede convertir implícitamente el tipo 'string' en 'ERP.Api.Domain.User' [D:\TEXNICA\ERP-API\ERP.Api\ERP.Api.csproj]
         D:\TEXNICA\ERP-API\ERP.Api\Services\CuttingReleaseService.cs(119,29): error CS0029: No se puede convertir implícitamente el tipo 'string' en 'ERP.Api.Domain.User' [D:\TEXNICA\ERP-API\ERP.Api\ERP.Api.csproj]
         D:\TEXNICA\ERP-API\ERP.Api\Services\CuttingReleaseService.cs(120,29): error CS0029: No se puede convertir implícitamente el tipo 'string' en 'ERP.Api.Domain.User' [D:\TEXNICA\ERP-API\ERP.Api\ERP.Api.csproj]
         D:\TEXNICA\ERP-API\ERP.Api\Services\FabricRequirementService.cs(202,20): error CS1061: "FabricRequirement" no contiene una definición para "FabricComponent" ni un método de extensión accesible "FabricComponent" que acepte un primer argumento del tipo "FabricRequirement" (¿falta alguna directiva using o una referencia de ensamblado?) [D:\TEXNICA\ERP-API\ERP.Api\ERP.Api.csproj]
         D:\TEXNICA\ERP-API\ERP.Api\Services\FabricRequirementService.cs(202,49): error CS1061: "FabricRequirement" no contiene una definición para "FabricComponent" ni un método de extensión accesible "FabricComponent" que acepte un primer argumento del tipo "FabricRequirement" (¿falta alguna directiva using o una referencia de ensamblado?) [D:\TEXNICA\ERP-API\ERP.Api\ERP.Api.csproj]
         D:\TEXNICA\ERP-API\ERP.Api\Services\FabricRequirementService.cs(204,41): error CS1929: 'User' no contiene una definición para 'Contains' y la mejor sobrecarga del método de extensión 'MemoryExtensions.Contains<string>(ReadOnlySpan<string>, string)' requiere un receptor del tipo 'System.ReadOnlySpan<string>' [D:\TEXNICA\ERP-API\ERP.Api\ERP.Api.csproj]
         D:\TEXNICA\ERP-API\ERP.Api\Services\FabricRequirementService.cs(225,40): error CS1061: "FabricRequirement" no contiene una definición para "FabricComponent" ni un método de extensión accesible "FabricComponent" que acepte un primer argumento del tipo "FabricRequirement" (¿falta alguna directiva using o una referencia de ensamblado?) [D:\TEXNICA\ERP-API\ERP.Api\ERP.Api.csproj]
         D:\TEXNICA\ERP-API\ERP.Api\Services\FabricRequirementService.cs(225,69): error CS1061: "FabricRequirement" no contiene una definición para "FabricComponent" ni un método de extensión accesible "FabricComponent" que acepte un primer argumento del tipo "FabricRequirement" (¿falta alguna directiva using o una referencia de ensamblado?) [D:\TEXNICA\ERP-API\ERP.Api\ERP.Api.csproj]
         D:\TEXNICA\ERP-API\ERP.Api\Services\FabricRequirementService.cs(252,64): error CS1061: "FabricRequirement" no contiene una definición para "FabricComponent" ni un método de extensión accesible "FabricComponent" que acepte un primer argumento del tipo "FabricRequirement" (¿falta alguna directiva using o una referencia de ensamblado?) [D:\TEXNICA\ERP-API\ERP.Api\ERP.Api.csproj]
         D:\TEXNICA\ERP-API\ERP.Api\Services\FabricRequirementService.cs(253,73): error CS1061: "FabricRequirement" no contiene una definición para "FabricComponent" ni un método de extensión accesible "FabricComponent" que acepte un primer argumento del tipo "FabricRequirement" (¿falta alguna directiva using o una referencia de ensamblado?) [D:\TEXNICA\ERP-API\ERP.Api\ERP.Api.csproj]
         D:\TEXNICA\ERP-API\ERP.Api\Services\FabricInventoryService.cs(160,20): error CS1061: "FabricInventory" no contiene una definición para "FabricComponent" ni un método de extensión accesible "FabricComponent" que acepte un primer argumento del tipo "FabricInventory" (¿falta alguna directiva using o una referencia de ensamblado?) [D:\TEXNICA\ERP-API\ERP.Api\ERP.Api.csproj]
         D:\TEXNICA\ERP-API\ERP.Api\Services\FabricInventoryService.cs(160,49): error CS1061: "FabricInventory" no contiene una definición para "FabricComponent" ni un método de extensión accesible "FabricComponent" que acepte un primer argumento del tipo "FabricInventory" (¿falta alguna directiva using o una referencia de ensamblado?) [D:\TEXNICA\ERP-API\ERP.Api\ERP.Api.csproj]
         D:\TEXNICA\ERP-API\ERP.Api\Services\FabricRequirementService.cs(324,36): error CS1061: "FabricRequirement" no contiene una definición para "FabricComponent" ni un método de extensión accesible "FabricComponent" que acepte un primer argumento del tipo "FabricRequirement" (¿falta alguna directiva using o una referencia de ensamblado?) [D:\TEXNICA\ERP-API\ERP.Api\ERP.Api.csproj]
         D:\TEXNICA\ERP-API\ERP.Api\Services\FabricRequirementService.cs(339,25): error CS0029: No se puede convertir implícitamente el tipo 'ERP.Api.Domain.User' en 'string' [D:\TEXNICA\ERP-API\ERP.Api\ERP.Api.csproj]
         D:\TEXNICA\ERP-API\ERP.Api\Services\CuttingControlService.cs(64,20): error CS0029: No se puede convertir implícitamente el tipo 'string' en 'ERP.Api.Domain.Size' [D:\TEXNICA\ERP-API\ERP.Api\ERP.Api.csproj]
         D:\TEXNICA\ERP-API\ERP.Api\Services\CuttingControlService.cs(74,33): error CS0029: No se puede convertir implícitamente el tipo 'string' en 'ERP.Api.Domain.User' [D:\TEXNICA\ERP-API\ERP.Api\ERP.Api.csproj]
         D:\TEXNICA\ERP-API\ERP.Api\Services\CuttingControlService.cs(104,23): error CS0029: No se puede convertir implícitamente el tipo 'string' en 'ERP.Api.Domain.Size' [D:\TEXNICA\ERP-API\ERP.Api\ERP.Api.csproj]
         D:\TEXNICA\ERP-API\ERP.Api\Services\CuttingControlService.cs(114,36): error CS0029: No se puede convertir implícitamente el tipo 'string' en 'ERP.Api.Domain.User' [D:\TEXNICA\ERP-API\ERP.Api\ERP.Api.csproj]
         D:\TEXNICA\ERP-API\ERP.Api\Services\FabricInventoryService.cs(234,27): error CS1061: "Fgpo" no contiene una definición para "Style" ni un método de extensión accesible "Style" que acepte un primer argumento del tipo "Fgpo" (¿falta alguna directiva using o una referencia de ensamblado?) [D:\TEXNICA\ERP-API\ERP.Api\ERP.Api.csproj]
         D:\TEXNICA\ERP-API\ERP.Api\Services\FabricInventoryService.cs(235,27): error CS1061: "Fgpo" no contiene una definición para "Color" ni un método de extensión accesible "Color" que acepte un primer argumento del tipo "Fgpo" (¿falta alguna directiva using o una referencia de ensamblado?) [D:\TEXNICA\ERP-API\ERP.Api\ERP.Api.csproj]
         D:\TEXNICA\ERP-API\ERP.Api\Services\FabricInventoryService.cs(236,32): error CS1061: "FabricInventory" no contiene una definición para "FabricComponent" ni un método de extensión accesible "FabricComponent" que acepte un primer argumento del tipo "FabricInventory" (¿falta alguna directiva using o una referencia de ensamblado?) [D:\TEXNICA\ERP-API\ERP.Api\ERP.Api.csproj]
         D:\TEXNICA\ERP-API\ERP.Api\Services\FabricInventoryService.cs(239,20): error CS1061: "FabricInventory" no contiene una definición para "UOM" ni un método de extensión accesible "UOM" que acepte un primer argumento del tipo "FabricInventory" (¿falta alguna directiva using o una referencia de ensamblado?) [D:\TEXNICA\ERP-API\ERP.Api\ERP.Api.csproj]
         D:\TEXNICA\ERP-API\ERP.Api\Services\FabricInventoryService.cs(251,21): error CS0029: No se puede convertir implícitamente el tipo 'ERP.Api.Domain.User' en 'string' [D:\TEXNICA\ERP-API\ERP.Api\ERP.Api.csproj]
         D:\TEXNICA\ERP-API\ERP.Api\Services\FabricPOService.cs(248,40): error CS1929: 'Supplier' no contiene una definición para 'Contains' y la mejor sobrecarga del método de extensión 'MemoryExtensions.Contains<string>(ReadOnlySpan<string>, string)' requiere un receptor del tipo 'System.ReadOnlySpan<string>' [D:\TEXNICA\ERP-API\ERP.Api\ERP.Api.csproj]
         D:\TEXNICA\ERP-API\ERP.Api\Services\FabricPOService.cs(250,20): error CS1061: "FabricPO" no contiene una definición para "FabricComponent" ni un método de extensión accesible "FabricComponent" que acepte un primer argumento del tipo "FabricPO" (¿falta alguna directiva using o una referencia de ensamblado?) [D:\TEXNICA\ERP-API\ERP.Api\ERP.Api.csproj]
         D:\TEXNICA\ERP-API\ERP.Api\Services\FabricPOService.cs(250,49): error CS1061: "FabricPO" no contiene una definición para "FabricComponent" ni un método de extensión accesible "FabricComponent" que acepte un primer argumento del tipo "FabricPO" (¿falta alguna directiva using o una referencia de ensamblado?) [D:\TEXNICA\ERP-API\ERP.Api\ERP.Api.csproj]
         D:\TEXNICA\ERP-API\ERP.Api\Services\FabricPOService.cs(251,45): error CS1929: 'User' no contiene una definición para 'Contains' y la mejor sobrecarga del método de extensión 'MemoryExtensions.Contains<string>(ReadOnlySpan<string>, string)' requiere un receptor del tipo 'System.ReadOnlySpan<string>' [D:\TEXNICA\ERP-API\ERP.Api\ERP.Api.csproj]
         D:\TEXNICA\ERP-API\ERP.Api\Services\FabricPOService.cs(265,60): error CS1929: 'Supplier' no contiene una definición para 'Contains' y la mejor sobrecarga del método de extensión 'MemoryExtensions.Contains<string>(ReadOnlySpan<string>, string)' requiere un receptor del tipo 'System.ReadOnlySpan<string>' [D:\TEXNICA\ERP-API\ERP.Api\ERP.Api.csproj]
         D:\TEXNICA\ERP-API\ERP.Api\Services\FabricPOService.cs(275,40): error CS1061: "FabricPO" no contiene una definición para "FabricComponent" ni un método de extensión accesible "FabricComponent" que acepte un primer argumento del tipo "FabricPO" (¿falta alguna directiva using o una referencia de ensamblado?) [D:\TEXNICA\ERP-API\ERP.Api\ERP.Api.csproj]
         D:\TEXNICA\ERP-API\ERP.Api\Services\FabricPOService.cs(275,69): error CS1061: "FabricPO" no contiene una definición para "FabricComponent" ni un método de extensión accesible "FabricComponent" que acepte un primer argumento del tipo "FabricPO" (¿falta alguna directiva using o una referencia de ensamblado?) [D:\TEXNICA\ERP-API\ERP.Api\ERP.Api.csproj]
         D:\TEXNICA\ERP-API\ERP.Api\Services\FabricPOService.cs(300,64): error CS1061: "FabricPO" no contiene una definición para "FabricComponent" ni un método de extensión accesible "FabricComponent" que acepte un primer argumento del tipo "FabricPO" (¿falta alguna directiva using o una referencia de ensamblado?) [D:\TEXNICA\ERP-API\ERP.Api\ERP.Api.csproj]
         D:\TEXNICA\ERP-API\ERP.Api\Services\FabricPOService.cs(301,73): error CS1061: "FabricPO" no contiene una definición para "FabricComponent" ni un método de extensión accesible "FabricComponent" que acepte un primer argumento del tipo "FabricPO" (¿falta alguna directiva using o una referencia de ensamblado?) [D:\TEXNICA\ERP-API\ERP.Api\ERP.Api.csproj]
         D:\TEXNICA\ERP-API\ERP.Api\Services\CuttingReleaseService.cs(250,31): error CS1061: "Fgpo" no contiene una definición para "Style" ni un método de extensión accesible "Style" que acepte un primer argumento del tipo "Fgpo" (¿falta alguna directiva using o una referencia de ensamblado?) [D:\TEXNICA\ERP-API\ERP.Api\ERP.Api.csproj]
         D:\TEXNICA\ERP-API\ERP.Api\Services\CuttingReleaseService.cs(251,31): error CS1061: "Fgpo" no contiene una definición para "Color" ni un método de extensión accesible "Color" que acepte un primer argumento del tipo "Fgpo" (¿falta alguna directiva using o una referencia de ensamblado?) [D:\TEXNICA\ERP-API\ERP.Api\ERP.Api.csproj]
         D:\TEXNICA\ERP-API\ERP.Api\Services\CuttingReleaseService.cs(258,26): error CS0029: No se puede convertir implícitamente el tipo 'ERP.Api.Domain.User' en 'string' [D:\TEXNICA\ERP-API\ERP.Api\ERP.Api.csproj]
         D:\TEXNICA\ERP-API\ERP.Api\Services\CuttingReleaseService.cs(259,26): error CS0029: No se puede convertir implícitamente el tipo 'ERP.Api.Domain.User' en 'string' [D:\TEXNICA\ERP-API\ERP.Api\ERP.Api.csproj]
         D:\TEXNICA\ERP-API\ERP.Api\Services\CuttingPanelQcService.cs(237,31): error CS1061: "Fgpo" no contiene una definición para "Style" ni un método de extensión accesible "Style" que acepte un primer argumento del tipo "Fgpo" (¿falta alguna directiva using o una referencia de ensamblado?) [D:\TEXNICA\ERP-API\ERP.Api\ERP.Api.csproj]
         D:\TEXNICA\ERP-API\ERP.Api\Services\CuttingPanelQcService.cs(238,31): error CS1061: "Fgpo" no contiene una definición para "Color" ni un método de extensión accesible "Color" que acepte un primer argumento del tipo "Fgpo" (¿falta alguna directiva using o una referencia de ensamblado?) [D:\TEXNICA\ERP-API\ERP.Api\ERP.Api.csproj]
         D:\TEXNICA\ERP-API\ERP.Api\Services\CuttingPanelQcService.cs(239,20): error CS0029: No se puede convertir implícitamente el tipo 'ERP.Api.Domain.Size' en 'string' [D:\TEXNICA\ERP-API\ERP.Api\ERP.Api.csproj]
         D:\TEXNICA\ERP-API\ERP.Api\Services\CuttingPanelQcService.cs(253,25): error CS0029: No se puede convertir implícitamente el tipo 'ERP.Api.Domain.User' en 'string' [D:\TEXNICA\ERP-API\ERP.Api\ERP.Api.csproj]
         D:\TEXNICA\ERP-API\ERP.Api\Services\CuttingControlService.cs(156,36): error CS1929: 'Size' no contiene una definición para 'Contains' y la mejor sobrecarga del método de extensión 'MemoryExtensions.Contains<string>(ReadOnlySpan<string>, string)' requiere un receptor del tipo 'System.ReadOnlySpan<string>' [D:\TEXNICA\ERP-API\ERP.Api\ERP.Api.csproj]
         D:\TEXNICA\ERP-API\ERP.Api\Services\CuttingControlService.cs(158,49): error CS1929: 'User' no contiene una definición para 'Contains' y la mejor sobrecarga del método de extensión 'MemoryExtensions.Contains<string>(ReadOnlySpan<string>, string)' requiere un receptor del tipo 'System.ReadOnlySpan<string>' [D:\TEXNICA\ERP-API\ERP.Api\ERP.Api.csproj]
         D:\TEXNICA\ERP-API\ERP.Api\Services\FabricPOService.cs(419,24): error CS0029: No se puede convertir implícitamente el tipo 'ERP.Api.Domain.Supplier' en 'string' [D:\TEXNICA\ERP-API\ERP.Api\ERP.Api.csproj]
         D:\TEXNICA\ERP-API\ERP.Api\Services\FabricPOService.cs(421,36): error CS1061: "FabricPO" no contiene una definición para "FabricComponent" ni un método de extensión accesible "FabricComponent" que acepte un primer argumento del tipo "FabricPO" (¿falta alguna directiva using o una referencia de ensamblado?) [D:\TEXNICA\ERP-API\ERP.Api\ERP.Api.csproj]
         D:\TEXNICA\ERP-API\ERP.Api\Services\FabricPOService.cs(431,29): error CS0029: No se puede convertir implícitamente el tipo 'ERP.Api.Domain.User' en 'string' [D:\TEXNICA\ERP-API\ERP.Api\ERP.Api.csproj]
         D:\TEXNICA\ERP-API\ERP.Api\Services\FabricPOService.cs(432,26): error CS0029: No se puede convertir implícitamente el tipo 'ERP.Api.Domain.User' en 'string' [D:\TEXNICA\ERP-API\ERP.Api\ERP.Api.csproj]
         D:\TEXNICA\ERP-API\ERP.Api\Services\CuttingControlService.cs(229,31): error CS1061: "Fgpo" no contiene una definición para "Style" ni un método de extensión accesible "Style" que acepte un primer argumento del tipo "Fgpo" (¿falta alguna directiva using o una referencia de ensamblado?) [D:\TEXNICA\ERP-API\ERP.Api\ERP.Api.csproj]
         D:\TEXNICA\ERP-API\ERP.Api\Services\CuttingControlService.cs(230,31): error CS1061: "Fgpo" no contiene una definición para "Color" ni un método de extensión accesible "Color" que acepte un primer argumento del tipo "Fgpo" (¿falta alguna directiva using o una referencia de ensamblado?) [D:\TEXNICA\ERP-API\ERP.Api\ERP.Api.csproj]
         D:\TEXNICA\ERP-API\ERP.Api\Services\CuttingControlService.cs(231,20): error CS0029: No se puede convertir implícitamente el tipo 'ERP.Api.Domain.Size' en 'string' [D:\TEXNICA\ERP-API\ERP.Api\ERP.Api.csproj]
         D:\TEXNICA\ERP-API\ERP.Api\Services\CuttingControlService.cs(245,33): error CS0029: No se puede convertir implícitamente el tipo 'ERP.Api.Domain.User' en 'string' [D:\TEXNICA\ERP-API\ERP.Api\ERP.Api.csproj]

    0 Advertencia(s)
    238 Errores

Tiempo transcurrido 00:00:12.95
